Set,Overall,Age,Height,Weight,International Reputation,Weak Foot,Skill Moves,Value,Wage
0,87,27,189,82,4,4,3,91000,115000
0,86,27,179,69,3,3,4,78500,190000
0,85,30,172,69,2,3,3,46500,46000
0,91,31,181,70,4,5,4,107500,350000
0,86,25,172,68,3,3,3,89500,110000
0,89,27,177,75,4,4,3,105500,130000
0,86,30,180,78,4,4,3,55500,220000
0,83,32,183,80,3,4,4,28500,61000
0,82,28,186,86,3,4,3,30500,63000
0,88,28,182,74,3,4,4,82500,250000
0,84,26,186,77,2,4,3,55000,95000
0,88,36,172,66,4,4,4,29000,230000
0,86,27,191,76,3,5,4,77500,90000
0,83,26,189,83,1,3,3,47000,49000
0,84,27,184,74,3,4,3,48000,81000
0,84,28,180,70,1,3,4,42000,85000
0,84,33,186,80,3,5,4,26500,130000
0,87,25,180,74,3,3,4,116500,230000
0,83,31,176,73,4,3,4,30500,185000
0,83,34,179,72,3,3,5,13500,120000
0,85,29,184,84,3,2,3,53000,56000
0,87,23,180,69,3,4,3,100500,150000
0,84,35,182,86,4,4,3,18000,1000
0,84,23,181,73,2,4,4,53500,90000
0,86,29,181,68,3,4,3,58000,110000
0,90,30,175,71,4,3,4,115500,270000
0,84,22,181,79,1,4,3,62500,75000
0,86,31,174,70,3,3,5,55500,180000
0,84,22,178,87,2,3,3,57000,120000
0,85,33,170,68,3,3,3,28000,190000
0,83,26,171,63,3,3,4,47000,74000
0,80,24,176,70,3,4,4,33000,72000
0,84,31,176,65,2,3,4,35000,42000
0,82,24,175,70,2,3,4,40000,63000
0,80,29,181,71,3,2,3,18500,110000
0,82,29,181,79,3,4,4,30500,73000
0,80,23,183,84,2,3,3,31500,90000
0,89,30,185,84,3,3,2,86000,300000
0,83,25,171,69,2,3,4,42000,64000
0,84,25,183,88,3,4,3,47500,165000
0,82,28,178,74,2,2,3,27500,100000
0,91,33,185,81,5,4,4,84000,420000
0,81,34,180,75,4,4,3,12000,105000
0,78,25,167,65,1,4,4,16500,19000
0,86,24,175,73,3,3,5,94000,90000
0,85,32,183,83,3,2,3,37500,170000
0,85,24,184,81,3,3,3,76000,82000
0,85,31,180,80,3,4,4,44000,185000
0,81,28,178,68,2,3,3,26000,66000
0,82,27,183,76,3,3,3,29500,59000
0,80,31,175,74,3,4,3,17500,83000
0,81,27,181,81,3,3,3,27500,75000
0,89,28,188,89,4,5,3,105500,240000
0,83,30,176,77,3,4,3,34500,74000
0,78,30,182,75,1,3,3,12000,51000
0,83,32,182,80,3,3,3,28500,135000
0,91,35,169,67,5,4,4,54000,195000
0,87,29,165,60,3,4,4,77500,155000
0,81,31,183,77,1,4,3,21000,19000
0,84,23,182,78,1,4,3,66000,175000
0,89,30,174,69,4,4,4,99500,145000
0,81,27,188,84,2,3,4,27500,39000
0,82,24,180,72,2,4,5,46000,70000
0,82,28,180,71,1,3,3,30500,30000
0,84,25,176,72,2,5,4,52500,115000
0,80,29,169,62,3,3,4,20500,120000
0,88,27,173,64,2,3,4,97500,260000
0,82,26,172,67,3,2,3,36500,19000
0,83,25,180,76,2,4,3,53000,51000
0,85,25,178,73,2,5,4,76000,170000
0,84,19,186,75,2,4,4,81500,41000
0,82,29,188,80,2,3,3,29500,71000
0,84,31,173,71,2,4,3,30500,120000
0,84,31,180,74,3,4,3,19500,130000
0,81,30,182,79,2,4,2,21500,33000
0,91,23,182,73,4,4,5,190500,230000
0,81,22,185,77,1,3,3,52500,55000
0,82,32,181,80,2,3,3,21000,35000
0,81,29,173,66,3,5,5,25500,40000
0,76,25,175,70,1,4,4,10500,24000
0,80,28,178,76,3,4,3,21000,67000
0,84,28,178,76,3,4,4,42000,100000
0,83,25,180,80,2,4,3,47500,105000
0,79,34,180,79,1,4,3,8000,25000
0,81,28,183,71,2,4,4,25500,65000
0,82,28,170,71,3,2,4,27500,57000
0,84,21,185,77,3,4,4,60500,59000
0,79,33,181,74,2,3,3,11000,55000
0,80,24,183,77,2,2,3,30000,49000
0,79,29,177,67,2,3,3,15000,42000
0,85,29,191,84,4,4,5,52500,165000
0,83,36,172,60,2,2,4,8000,28000
0,83,28,175,70,3,4,3,33000,105000
0,87,28,188,78,3,2,3,77000,185000
0,80,27,184,75,3,4,3,24000,58000
0,86,24,174,72,3,4,4,98500,110000
0,86,33,182,74,2,4,3,42000,64000
0,81,26,177,68,1,3,4,31500,100000
0,83,30,181,76,3,4,5,35500,150000
0,80,29,185,78,2,3,3,18500,58000
0,90,37,187,83,5,4,5,41000,220000
0,83,27,180,73,1,5,4,38000,170000
0,89,30,175,68,5,5,5,99500,200000
0,81,32,185,82,4,3,4,20500,14000
0,81,27,187,83,2,4,3,26500,57000
0,83,25,180,72,2,3,3,38500,64000
0,85,33,180,71,4,4,4,33500,78000
0,80,28,184,74,2,2,3,20500,51000
0,89,31,168,70,4,3,2,72000,220000
0,87,28,178,64,3,2,3,72000,185000
0,79,31,173,67,3,4,3,12500,60000
0,81,36,183,83,3,3,3,1400,10000
0,85,28,185,73,3,4,4,54500,90000
0,82,28,190,80,2,4,4,31000,64000
0,81,31,173,70,2,4,4,18500,140000
0,81,30,179,70,3,3,4,25000,28000
0,80,24,173,68,1,3,4,29500,46000
0,78,30,180,71,1,4,3,12000,27000
0,81,30,172,69,2,5,4,25000,33000
0,79,29,170,63,2,4,4,17000,26000
0,80,28,180,75,2,4,4,18500,79000
0,81,27,173,66,2,3,3,29500,69000
0,77,34,170,69,1,5,3,3900,17000
0,76,34,177,89,3,3,3,3500,22000
0,91,34,185,81,4,4,4,64000,450000
0,88,32,183,76,4,5,3,72000,310000
0,88,32,170,66,4,3,3,29500,200000
0,81,34,176,78,3,4,4,12000,47000
0,81,22,173,69,1,3,3,38500,15000
0,81,27,190,86,1,3,4,30000,41000
0,84,29,185,77,2,3,3,36000,115000
0,82,22,187,81,2,3,3,61500,145000
0,84,34,180,69,4,2,5,20000,160000
0,85,32,182,74,3,3,3,21500,80000
0,84,28,176,80,3,4,4,42000,155000
1,89,29,183,78,4,5,4,101000,240000
0,87,32,185,76,4,4,3,63000,115000
0,83,27,171,70,2,4,4,42500,80000
0,79,31,188,85,2,3,3,12500,95000
0,84,36,184,82,4,3,3,7500,75000
0,81,32,178,72,3,4,3,20000,145000
0,80,25,172,65,3,4,4,26500,84000
0,78,32,181,75,2,3,4,11000,52000
0,77,33,184,77,3,3,2,2900,70000
0,82,28,183,83,2,3,3,27500,66000
0,81,25,182,80,1,3,4,34500,88000
0,80,34,183,73,3,5,4,9500,45000
0,79,33,174,75,4,4,5,9000,125000
0,80,33,180,85,4,3,4,13000,20000
0,80,35,184,83,2,3,3,9000,28000
0,87,26,191,82,3,4,3,88500,200000
0,76,22,188,78,1,4,3,17000,45000
0,79,25,175,64,2,3,3,21500,73000
0,78,21,180,77,1,4,3,31500,12000
0,81,30,172,68,1,4,2,22000,23000
0,81,23,172,66,1,3,3,34500,90000
0,80,32,171,67,2,4,4,16500,14000
0,82,34,184,78,3,4,3,14000,39000
0,76,27,175,70,2,4,3,8000,19000
0,78,25,179,69,2,4,3,18500,63000
0,83,25,176,68,2,4,4,48000,180000
0,80,25,171,73,2,3,4,26500,100000
0,82,35,168,65,3,5,4,0.0,0
0,85,30,180,68,2,3,3,51500,165000
0,79,27,178,68,2,2,3,20000,83000
0,80,23,185,68,1,3,4,33000,41000
0,79,30,181,78,1,4,3,17000,70000
0,80,27,192,80,2,3,3,24000,105000
0,79,29,179,70,2,3,3,17000,21000
0,85,28,173,75,3,4,4,54500,48000
0,83,28,180,75,3,5,4,36500,78000
0,81,33,177,75,3,5,4,16000,74000
0,79,19,182,68,3,3,4,38000,78000
0,83,26,189,70,2,3,4,44500,75000
0,78,36,175,70,2,4,3,4400,69000
0,79,32,182,71,3,4,3,14000,78000
0,80,32,185,78,3,4,3,16500,12000
0,78,22,173,71,1,4,4,32000,100000
0,80,24,176,75,2,4,3,30000,46000
0,78,27,172,70,2,4,3,16000,40000
0,88,21,195,94,4,3,3,148000,220000
0,82,24,185,75,2,4,3,40000,37000
0,81,24,178,77,2,3,3,35000,95000
0,80,25,184,76,2,4,3,26500,34000
0,80,31,179,69,3,3,4,10000,30000
0,84,23,180,74,3,4,3,57500,130000
0,80,31,176,74,2,4,3,17500,39000
0,80,30,184,78,2,4,3,18000,95000
0,79,25,184,74,3,3,3,25500,105000
0,85,35,179,74,3,4,3,23000,110000
0,81,27,185,74,2,4,4,27500,43000
0,75,25,189,84,1,4,3,8000,1000
0,90,30,193,92,4,3,2,98000,230000
0,78,25,184,76,2,3,3,19500,38000
0,76,31,173,72,1,3,4,6000,17000
0,81,33,181,74,3,3,2,10500,60000
0,82,27,171,67,1,3,4,32500,21000
0,82,29,179,85,2,4,3,30500,76000
0,81,27,188,82,2,4,4,27500,60000
0,83,40,182,82,1,3,3,0.0,45000
0,80,26,175,73,1,4,3,23000,33000
0,77,23,181,71,1,3,3,15000,42000
0,81,26,166,60,2,3,3,28500,73000
0,81,26,184,78,1,3,3,28500,58000
0,80,27,184,80,2,3,3,22000,63000
0,80,31,185,76,3,3,3,15000,51000
0,77,29,178,74,1,4,4,9000,50000
0,81,35,170,61,3,4,3,10500,70000
0,79,33,185,85,3,2,4,11000,21000
0,81,24,182,74,2,2,3,38500,88000
0,84,22,181,70,2,4,5,68500,78000
0,82,33,192,83,3,4,4,19500,51000
0,81,25,181,71,3,5,4,34500,105000
0,84,23,178,68,3,2,5,63500,105000
0,85,19,174,61,2,4,4,116000,115000
0,79,29,184,76,2,3,3,17000,49000
0,85,30,180,77,2,4,3,53000,64000
0,83,26,187,84,2,4,3,40500,110000
0,77,30,175,75,2,3,3,9000,25000
0,81,36,179,67,3,4,3,5000,86000
0,76,32,180,80,1,3,3,5000,16000
0,86,28,177,75,3,3,4,69500,130000
0,79,25,187,73,2,4,4,24500,85000
0,84,33,181,76,3,3,4,26500,32000
0,78,29,180,73,1,4,2,12000,1000
0,82,25,180,77,2,3,3,37000,110000
0,74,32,183,80,3,4,3,3200,15000
0,82,29,186,75,3,4,4,27000,77000
0,73,32,178,70,1,3,3,2000,11000
0,84,30,173,73,3,3,3,36500,185000
0,82,24,183,62,2,3,3,40500,59000
0,79,31,177,72,3,4,3,14500,17000
0,77,28,175,70,2,4,4,10500,90000
0,75,28,187,83,1,5,3,5500,14000
0,86,34,170,67,4,3,3,15500,160000
0,78,30,167,66,1,4,3,13500,33000
0,75,28,172,66,1,4,3,5500,1000
0,79,23,183,76,1,3,3,35000,15000
0,78,31,182,77,2,4,4,11500,20000
0,75,27,173,75,1,4,3,6000,9000
0,79,32,178,82,2,3,4,14000,79000
0,84,31,170,68,2,5,4,35500,88000
0,86,27,170,69,4,3,4,72500,195000
0,83,27,180,79,1,4,4,42500,35000
0,77,27,176,70,1,4,4,10000,43000
0,79,20,190,79,1,4,4,38500,45000
0,75,34,182,80,2,4,3,2600,26000
0,82,20,178,65,2,3,3,60500,76000
0,78,22,186,73,1,5,3,15000,24000
0,80,31,180,80,3,3,3,15500,95000
0,79,33,181,80,3,4,4,11000,34000
0,81,26,178,72,2,3,3,32000,120000
0,76,24,185,77,1,3,3,12000,40000
0,80,33,171,68,3,4,3,10500,53000
0,79,22,188,88,1,3,2,18500,17000
0,76,24,184,76,1,3,3,12000,49000
0,83,30,177,75,1,4,4,35000,59000
0,76,26,177,70,1,4,4,10000,51000
0,81,25,178,70,2,3,3,33000,82000
0,78,30,191,90,2,4,3,12000,41000
0,74,29,182,77,2,3,3,3500,33000
0,80,29,179,68,1,3,3,18500,29000
0,75,24,182,75,1,3,4,8500,1000
0,77,26,168,68,1,4,3,12500,22000
0,80,29,178,69,1,3,3,18500,45000
0,79,32,185,83,2,3,3,11500,25000
0,78,24,175,75,2,2,3,20000,47000
0,80,25,193,88,2,3,3,25000,100000
0,81,29,176,73,2,4,3,25500,40000
0,77,35,169,67,3,2,3,3000,16000
0,75,34,186,84,2,4,3,2600,5000
0,79,35,184,75,2,4,3,4900,40000
0,78,29,174,71,2,4,4,13500,74000
0,81,22,190,75,2,3,4,53000,71000
0,82,32,174,66,2,3,3,20500,88000
0,76,27,180,73,2,4,4,8500,66000
0,81,22,186,75,2,3,4,41500,105000
0,78,24,167,58,1,3,4,19000,30000
0,77,38,172,70,4,3,4,2300,71000
0,79,28,185,77,2,3,4,17500,12000
0,80,33,190,80,2,3,3,13000,39000
0,82,27,172,66,3,3,4,32000,44000
0,80,29,174,70,3,4,4,20500,105000
0,82,25,175,73,1,4,4,38000,100000
0,76,28,182,76,1,3,3,7500,26000
0,78,26,179,71,2,3,3,15000,12000
0,80,34,180,70,2,4,4,10000,39000
0,79,21,175,68,2,5,3,35500,11000
0,85,28,176,78,4,3,5,55000,230000
0,74,30,172,63,1,2,3,3600,45000
0,81,24,173,77,1,4,4,39000,19000
0,76,24,173,68,1,2,3,11000,38000
0,74,27,179,80,1,3,3,4800,17000
0,84,29,170,66,2,3,4,41500,49000
0,77,28,180,78,1,3,3,10500,29000
0,84,25,183,74,1,4,3,47500,105000
0,79,31,180,74,2,3,3,12500,35000
0,77,25,184,74,2,4,3,14000,12000
0,77,25,184,75,2,3,4,14500,30000
0,81,27,172,64,2,4,4,29500,115000
0,77,34,175,68,1,3,3,3900,23000
0,81,24,191,77,2,4,3,35500,20000
0,78,36,178,77,2,4,3,2800,13000
0,84,26,183,80,3,2,4,49500,90000
0,78,23,180,69,2,3,4,22000,52000
0,78,30,173,66,1,3,4,12000,27000
0,77,28,184,74,1,3,3,10500,58000
0,79,26,180,69,3,4,4,20500,55000
0,74,25,169,61,1,3,3,6000,20000
0,80,28,185,78,1,4,4,21000,78000
0,77,29,179,69,2,4,3,10500,1000
0,78,29,179,70,1,3,4,13500,16000
0,74,26,170,79,1,2,3,4900,39000
0,79,27,175,67,1,3,3,19000,30000
0,79,27,185,74,2,3,3,18000,31000
0,75,28,176,73,1,5,3,5500,17000
0,78,26,184,73,1,2,3,16000,31000
0,85,22,171,69,3,3,4,109500,180000
0,88,28,183,75,3,3,3,92000,170000
0,80,26,181,75,2,2,3,22500,105000
0,78,30,177,79,2,4,4,13500,56000
0,80,26,178,68,2,4,4,26000,52000
0,79,28,174,74,2,3,3,16000,35000
0,80,31,175,74,2,3,4,15000,46000
0,74,24,175,64,2,3,4,6500,29000
0,81,27,170,64,2,4,3,29500,64000
0,79,29,180,73,1,3,3,15500,30000
0,76,27,180,70,2,4,3,7500,38000
0,83,29,181,65,3,2,5,35500,155000
0,77,34,173,68,1,3,3,3900,26000
0,83,25,175,73,2,3,4,48500,115000
0,72,27,173,71,1,4,3,2700,24000
0,78,22,176,75,1,3,4,15000,16000
0,79,30,181,79,2,3,4,17000,34000
0,78,34,180,88,2,2,3,5000,13000
0,81,27,192,86,1,3,3,28000,75000
0,82,30,172,68,4,4,5,29500,100000
0,77,24,178,76,1,3,3,14500,23000
0,84,23,185,80,1,3,2,52000,83000
0,81,27,173,63,1,3,3,30000,23000
0,75,29,171,70,1,3,3,5500,1000
0,74,36,172,72,2,3,4,1400,12000
0,72,33,181,72,2,2,3,1200,16000
0,74,25,177,70,1,4,4,5500,13000
0,84,24,175,70,3,4,4,66500,140000
0,82,31,188,81,3,4,3,25500,110000
0,79,24,175,70,2,3,4,26500,57000
0,84,24,178,84,1,4,5,85500,78000
0,80,29,175,76,1,3,3,18500,73000
0,81,29,172,65,3,2,3,22500,72000
0,81,24,186,70,3,3,5,37000,120000
0,72,24,177,71,1,5,3,3500,11000
0,79,26,185,80,1,4,3,19500,26000
0,74,36,175,65,2,3,4,1400,43000
0,77,28,177,77,2,3,3,9500,18000
0,75,25,170,70,1,3,3,7500,39000
0,81,30,176,72,4,4,4,25000,38000
0,81,32,172,63,2,4,4,20500,48000
0,77,24,187,70,1,4,3,15000,31000
0,77,21,192,81,1,3,3,21500,30000
0,80,32,180,72,3,3,3,13500,20000
0,79,24,180,70,2,2,4,25000,28000
0,79,29,185,85,2,4,3,15500,51000
0,79,26,178,67,2,3,4,21500,72000
1,76,31,175,68,1,3,3,6000,49000
0,85,34,176,67,2,4,3,26000,50000
0,79,30,187,73,2,2,3,14500,29000
0,75,29,170,65,1,3,3,5500,16000
0,76,27,189,88,2,4,2,8500,66000
0,76,29,184,78,1,4,3,6500,24000
0,81,22,178,69,1,4,4,27500,37000
0,77,28,177,72,2,4,3,10500,28000
0,82,26,185,84,3,3,4,38000,73000
0,78,21,192,79,1,4,4,32000,49000
0,75,31,172,67,2,4,3,4600,28000
0,80,24,179,75,1,3,4,31500,47000
0,76,24,179,76,1,4,4,11500,24000
0,76,30,183,75,1,4,3,7000,49000
0,87,33,173,70,4,4,4,51000,260000
0,79,28,181,77,1,3,4,17500,56000
0,73,31,175,69,1,4,3,2500,16000
0,78,26,174,70,1,3,3,17000,33000
0,78,30,187,82,1,3,3,13500,29000
0,80,32,178,69,1,4,4,0.0,0
0,76,32,178,68,1,4,4,6000,1000
0,82,30,182,75,3,3,4,29500,25000
0,80,20,176,70,1,4,3,44000,54000
0,79,28,187,77,3,5,4,17500,88000
0,75,26,170,69,1,3,3,7500,19000
0,84,27,183,72,2,3,4,45000,57000
0,82,23,186,80,1,3,3,61500,120000
0,86,31,179,67,3,4,5,56500,220000
0,82,32,178,77,3,3,2,20000,115000
0,80,29,175,71,2,4,4,20500,54000
0,79,30,182,75,2,3,3,15000,48000
0,82,26,188,80,3,3,2,34500,73000
0,78,23,177,67,2,4,3,19500,39000
0,75,26,173,70,1,3,3,6500,15000
0,79,30,184,73,1,4,4,17000,77000
0,86,32,185,85,4,4,3,55000,100000
0,74,27,178,71,1,4,3,4500,42000
0,78,27,187,85,2,4,3,15000,28000
0,80,30,181,80,2,3,4,20000,56000
0,74,21,171,68,1,3,4,9000,13000
0,85,26,176,77,4,4,4,59000,100000
0,74,23,184,88,1,4,2,9500,18000
0,77,37,167,67,1,4,4,3600,13000
0,78,30,170,65,1,3,4,12000,28000
0,81,33,189,90,3,4,2,13000,52000
0,80,24,174,78,2,3,3,27500,46000
0,78,31,170,67,2,3,3,10000,47000
0,83,23,189,76,2,4,4,52000,29000
0,75,28,184,85,2,4,3,5500,38000
0,75,24,186,76,1,3,3,8000,18000
0,81,24,180,75,1,2,3,34500,49000
0,74,24,183,76,1,3,3,6000,9000
0,84,25,181,79,2,3,3,53000,57000
0,78,24,175,72,2,2,3,20000,43000
0,75,24,193,81,1,4,3,8500,26000
0,74,31,183,77,1,3,3,3500,1000
0,79,24,180,76,1,3,3,23000,38000
0,79,31,186,77,3,4,3,14500,83000
0,81,28,186,80,2,2,4,26500,40000
0,76,29,178,72,1,2,3,7500,51000
0,76,34,176,83,4,3,3,3500,29000
0,75,35,179,77,2,2,3,2300,1000
0,77,21,176,71,1,4,3,21500,20000
0,80,30,178,68,3,3,3,18000,125000
0,78,29,170,67,2,3,4,12500,68000
0,78,24,183,76,1,3,3,18500,12000
0,75,32,178,72,1,3,4,5000,17000
0,77,26,188,80,3,3,4,14000,40000
0,79,32,177,82,2,2,4,12000,35000
0,81,25,191,81,2,3,3,34500,95000
0,76,30,177,75,2,3,3,6500,48000
0,75,32,176,72,3,3,4,0.0,0
0,75,27,187,74,1,3,3,6000,40000
0,77,28,175,68,2,3,3,10500,62000
0,75,26,173,68,1,4,2,7000,42000
0,79,33,168,62,4,4,4,11000,48000
0,79,22,182,77,1,2,3,35500,89000
0,79,25,179,76,1,3,4,23000,85000
0,76,21,187,75,1,3,3,17000,20000
0,76,29,176,74,1,4,4,7500,18000
0,76,29,175,80,2,3,3,6500,38000
0,77,23,178,72,1,3,3,23500,1000
0,82,30,176,79,3,3,4,29500,39000
0,76,33,178,72,1,4,3,4700,26000
0,76,28,170,60,1,3,4,7500,15000
0,72,29,181,80,2,3,3,2300,5000
0,81,31,175,73,3,4,4,22000,81000
0,81,35,189,84,3,2,2,5500,13000
0,77,26,176,72,1,3,4,12500,60000
0,75,26,180,75,1,3,3,7500,32000
0,84,25,180,73,1,4,4,56000,155000
0,75,32,179,66,3,2,4,3900,10000
0,79,29,179,73,3,4,3,17000,18000
0,75,29,168,67,1,3,3,5500,42000
0,80,31,178,66,2,4,3,17500,58000
0,78,29,181,79,2,3,4,14000,35000
0,77,22,184,74,1,4,3,23500,29000
0,73,31,172,72,2,2,4,2600,6000
0,79,24,179,74,2,2,3,24500,65000
0,79,28,186,82,2,3,2,0.0,0
0,77,28,182,71,2,4,3,9500,45000
0,74,25,183,78,1,3,3,6000,47000
0,78,29,175,60,2,3,4,14000,65000
0,76,27,175,70,1,3,3,8000,28000
0,75,33,180,70,2,3,3,2500,40000
0,79,25,175,70,1,3,3,20000,28000
0,73,32,179,75,2,3,4,2400,18000
0,75,28,173,70,1,3,3,5500,19000
2,78,29,177,68,1,4,4,14000,30000
0,84,31,175,74,4,4,4,35000,220000
0,83,34,183,76,2,3,3,12500,39000
0,75,25,179,74,1,3,4,6500,16000
0,81,31,184,73,3,3,3,17500,30000
0,80,28,185,72,3,3,3,19000,53000
0,75,30,182,74,2,4,3,5500,1000
0,77,25,183,71,2,4,4,14000,27000
0,77,34,183,75,2,4,4,5000,20000
0,78,26,168,62,1,4,4,16500,59000
0,79,33,189,86,4,3,3,8500,76000
0,82,31,177,73,3,4,4,25500,54000
0,84,24,186,78,2,3,2,57500,160000
0,74,34,184,76,1,4,3,1400,18000
0,75,35,183,75,2,3,3,1500,6000
0,73,25,175,73,1,3,3,4400,21000
0,80,27,172,70,1,2,3,20500,28000
0,72,26,178,68,1,5,3,2700,7000
0,74,32,179,79,2,3,3,3300,24000
0,80,30,175,71,2,3,3,18000,50000
0,75,35,183,84,3,2,3,1500,15000
0,76,23,171,62,1,3,4,11000,14000
0,76,28,176,73,1,3,4,7500,62000
0,74,28,174,76,1,2,3,3700,19000
0,81,28,181,78,2,4,3,26500,66000
0,79,30,181,76,2,3,3,0.0,0
0,81,35,191,89,3,3,3,7000,13000
0,74,35,181,73,2,4,3,1700,15000
0,74,29,186,82,2,4,3,4100,16000
0,75,26,172,70,2,3,3,6500,6000
0,75,21,180,72,1,4,3,12500,47000
0,77,27,176,79,2,2,3,10000,80000
0,79,26,177,75,1,4,2,17000,27000
0,77,27,188,81,2,4,3,11000,42000
0,79,27,189,78,1,3,3,20000,33000
0,76,28,182,74,1,3,3,0.0,0
0,76,26,183,77,1,3,2,8500,1000
0,78,32,175,66,2,3,3,9500,60000
0,76,26,169,60,1,4,3,9000,1000
0,82,34,185,77,4,4,3,15000,145000
0,76,30,177,65,1,4,4,7000,23000
0,78,25,181,73,1,3,2,17500,29000
0,82,24,179,72,3,4,4,46000,59000
0,81,20,185,80,1,4,3,53000,41000
0,75,23,169,65,1,4,3,8000,11000
0,75,23,175,76,1,4,4,11500,900
0,77,29,175,70,2,3,3,10500,46000
0,77,32,187,91,2,3,3,7000,25000
0,76,32,175,73,1,3,3,5000,38000
0,77,33,182,78,2,3,4,5500,25000
0,73,33,170,70,2,3,3,1800,35000
0,80,24,178,78,3,2,4,32000,21000
0,78,23,184,76,2,4,3,21000,78000
0,83,26,182,76,3,3,4,43000,200000
0,78,31,180,77,2,3,3,10000,43000
0,78,23,180,72,1,4,3,20000,57000
0,81,30,174,70,2,4,4,25000,95000
0,80,23,172,60,1,4,4,33500,48000
0,78,33,182,71,2,4,4,9000,22000
0,84,34,167,68,3,4,4,20000,47000
0,75,27,179,70,1,4,3,5500,38000
0,75,31,178,80,1,4,3,4800,13000
0,75,26,175,66,2,5,4,7000,33000
1,79,30,185,78,2,4,4,17000,32000
0,76,26,172,64,2,4,4,8000,13000
0,78,24,175,66,2,2,3,19500,59000
0,82,25,179,68,2,4,4,41000,105000
0,75,26,180,75,2,3,4,6000,45000
0,86,29,191,94,4,4,3,68000,200000
0,75,23,178,71,1,4,4,12500,11000
0,75,31,172,74,3,4,3,3900,37000
0,72,26,176,70,1,4,3,2600,19000
0,70,22,181,75,1,4,3,3600,15000
0,73,25,186,81,1,3,3,4000,13000
0,76,26,191,88,1,3,3,9500,14000
0,78,26,170,72,1,2,3,17000,46000
0,81,22,175,70,1,4,2,27000,31000
0,80,33,174,76,2,3,5,13000,1000
0,80,25,177,70,2,3,3,25500,60000
0,82,26,183,75,1,3,4,40500,74000
0,79,30,172,70,2,3,4,17000,12000
0,71,26,181,81,1,3,3,2300,11000
0,78,31,182,80,2,3,3,10000,2000
0,78,24,177,69,1,4,4,21000,19000
0,72,32,172,69,1,1,3,1800,750
0,79,28,174,67,2,3,3,16000,51000
0,76,27,182,84,1,4,3,0.0,0
0,75,28,182,79,1,3,3,3900,60000
0,77,31,181,78,2,4,4,8500,60000
0,75,27,175,70,1,3,3,5500,20000
0,75,26,180,69,1,3,3,7500,40000
0,80,25,185,77,2,4,3,29000,34000
0,82,22,184,77,1,4,4,49000,150000
0,79,23,176,69,2,3,3,24500,43000
0,79,26,187,80,2,3,3,23000,17000
0,75,28,178,72,1,3,3,5500,56000
0,77,25,183,75,2,2,3,14000,43000
0,78,34,190,85,3,3,3,7000,43000
0,76,22,171,65,1,4,4,17000,17000
0,75,31,180,77,1,4,3,3900,15000
0,76,24,184,77,1,3,3,11500,80000
0,76,24,179,73,1,5,3,12000,27000
0,85,33,187,80,3,4,4,34500,220000
0,75,23,174,66,1,3,4,8500,1000
0,78,30,172,71,1,3,3,12000,30000
0,72,37,178,70,1,3,3,750,5000
0,76,29,172,73,1,4,4,6500,13000
0,80,21,171,63,1,3,3,31500,38000
0,81,35,189,85,1,3,3,11000,50000
0,77,21,185,80,1,3,4,23500,21000
0,82,26,185,83,3,4,4,40000,60000
0,76,34,183,72,2,3,3,2700,38000
0,78,30,172,76,2,3,4,13500,40000
0,75,24,172,70,1,3,3,8500,21000
0,78,23,185,75,1,4,3,21000,18000
0,77,25,183,77,1,3,3,14000,40000
0,77,28,181,72,2,2,3,9500,26000
0,79,28,183,70,2,5,3,17500,2000
0,81,26,190,85,1,4,2,28500,66000
0,73,25,185,73,1,4,3,3900,19000
0,76,27,184,81,1,4,3,8500,32000
0,77,29,183,80,2,3,3,9500,27000
0,75,26,188,77,1,3,3,6500,1000
0,73,29,169,70,1,3,3,3000,11000
0,73,34,181,78,1,2,3,1400,12000
0,79,26,186,81,3,3,3,20000,56000
0,75,26,179,75,1,3,3,0.0,0
0,75,25,190,82,1,3,3,8000,38000
0,84,33,191,94,4,3,3,20000,66000
0,79,22,180,72,2,3,4,36000,46000
0,72,27,180,78,2,3,3,2400,4000
0,76,27,178,68,2,2,3,8500,18000
0,80,29,172,75,3,3,5,20500,85000
0,73,26,178,75,1,4,4,3700,5000
0,76,34,186,84,2,3,3,2800,28000
0,77,36,180,79,3,4,4,3300,21000
0,75,31,174,78,2,3,3,3900,58000
0,73,28,173,75,1,4,3,2800,40000
0,80,28,174,74,1,4,4,21000,31000
0,73,32,172,76,1,4,4,2400,57000
0,74,23,188,78,1,5,3,9000,39000
0,78,38,184,89,3,4,3,575,8000
0,75,31,182,71,2,4,4,0.0,0
0,73,25,174,68,1,3,2,4000,1000
0,79,22,176,65,2,2,3,24000,16000
0,74,26,190,83,1,4,3,4900,17000
0,75,33,173,70,2,4,4,3600,14000
0,75,29,186,70,1,4,3,5500,23000
0,75,32,184,76,2,4,3,4400,29000
0,73,29,168,68,1,3,3,2600,900
0,79,29,178,73,1,3,3,17500,95000
0,74,28,185,73,1,3,2,4200,1000
0,73,29,181,73,2,3,3,3000,17000
0,76,34,178,71,1,3,3,3500,25000
0,74,28,183,77,1,3,3,4200,12000
0,77,26,179,68,1,3,3,12500,80000
0,76,23,194,88,1,5,2,12000,23000
0,74,29,187,78,1,3,3,4100,6000
0,76,23,176,72,1,3,3,12000,49000
0,80,25,178,68,1,3,3,25500,82000
0,77,29,170,65,2,4,5,10500,41000
0,76,28,184,81,2,3,3,7500,42000
0,76,21,177,70,1,3,4,17000,12000
0,81,36,179,75,3,3,4,6500,20000
0,75,30,173,66,1,3,3,5500,13000
0,81,23,184,76,2,4,4,39500,60000
0,79,23,178,77,2,4,4,28000,47000
0,73,34,184,86,2,3,3,1400,7000
0,77,29,185,73,1,2,3,9500,21000
0,75,28,191,79,1,3,3,5500,31000
0,74,29,179,76,1,4,3,4100,1000
0,78,23,179,69,1,3,4,28000,27000
0,76,28,178,72,1,4,4,7500,75000
0,84,26,180,81,3,3,4,49500,185000
0,77,31,182,77,3,3,4,8500,40000
0,79,28,178,66,2,3,3,17500,30000
0,78,29,181,76,1,2,3,12500,15000
0,76,30,174,68,2,4,3,7000,24000
0,70,28,173,73,1,3,3,1600,5000
0,75,26,170,65,1,3,3,7000,10000
0,83,36,173,67,4,2,4,12000,37000
0,75,32,178,72,2,2,3,3900,29000
0,71,25,179,75,1,3,3,2200,600
0,81,35,183,71,3,3,4,5500,50000
0,78,24,179,70,1,2,3,18500,39000
0,78,23,181,79,1,3,3,18500,63000
0,74,28,186,79,1,3,3,4200,1000
0,73,27,187,78,2,2,4,3100,17000
0,82,35,175,77,3,4,4,12500,40000
0,73,29,177,75,1,3,3,3000,29000
0,77,30,173,71,1,5,4,10000,42000
0,78,22,177,77,1,3,3,31500,30000
0,75,29,182,74,2,3,3,4900,57000
0,76,24,187,74,1,3,3,11000,23000
0,74,26,189,79,2,3,2,5000,26000
0,84,26,184,79,3,2,2,46000,82000
0,74,24,172,68,1,3,3,6000,9000
0,74,28,174,72,1,3,3,3800,13000
0,68,29,180,77,1,4,3,1200,14000
0,78,24,175,70,1,3,2,21000,39000
0,84,31,163,59,4,4,4,35000,19000
0,82,25,178,74,1,4,4,36500,43000
0,73,25,180,76,1,3,4,3800,13000
0,75,21,179,70,1,3,2,12500,19000
0,77,24,188,80,1,3,2,22000,950
0,73,29,176,68,3,2,3,3000,14000
0,81,26,175,70,3,3,4,28000,69000
0,76,34,176,75,2,3,3,2800,11000
0,73,30,178,71,2,3,3,2600,36000
0,80,30,181,83,2,3,3,20500,55000
0,78,37,182,75,3,3,2,0.0,0
0,78,22,184,74,2,4,4,28500,44000
0,77,22,169,65,1,3,3,22500,23000
0,72,23,177,73,1,2,2,5000,17000
0,75,27,176,73,1,3,3,0.0,0
0,86,37,183,79,4,3,2,12000,115000
0,76,22,175,61,1,3,3,12000,33000
0,76,33,177,77,2,3,3,3900,34000
0,78,28,181,78,2,4,4,14000,79000
0,79,27,177,63,1,4,4,18500,57000
0,77,25,187,88,2,4,3,14000,49000
0,74,34,172,72,2,3,3,2000,22000
0,87,29,190,85,2,3,2,73500,250000
1,75,30,180,72,1,3,3,5500,7000
0,72,30,182,75,2,3,4,2200,3000
0,79,17,173,68,1,3,3,36000,17000
0,81,19,183,70,1,4,4,55500,39000
0,75,31,175,77,1,2,3,4600,9000
0,82,22,174,63,3,3,5,49000,24000
0,81,34,190,79,3,4,5,12500,65000
0,79,27,177,79,1,3,4,19000,50000
0,76,24,176,69,1,3,3,11000,15000
0,80,29,195,80,1,5,4,20500,34000
0,72,25,180,79,1,4,3,3100,1000
0,75,32,176,72,1,2,3,3900,20000
0,79,29,175,70,3,4,4,17000,60000
0,73,30,168,73,2,4,3,2500,14000
0,77,30,182,87,1,4,3,9000,69000
0,74,26,180,72,1,3,3,4600,8000
0,82,29,180,66,2,3,5,30000,85000
0,74,35,186,77,3,4,4,1700,19000
0,79,22,173,65,1,3,3,39500,68000
0,77,25,179,68,2,3,4,14000,110000
0,75,24,181,78,1,3,3,8500,36000
0,78,33,180,75,2,3,3,6500,54000
0,75,27,187,73,1,3,3,6500,22000
2,78,29,178,77,2,4,3,13500,29000
0,76,34,181,76,2,5,4,2800,36000
0,73,26,179,67,2,3,3,3300,32000
0,80,26,175,74,1,3,3,28000,32000
0,72,25,185,83,1,3,3,2900,17000
0,75,21,186,78,1,3,3,11500,37000
0,81,26,174,69,2,3,5,0.0,0
0,81,26,180,75,1,4,2,28000,47000
0,79,26,173,73,2,3,4,13500,50000
0,78,24,178,79,2,5,3,21000,57000
0,75,23,175,70,1,3,3,8500,1000
0,73,28,180,74,1,3,3,2700,900
0,79,22,169,67,1,3,3,26500,86000
0,76,30,176,73,1,2,3,7500,19000
0,77,27,180,72,1,3,4,11000,16000
0,77,30,173,73,2,2,3,9000,23000
0,77,35,189,82,2,3,3,3200,21000
0,75,34,194,85,3,3,3,2600,21000
0,81,26,181,82,1,3,2,24500,43000
0,79,28,172,81,1,5,3,18000,38000
0,76,27,178,70,1,4,4,8000,49000
0,79,30,178,72,2,3,3,15000,51000
0,79,35,179,77,2,3,3,5500,24000
0,75,32,177,74,2,3,4,4600,58000
0,77,30,186,78,1,4,4,10500,51000
0,79,26,185,85,2,3,3,19000,105000
0,75,23,166,68,1,3,3,12000,34000
0,83,25,178,67,3,5,5,48000,180000
0,82,31,179,79,2,4,4,25500,70000
0,85,33,189,76,4,3,3,26500,190000
0,79,33,186,81,3,4,3,8500,51000
0,76,26,182,77,1,2,4,9000,81000
0,74,32,179,75,1,3,3,2800,29000
0,73,31,182,75,1,4,3,2500,28000
0,71,34,178,76,1,4,3,700,5000
0,77,35,186,76,2,3,4,4500,22000
0,75,38,176,70,2,3,4,1900,24000
0,76,21,171,62,1,4,4,17000,7000
0,72,27,177,71,1,2,3,2500,24000
0,75,22,179,71,1,3,3,12500,58000
0,73,29,186,80,1,3,3,2700,38000
0,82,34,181,74,3,5,3,11500,20000
0,75,28,181,74,1,5,3,5500,48000
0,72,24,178,76,1,4,3,3200,35000
0,75,25,186,81,1,3,3,7500,64000
0,85,26,191,85,3,3,4,67500,95000
0,82,30,181,76,3,5,4,29000,135000
0,75,24,186,78,2,3,3,7500,15000
0,83,23,185,78,2,4,3,58000,72000
0,75,26,197,80,1,3,3,7500,42000
0,77,25,165,68,1,3,4,10500,10000
0,84,35,169,61,3,4,4,18000,86000
0,72,27,182,72,1,5,3,2700,21000
0,75,31,180,79,1,4,3,4600,36000
2,75,27,170,63,1,4,3,6000,50000
0,77,25,181,77,1,3,3,14000,25000
0,79,28,182,75,3,3,2,15000,125000
0,75,34,178,73,2,5,4,2600,53000
0,81,29,180,76,2,2,4,25500,40000
0,80,32,182,70,2,5,3,14500,63000
0,75,30,179,74,2,2,3,5500,30000
0,82,29,172,66,2,3,4,30000,24000
0,77,32,180,74,1,2,3,8500,22000
0,74,31,179,72,2,3,3,3500,17000
0,73,23,185,84,1,4,3,4800,11000
0,75,24,174,66,1,5,4,8500,35000
0,77,26,187,76,1,3,3,13000,51000
0,77,28,182,80,1,5,4,11000,1000
0,78,31,180,71,2,3,3,10000,28000
0,75,33,178,80,1,3,3,3500,18000
0,74,27,186,76,1,2,2,4400,20000
0,75,28,170,62,2,4,3,5500,24000
0,78,23,171,70,2,3,5,21000,13000
0,79,23,181,74,1,4,3,35000,32000
0,82,26,180,76,3,4,3,38000,73000
0,78,25,188,73,1,3,3,18000,38000
0,81,28,171,67,2,4,4,26000,72000
0,82,19,176,70,2,4,4,66000,38000
0,74,26,176,69,1,3,3,5000,17000
0,75,30,172,67,2,4,3,4800,58000
0,71,26,180,80,1,3,3,2200,18000
0,77,21,175,62,1,4,4,22500,71000
0,79,26,176,67,1,3,4,20500,12000
0,74,20,181,74,1,2,3,9500,11000
0,69,30,175,70,1,3,3,1200,15000
0,72,26,176,70,1,3,3,2800,9000
0,77,28,181,80,1,4,4,10500,53000
0,77,30,170,73,1,3,3,9000,24000
0,76,25,178,67,1,3,2,10500,12000
0,71,26,182,75,1,4,3,2300,27000
0,78,32,181,76,1,3,3,9500,1000
0,76,29,182,76,1,3,3,6500,40000
0,82,31,182,77,2,3,2,21000,35000
0,76,31,183,76,3,3,3,6000,38000
0,73,27,168,66,1,3,3,3200,8000
0,78,32,186,79,3,3,3,9500,34000
0,80,27,184,75,1,3,2,22500,53000
0,80,25,175,70,1,3,4,28000,73000
0,77,29,175,73,2,3,2,9500,27000
0,72,29,176,81,2,4,4,2300,18000
0,79,29,181,76,2,3,3,14500,85000
0,75,30,182,81,2,3,4,5500,50000
0,73,26,168,69,1,4,4,3600,13000
0,76,25,171,64,1,3,3,0.0,0
0,77,30,176,73,1,4,3,10000,1000
0,75,33,181,77,2,4,4,3500,13000
0,79,21,186,74,1,4,4,39500,41000
0,74,31,185,80,2,4,3,3600,26000
0,73,31,178,75,1,3,4,2500,850
0,76,30,178,75,1,3,3,7000,17000
0,80,28,190,90,2,2,2,20000,90000
0,75,32,175,74,2,3,3,4500,63000
0,78,26,176,66,1,3,3,16000,115000
0,73,31,180,75,1,4,3,2500,18000
0,73,22,178,78,1,3,3,6000,17000
0,73,32,177,70,2,4,3,2100,14000
0,74,32,183,82,1,3,3,3300,33000
0,72,32,187,84,2,4,2,1900,19000
0,74,32,188,78,2,4,3,2800,18000
0,78,26,180,78,2,4,3,18500,82000
0,72,31,179,77,1,4,4,1900,30000
0,74,35,174,78,1,3,3,1300,600
0,76,26,191,88,1,3,4,9500,81000
0,72,27,183,79,1,3,3,2300,16000
0,77,30,188,84,2,3,2,8500,69000
0,73,22,174,73,1,3,4,6000,36000
0,73,28,172,67,1,3,4,3100,4000
0,75,26,169,62,1,3,4,6500,9000
0,76,30,169,72,3,4,5,7000,9000
0,72,24,174,67,1,3,2,4500,11000
0,74,23,179,73,1,3,3,8500,7000
0,86,21,176,73,2,4,5,109000,200000
0,69,34,177,65,1,3,3,500,11000
0,75,26,183,73,1,4,3,7500,46000
0,75,31,175,73,2,4,3,4100,20000
0,76,31,184,79,1,3,3,5500,14000
0,75,25,183,74,1,4,3,7500,28000
0,79,28,171,71,1,2,4,17500,35000
0,77,30,184,80,2,3,3,10000,76000
0,70,24,178,74,1,3,4,2300,16000
1,71,23,178,72,1,3,3,3700,16000
0,77,25,169,62,1,3,4,12500,2000
0,77,28,192,84,2,3,3,11000,53000
0,76,25,180,77,2,3,4,10000,42000
0,76,25,186,76,2,3,3,9500,12000
0,76,21,180,74,1,3,3,17000,32000
0,73,24,183,72,1,3,3,4600,10000
0,69,30,180,76,1,4,3,1200,2000
0,76,27,184,76,1,4,3,8000,2000
0,73,22,177,73,1,3,2,6000,10000
0,80,30,188,83,3,3,3,17500,76000
0,72,26,177,86,2,3,3,2600,35000
0,74,36,175,73,1,3,3,925,16000
0,78,28,165,62,2,3,4,14000,27000
0,79,22,174,63,2,3,3,26000,52000
0,72,28,177,87,2,4,3,2100,9000
0,79,28,170,70,2,3,3,16000,80000
0,75,30,185,79,1,3,2,4700,13000
0,70,21,178,74,1,4,3,3600,7000
0,70,22,175,69,1,3,3,2500,8000
0,73,28,177,73,2,4,4,2800,19000
0,83,29,183,74,2,3,4,35500,74000
0,85,22,189,89,3,3,2,71000,77000
0,73,27,177,73,1,2,3,2800,11000
0,74,30,176,70,1,3,3,4100,20000
0,74,28,179,72,1,3,3,3800,22000
0,76,25,183,74,1,4,4,10500,32000
0,75,22,176,70,1,4,4,9000,36000
0,86,26,179,75,4,3,5,80000,105000
0,73,27,183,77,1,2,3,3200,18000
0,74,34,188,91,2,3,3,2100,15000
0,75,24,183,70,1,3,3,8000,26000
0,76,27,178,65,3,4,3,8000,51000
0,72,27,175,72,1,3,3,2700,16000
0,74,29,170,68,1,3,3,4100,47000
0,74,32,175,70,1,2,3,2900,20000
0,70,28,175,68,1,3,3,1600,7000
0,80,24,187,73,2,3,2,27500,17000
0,75,22,185,75,1,4,3,11500,40000
0,78,27,180,75,3,3,2,15000,95000
0,78,26,181,81,2,4,3,17000,33000
0,76,27,168,65,1,2,5,8500,9000
0,74,23,177,74,1,3,3,9500,35000
0,75,28,188,84,3,4,4,5500,37000
0,78,30,186,79,1,3,2,11500,26000
0,84,22,180,76,3,3,5,61500,155000
0,75,32,186,79,2,4,2,5000,20000
0,78,28,174,70,1,2,4,14000,84000
0,70,25,172,72,2,4,3,0.0,0
0,81,25,184,73,2,3,3,34000,61000
0,75,25,180,71,1,4,3,0.0,0
0,79,24,187,84,2,3,3,23500,61000
0,75,29,180,70,1,3,3,4900,23000
0,81,22,178,68,2,3,4,23500,71000
0,77,30,181,74,1,3,3,9000,55000
0,75,23,178,73,1,3,4,12500,46000
0,79,29,167,59,2,3,4,17000,75000
0,75,22,171,75,1,2,4,9000,40000
0,74,28,175,75,1,3,4,4300,1000
0,70,26,183,73,1,2,3,2100,5000
0,80,22,184,68,2,3,3,31000,69000
0,80,24,178,72,2,4,4,32000,1000
0,73,27,178,71,2,3,4,2900,26000
0,82,33,186,81,3,3,2,14500,30000
0,70,24,180,78,1,4,3,3300,5000
0,82,22,191,86,1,3,3,44500,47000
0,72,28,180,75,2,4,4,2300,30000
0,70,25,174,70,1,3,3,2300,8000
0,73,20,170,61,1,4,3,7500,4000
0,75,23,178,69,1,4,4,9000,9000
0,70,26,175,67,1,3,3,2000,10000
0,71,28,178,70,1,2,3,1900,23000
0,80,34,180,76,2,4,4,10500,58000
0,78,32,186,82,3,2,3,9000,18000
0,79,27,183,73,2,2,4,18500,83000
0,75,25,178,68,1,5,3,7500,17000
0,74,25,175,71,1,4,3,6000,37000
0,75,24,182,76,1,3,2,7000,13000
0,75,31,182,77,2,3,3,3900,16000
0,71,27,173,72,1,3,3,2000,10000
0,75,27,177,67,1,3,3,6000,20000
0,74,24,178,76,1,2,3,6000,23000
0,80,31,188,84,4,4,2,18000,63000
0,71,28,173,70,1,4,3,0.0,0
0,71,31,176,72,2,4,3,1500,13000
0,78,24,192,90,2,3,3,21500,29000
0,70,25,175,75,1,3,3,2100,22000
0,80,26,184,76,3,4,4,28000,125000
0,76,27,174,64,2,3,3,8000,37000
0,68,28,170,67,1,4,3,1100,6000
0,74,23,177,70,1,3,3,6500,51000
0,75,28,179,70,1,2,4,5000,52000
0,75,22,183,73,1,3,3,12500,55000
0,73,23,178,75,1,3,3,5500,19000
0,76,30,163,69,1,3,4,7000,1000
0,79,19,181,70,1,5,4,38000,62000
0,71,33,183,80,1,3,3,900,12000
0,76,23,190,86,1,3,2,15500,900
2,70,30,173,72,1,3,3,1500,6000
0,77,29,172,71,2,2,3,9500,45000
0,75,24,177,71,2,3,4,6500,49000
0,80,24,180,66,1,4,3,29000,77000
0,70,29,171,68,1,4,3,1600,21000
0,76,30,190,87,2,2,3,7500,15000
0,72,33,182,76,2,4,4,1400,10000
0,80,24,180,72,2,2,4,32000,58000
0,71,28,183,77,1,3,3,1900,15000
0,82,31,185,72,2,2,2,21000,44000
0,84,23,188,81,1,4,4,66500,90000
0,75,31,165,68,3,4,4,4700,9000
0,76,36,178,63,3,4,3,1500,23000
0,71,20,186,77,1,3,2,2400,500
0,78,31,182,78,2,4,4,11500,45000
0,79,35,188,74,3,3,2,3000,90000
0,75,31,180,82,1,3,3,4100,29000
0,80,27,186,78,1,4,3,24500,63000
0,76,28,186,76,2,5,4,7500,85000
0,78,26,185,80,1,3,3,16000,69000
0,79,28,180,73,1,3,3,16000,53000
0,71,34,176,74,1,4,3,875,10000
0,74,30,179,74,1,3,3,3600,45000
0,72,26,173,68,1,3,3,2800,10000
0,77,32,177,75,2,3,3,8500,20000
0,79,27,184,80,1,2,3,20000,16000
0,75,31,170,68,2,3,3,4600,11000
0,70,25,177,68,1,4,3,2000,3000
0,75,24,180,72,1,3,3,7500,37000
0,70,31,183,87,1,3,3,1300,2000
0,78,24,187,79,2,2,3,20000,22000
0,76,28,163,70,1,4,3,7500,74000
0,75,28,189,84,1,3,3,5500,14000
0,74,24,184,79,1,3,3,6500,34000
0,70,26,182,74,1,3,3,2000,19000
0,72,29,179,74,1,3,3,2300,12000
0,76,25,173,70,1,2,3,10000,49000
0,73,27,177,72,1,3,3,3200,1000
0,74,31,186,80,2,3,3,3100,11000
0,74,27,175,73,1,4,3,4500,8000
0,77,35,172,70,3,4,3,4500,22000
0,82,40,195,102,5,4,5,0.0,63000
1,77,31,178,64,2,3,4,0.0,0
1,72,25,183,78,1,2,3,3100,18000
0,75,24,187,78,1,3,2,0.0,0
0,70,21,169,65,1,3,3,3400,18000
0,73,29,175,66,1,3,3,2700,5000
0,75,27,180,77,1,2,3,5500,49000
0,73,31,175,69,1,3,2,2100,21000
0,72,30,171,66,1,4,4,2300,31000
0,72,24,177,75,1,3,3,3700,11000
0,70,25,177,76,1,3,3,2100,10000
2,70,28,168,64,1,4,3,1600,8000
0,76,26,186,83,2,4,3,9000,33000
0,72,25,180,69,1,3,4,3100,16000
0,76,24,175,71,1,4,2,0.0,0
0,74,28,178,71,1,4,3,4200,23000
0,73,20,182,70,1,4,3,7500,10000
0,73,21,177,71,1,3,4,7000,11000
0,72,32,184,78,1,3,2,1600,37000
0,79,32,184,81,2,3,4,14000,55000
0,74,28,174,70,1,3,3,4300,14000
0,77,29,178,73,3,3,4,10500,63000
0,70,23,168,61,1,3,3,3200,8000
0,72,25,185,75,1,3,3,0.0,0
0,73,30,182,75,1,2,3,2600,22000
0,81,26,187,91,2,4,2,26500,51000
0,78,31,175,77,3,4,4,11500,76000
0,73,23,184,75,1,3,3,4600,31000
0,75,36,175,70,2,4,4,1800,16000
0,77,24,181,68,2,4,3,14500,15000
0,70,25,180,74,1,3,4,2200,12000
0,83,28,188,76,2,4,3,34500,150000
0,76,26,183,78,2,3,3,8500,42000
0,76,31,177,73,2,4,4,6500,110000
0,83,33,170,72,3,5,3,15500,50000
0,75,20,188,86,1,3,4,12500,72000
0,76,34,175,70,2,4,4,3500,20000
0,76,24,174,81,1,4,4,12000,13000
0,75,26,186,83,1,3,3,5500,33000
0,76,25,180,78,2,3,3,9000,45000
0,75,24,181,70,1,3,2,7000,39000
0,79,26,175,69,2,3,4,20500,34000
0,72,26,178,71,1,2,3,2900,14000
0,74,31,174,61,1,3,3,3100,24000
0,72,28,183,65,1,4,3,2400,22000
0,80,27,189,75,1,4,4,23000,75000
0,76,33,187,82,2,3,4,4700,6000
0,77,25,175,75,1,2,2,13000,42000
0,80,28,177,73,3,4,4,21500,26000
0,71,27,174,70,1,3,3,2100,14000
0,76,24,187,83,1,4,4,12000,46000
0,86,28,191,85,3,3,2,64500,195000
0,81,33,177,77,3,2,4,16000,14000
0,78,34,169,66,1,3,2,5000,37000
0,72,26,178,70,1,5,4,3100,11000
0,75,33,169,67,1,3,2,2800,32000
0,76,26,175,70,2,4,4,9000,30000
0,71,28,176,68,1,3,3,1900,3000
0,70,31,164,63,1,3,3,1300,500
0,71,23,185,73,1,4,3,2800,7000
0,76,23,179,68,1,4,3,16500,11000
0,83,35,194,85,4,3,2,9500,110000
0,76,28,187,77,1,3,3,6500,42000
0,78,29,180,70,1,5,4,14000,11000
0,71,27,183,76,1,3,3,2100,850
0,84,22,170,68,2,3,4,61500,70000
0,76,21,185,75,1,4,4,17000,60000
0,75,29,183,85,2,2,2,4900,32000
2,80,25,184,76,2,4,3,26500,34000
0,72,26,183,76,1,3,3,3000,9000
0,70,24,172,70,1,4,3,2300,19000
0,76,32,174,71,1,3,3,6000,1000
0,75,30,173,68,1,4,4,5500,18000
0,76,23,185,77,1,3,3,11500,35000
0,70,30,185,82,1,3,3,1300,8000
0,78,33,180,73,2,4,4,9000,35000
0,72,28,178,72,1,3,3,2100,17000
0,75,22,178,70,1,3,4,12000,53000
0,78,22,175,65,1,3,4,31500,43000
0,72,25,172,66,1,4,4,3100,18000
0,74,32,179,72,1,3,3,3300,13000
0,76,22,180,73,1,3,3,10000,42000
0,81,29,186,83,1,4,4,25500,22000
0,78,36,171,77,3,3,4,4800,16000
0,74,31,175,72,1,3,3,3500,22000
0,71,31,174,72,1,2,3,1500,14000
0,75,21,182,69,1,3,2,12500,9000
0,75,26,175,70,1,3,3,6500,36000
0,74,30,180,72,1,3,3,3600,850
0,73,26,177,80,1,3,3,3600,12000
0,78,31,179,70,1,3,3,11500,65000
0,72,25,179,72,1,3,3,3000,6000
0,72,24,189,75,1,3,3,4700,14000
0,72,24,174,69,1,2,3,3200,11000
0,70,23,175,74,1,3,2,2500,16000
0,76,26,176,65,1,3,3,9000,71000
0,79,23,165,64,1,3,3,24500,22000
0,70,31,174,72,1,4,3,1300,11000
0,79,27,171,67,1,4,4,18500,71000
0,79,29,185,82,3,2,3,15000,80000
0,75,22,178,70,1,2,4,12500,55000
0,77,25,180,70,2,3,4,12500,24000
0,73,29,180,73,1,3,3,3000,47000
0,73,28,175,75,1,3,3,3100,8000
0,76,33,173,74,2,4,3,3900,17000
0,73,29,178,65,1,4,3,3000,44000
0,73,23,177,75,1,3,3,6000,10000
0,72,32,169,61,1,2,3,1800,11000
0,70,29,171,68,2,4,3,1300,5000
0,75,24,175,75,1,3,3,7500,11000
0,75,22,179,66,1,3,3,12000,10000
0,72,22,179,73,1,3,2,5000,10000
1,75,28,179,76,1,5,3,6000,15000
0,73,33,180,79,2,2,3,1500,14000
0,72,30,176,70,1,2,3,2000,17000
0,81,38,189,80,3,4,3,0.0,0
0,72,25,177,74,1,3,3,3400,14000
0,75,31,186,84,1,2,3,4600,49000
0,76,23,188,82,1,3,3,10500,52000
0,75,34,178,66,1,3,3,1900,42000
0,79,25,191,86,1,3,3,26000,33000
0,72,27,172,66,1,2,3,2500,8000
0,74,34,189,80,2,3,3,1500,11000
1,72,28,179,77,1,4,3,2300,7000
0,76,24,185,74,1,4,3,15000,34000
0,71,21,167,71,1,3,2,4200,9000
0,74,25,180,71,1,3,3,5000,22000
0,73,28,186,80,1,3,3,3000,11000
0,82,23,177,69,3,4,4,48000,120000
0,77,26,183,79,1,2,4,14000,23000
0,73,19,183,78,1,5,3,6500,18000
0,76,35,183,75,3,3,2,900,70000
0,77,24,171,76,1,4,3,16000,35000
0,76,31,173,72,2,3,4,6000,30000
0,76,22,183,70,1,2,3,11500,33000
0,74,33,182,67,1,3,3,2100,19000
0,75,35,168,71,1,3,4,2300,15000
0,79,33,194,83,3,3,3,8500,60000
0,75,19,167,63,1,4,4,12000,5000
0,84,36,193,80,3,5,3,14500,80000
0,73,29,182,79,1,3,2,2600,8000
0,75,25,167,64,1,3,3,7000,21000
0,73,25,177,73,1,3,2,4400,750
0,75,36,179,77,1,3,3,1100,6000
0,72,25,177,71,1,3,3,3200,23000
0,78,34,182,84,2,4,3,7000,2000
0,72,27,180,65,1,3,4,2700,13000
0,69,20,178,68,1,3,3,3300,500
0,75,24,195,96,1,3,3,8000,22000
0,74,26,180,88,1,4,3,5500,18000
0,77,25,185,79,2,4,3,13000,41000
0,74,27,180,72,1,2,3,4100,15000
0,75,29,183,78,1,3,3,4900,29000
0,73,23,183,77,1,4,3,4600,25000
0,79,28,175,70,2,4,3,18000,42000
0,73,27,180,77,1,3,2,3100,4000
0,76,25,185,79,2,3,3,9000,37000
0,71,36,177,74,1,4,3,600,8000
1,72,21,184,81,1,4,3,5000,6000
0,77,27,188,86,1,3,2,10500,48000
0,76,26,181,73,2,1,4,9000,66000
0,78,33,185,80,2,4,4,9000,45000
0,77,24,184,69,1,3,3,15000,17000
0,75,26,182,75,1,2,2,7000,8000
0,73,27,181,75,2,4,4,3500,22000
0,75,23,179,68,2,4,4,9000,22000
0,75,27,175,72,1,3,3,6000,44000
1,72,28,187,82,1,4,2,2200,6000
0,79,27,178,74,3,2,3,18500,76000
0,68,22,173,73,1,3,3,2700,7000
0,80,21,179,77,2,3,3,44500,14000
0,81,21,174,64,1,4,4,52500,130000
0,68,33,184,75,1,3,3,750,4000
0,78,31,174,69,2,4,4,12000,45000
0,78,29,187,88,1,4,3,14000,18000
0,72,32,180,71,1,3,3,1600,9000
0,72,26,183,72,1,3,3,2800,33000
0,77,27,184,83,2,3,3,10000,50000
0,78,31,169,66,2,4,4,12000,12000
0,72,34,182,78,1,3,3,800,12000
0,69,33,180,70,1,2,3,875,6000
0,71,32,184,78,1,3,3,1500,9000
0,71,30,185,78,1,3,3,1500,20000
0,78,30,183,82,2,3,2,11500,12000
0,74,20,178,72,1,3,3,8500,23000
0,74,20,177,73,1,3,3,8500,10000
0,72,35,180,74,1,3,3,525,4000
0,78,29,168,67,2,2,4,14000,16000
0,71,31,189,79,1,4,3,1300,5000
0,76,27,183,73,2,2,3,8500,41000
0,75,34,187,78,3,3,3,1900,32000
0,77,32,185,79,2,4,3,8500,47000
0,75,31,187,77,1,3,3,4800,31000
0,70,34,173,70,1,4,3,725,7000
0,74,24,175,74,1,3,3,6000,39000
0,82,28,191,86,3,3,2,29000,40000
0,74,23,175,69,1,4,4,8500,34000
0,74,28,180,76,1,4,3,4300,110000
0,77,31,189,83,2,3,3,7500,48000
0,70,26,177,70,1,3,3,2000,650
0,78,27,175,70,2,4,3,16000,29000
0,74,23,178,74,1,3,3,9000,13000
0,78,22,184,69,1,3,2,26500,47000
0,77,25,181,67,1,2,3,13000,25000
0,72,28,179,74,1,4,3,2300,7000
0,70,33,177,75,1,4,3,825,600
0,72,23,189,84,1,4,3,4700,19000
0,79,30,180,66,2,3,4,17000,95000
0,81,22,192,82,2,3,2,34000,30000
0,76,26,177,79,1,4,3,9500,53000
0,82,28,190,82,3,3,3,31000,68000
0,79,36,180,80,3,2,4,5500,11000
0,69,29,181,79,1,3,3,1400,5000
0,74,29,184,76,1,3,3,4100,24000
0,72,28,173,71,1,4,4,2400,31000
0,84,35,190,85,3,4,2,11000,95000
0,76,25,175,70,1,4,4,10000,17000
0,69,29,180,76,1,2,2,1200,600
0,76,28,188,77,2,3,3,6500,50000
0,75,19,171,69,1,3,4,12000,9000
0,75,28,178,70,1,4,4,5500,34000
0,81,30,177,76,3,4,4,25000,62000
0,77,27,169,71,1,3,3,11000,22000
0,76,27,173,71,1,5,3,9000,10000
0,77,25,175,70,1,3,4,14000,38000
0,72,39,187,83,2,3,2,750,22000
0,74,26,177,73,1,4,4,5000,37000
0,80,27,187,80,2,4,3,21000,105000
0,74,25,184,82,1,4,3,4900,30000
0,70,23,185,75,1,3,2,2500,19000
0,75,25,184,78,2,3,3,7000,31000
0,72,28,180,75,2,3,2,2300,6000
1,73,26,174,64,1,4,3,3600,14000
0,72,22,181,74,1,3,4,5000,4000
0,77,31,184,94,2,3,3,9000,42000
0,70,23,178,77,1,4,3,2400,8000
0,75,24,180,70,1,3,3,7500,31000
0,77,24,173,77,1,3,3,0.0,0
0,70,28,175,74,1,3,3,1600,20000
0,80,34,188,82,3,4,3,4500,80000
0,75,31,176,82,2,4,4,4800,24000
0,75,36,174,75,3,2,3,775,50000
0,73,26,178,69,1,3,3,4000,11000
0,83,26,189,80,3,3,2,42000,95000
0,76,30,175,73,2,4,4,7000,37000
0,73,30,178,73,1,3,3,2900,28000
0,68,25,180,80,1,3,3,1800,2000
0,75,26,175,71,1,3,3,7500,22000
0,76,31,180,72,2,4,3,6000,21000
0,77,28,171,78,1,3,3,7000,80000
0,72,33,180,81,1,3,3,1200,9000
0,79,24,175,70,2,4,4,28000,48000
0,73,26,186,78,1,3,4,3300,17000
0,77,21,182,77,1,3,3,23500,11000
0,75,35,173,66,2,3,4,2300,57000
0,75,35,178,73,3,4,3,2300,10000
0,72,22,184,81,1,5,3,4700,10000
0,80,24,183,72,2,2,3,26500,90000
0,76,21,181,79,1,3,3,17000,22000
0,75,22,166,66,1,3,4,12500,18000
0,78,28,185,71,2,3,3,14500,48000
0,77,23,178,74,1,3,3,16000,10000
0,73,20,179,70,1,4,3,7500,47000
0,72,29,180,76,2,5,3,3000,42000
0,76,26,176,80,1,3,5,10000,36000
0,74,28,187,87,2,3,3,3800,23000
0,75,25,181,75,2,4,3,6000,22000
0,70,28,177,69,1,3,3,1600,5000
0,79,36,174,73,4,3,2,3400,15000
0,69,24,176,70,1,3,2,2000,6000
0,69,31,175,71,1,2,3,1000,8000
0,74,19,186,67,1,3,3,8500,8000
2,75,27,174,67,1,4,3,6500,45000
0,72,24,171,70,1,3,2,3200,700
0,72,39,180,79,2,3,2,425,8000
0,75,27,193,88,1,4,4,6500,1000
0,73,26,183,78,1,4,3,3300,20000
0,73,27,181,69,1,3,4,3500,18000
2,74,22,178,68,1,3,3,5500,8000
0,72,23,189,81,1,3,3,4700,16000
0,78,25,187,77,2,3,3,17000,32000
0,73,32,186,78,3,3,2,2400,28000
0,70,25,174,74,1,4,3,2100,8000
0,74,25,172,69,1,4,3,5500,45000
0,69,37,173,78,2,5,3,450,6000
0,75,28,170,70,1,3,3,5000,20000
0,73,26,176,77,1,3,3,3600,12000
0,78,27,178,78,1,3,3,15000,69000
0,72,26,180,65,1,4,2,2800,4000
0,75,31,180,73,2,3,3,4700,26000
0,78,39,179,71,3,2,3,1,60000
0,80,28,181,84,3,5,3,0.0,0
0,74,31,190,83,1,4,3,3500,18000
0,76,29,179,72,1,3,3,6500,63000
0,71,26,173,67,2,4,4,2400,35000
0,75,27,180,71,2,4,4,6000,9000
0,78,35,180,78,3,5,3,0.0,0
0,76,24,178,67,1,3,4,11500,42000
0,80,25,187,71,2,2,3,29500,52000
0,76,23,175,72,2,3,3,10000,29000
0,74,26,177,75,1,4,3,0.0,0
0,76,32,190,86,2,4,3,6000,40000
0,71,34,180,77,1,3,3,650,17000
0,74,23,181,72,1,3,3,9000,21000
0,74,23,180,75,1,2,5,6500,31000
0,73,25,173,68,1,3,3,4200,20000
2,69,30,174,68,1,3,3,1200,6000
2,76,27,177,69,1,2,2,8500,14000
0,71,29,192,84,1,3,3,1800,11000
0,73,22,174,68,1,3,3,4900,19000
0,73,24,183,70,1,3,3,4200,28000
0,73,28,185,84,1,4,3,3100,8000
0,72,29,174,67,1,3,3,2300,26000
2,68,28,178,73,1,4,4,1200,4000
0,75,24,178,80,2,3,3,8500,45000
0,75,22,191,79,1,3,2,10500,12000
0,71,32,168,62,1,2,3,1200,17000
0,73,25,170,69,1,4,3,3600,19000
0,69,31,186,81,1,3,3,1200,5000
0,75,30,183,79,1,3,3,5500,22000
0,76,20,178,68,1,2,4,16500,40000
0,76,25,178,70,1,3,3,9500,51000
0,71,31,185,74,1,4,3,1500,900
1,73,30,174,66,1,3,3,3000,17000
0,75,31,188,79,2,3,2,3900,8000
1,75,29,185,82,2,4,3,5500,10000
0,75,26,176,75,1,3,2,6000,15000
0,73,26,183,77,1,3,3,3600,20000
0,72,26,182,82,1,3,3,2500,12000
0,76,21,190,79,1,2,2,16000,26000
0,72,29,180,77,1,3,3,2300,8000
0,69,24,176,72,1,3,3,1900,6000
0,71,33,170,74,1,3,3,975,9000
0,71,27,172,75,1,3,2,2000,750
0,79,40,179,75,2,3,4,0.0,20000
0,68,25,173,70,1,3,3,1600,2000
0,77,25,187,76,1,3,4,14000,30000
0,72,29,182,73,1,3,3,2300,25000
0,73,30,179,71,1,3,3,2900,37000
0,73,22,187,90,1,3,3,6000,7000
0,76,25,180,79,1,3,4,9000,34000
0,76,21,180,71,2,3,4,17000,15000
0,71,27,187,80,1,3,2,1800,8000
0,72,30,178,78,2,3,3,2300,15000
0,77,21,185,73,1,3,2,22500,8000
0,71,24,169,67,1,4,3,2500,12000
0,71,36,175,65,1,3,3,600,6000
0,78,23,185,80,1,4,3,21500,44000
0,67,22,178,74,1,3,3,2300,2000
0,72,35,182,76,3,3,3,875,12000
0,72,23,175,70,1,2,2,5000,600
0,74,30,188,88,2,3,3,4100,26000
0,74,26,175,74,1,2,3,5000,13000
0,73,27,179,74,1,4,3,3200,57000
0,71,31,185,82,1,5,3,1400,5000
0,68,31,178,83,1,4,3,1000,7000
0,74,22,183,86,1,3,3,9500,32000
0,79,25,174,72,1,3,4,21000,16000
0,72,31,181,71,1,3,3,0.0,0
0,75,27,173,70,1,3,3,6000,12000
0,74,21,176,66,1,3,3,8500,24000
0,74,31,175,67,2,2,3,3100,39000
0,72,21,179,71,1,4,3,5500,6000
0,72,31,175,67,2,3,3,1700,17000
0,75,38,178,71,2,3,3,1100,8000
0,69,27,172,63,1,3,3,1500,4000
0,71,34,180,78,1,2,3,700,6000
0,75,27,175,72,1,4,3,5500,12000
0,80,30,187,79,2,4,3,17500,28000
0,74,32,179,85,2,3,3,2900,53000
0,71,26,178,75,1,2,3,2200,15000
0,79,24,187,69,1,3,3,24500,29000
0,79,26,178,86,1,2,4,20500,90000
0,77,19,188,74,1,4,3,23000,27000
0,76,25,172,65,1,5,4,10000,51000
0,75,28,179,73,2,4,4,5500,29000
0,78,29,178,82,1,3,3,14000,57000
0,70,24,172,64,1,4,3,2300,8000
0,77,32,175,72,1,4,4,8500,11000
0,69,25,171,74,1,2,3,1300,10000
0,75,30,184,82,1,3,4,5500,58000
0,71,26,185,68,1,3,3,2400,22000
1,70,29,189,70,1,3,3,1600,11000
0,73,26,179,70,1,5,3,3600,23000
0,83,31,189,88,2,4,3,30500,77000
0,82,35,192,93,3,3,3,13000,66000
0,76,25,183,73,2,4,4,10000,32000
0,72,19,176,69,1,3,2,4800,500
0,71,27,183,73,1,4,2,2200,7000
0,77,36,188,77,2,4,3,3600,14000
0,75,22,174,61,1,3,3,11500,37000
1,77,28,174,65,1,3,4,10500,26000
0,76,25,173,69,1,4,3,9500,58000
0,70,21,173,66,1,3,3,3200,9000
0,75,32,180,81,1,3,3,4400,24000
0,73,32,175,67,2,3,3,2400,34000
0,77,25,185,80,1,3,2,14000,1000
0,70,25,160,64,1,4,3,2200,5000
1,72,32,177,72,1,3,3,1600,8000
0,82,24,195,86,2,3,3,42000,77000
0,76,23,176,69,1,4,3,11000,25000
0,77,35,177,72,4,5,4,4300,9000
0,69,26,181,77,1,3,3,1700,3000
0,74,25,175,68,1,3,3,6500,22000
0,74,31,180,78,1,3,3,3100,36000
0,74,24,175,71,1,4,3,6000,24000
0,73,23,175,76,1,3,3,6000,18000
0,74,20,174,69,1,4,3,8500,19000
0,73,29,181,82,1,4,3,3000,8000
0,80,29,190,84,3,4,3,21000,66000
0,77,21,177,79,2,3,4,21500,72000
0,80,29,170,65,2,4,4,20500,13000
0,75,32,186,82,2,3,3,4400,18000
0,75,30,184,82,2,4,4,5500,38000
0,78,25,187,78,1,3,3,20000,31000
1,70,32,185,75,1,4,3,1100,11000
0,76,24,175,66,1,3,4,11000,40000
0,70,31,188,82,1,3,3,1300,7000
0,84,23,181,75,2,3,2,57500,150000
0,70,26,183,77,1,4,2,2100,14000
0,74,33,177,85,3,4,3,1500,2000
0,74,33,163,63,2,2,3,2600,13000
0,76,26,193,83,1,3,3,10000,15000
0,73,24,172,70,1,4,4,4600,30000
0,71,22,175,68,1,4,3,4000,5000
0,75,30,189,89,1,3,3,5500,26000
0,73,28,190,87,1,3,2,2800,24000
0,75,24,189,82,1,3,2,7500,20000
0,76,33,170,65,2,2,4,4700,15000
0,74,22,178,68,1,3,2,3900,40000
0,76,24,173,70,1,3,3,10500,15000
0,69,29,185,82,1,3,3,1200,24000
0,77,25,178,86,1,5,3,14000,63000
0,72,29,186,84,1,3,2,2000,12000
0,81,34,180,68,3,4,3,4300,50000
0,79,28,186,80,3,3,3,18000,50000
0,76,22,185,79,1,3,3,16000,18000
2,72,24,171,70,1,3,2,4700,30000
0,72,23,165,69,1,3,4,5000,700
0,74,21,173,64,1,4,2,9500,7000
0,81,29,194,100,3,3,2,24000,120000
0,66,32,178,73,1,3,2,675,500
0,71,21,183,81,1,3,3,3800,29000
0,72,28,170,62,1,4,3,2100,25000
0,70,31,172,72,1,4,3,1100,10000
1,78,32,178,73,3,3,3,4100,80000
0,75,24,175,68,1,3,3,8500,22000
0,76,25,181,75,1,3,2,9000,23000
0,76,23,185,82,1,4,3,12000,11000
0,77,25,172,68,1,3,4,14000,47000
0,75,36,174,67,1,4,4,1800,950
0,76,27,180,77,1,2,3,9000,32000
0,77,25,185,82,1,3,4,13500,74000
0,73,23,173,63,1,2,3,6000,38000
0,73,30,174,71,1,3,3,2500,28000
0,72,27,188,79,1,3,2,0.0,0
0,75,20,173,63,1,3,2,12000,25000
0,68,27,183,78,1,3,3,1300,12000
0,76,24,180,62,1,3,4,10000,42000
0,70,29,181,72,1,2,3,1600,17000
0,77,34,185,73,2,4,3,5000,25000
0,71,33,175,74,1,3,3,975,8000
0,81,29,187,86,2,3,3,25500,36000
0,73,31,178,81,1,4,3,2500,3000
0,77,19,185,79,2,2,4,23000,24000
0,73,24,176,72,1,2,2,3800,750
0,81,31,185,75,2,3,2,17500,55000
0,74,21,179,73,1,4,2,8000,6000
0,75,30,174,65,1,3,3,4800,18000
0,70,31,168,65,1,3,3,1300,9000
0,73,22,175,70,1,3,3,3300,10000
0,73,35,175,77,2,4,4,1300,10000
0,71,24,165,63,1,3,3,3500,12000
0,71,26,179,70,1,3,3,1900,6000
2,75,33,182,74,3,3,4,4000,18000
0,69,30,180,64,1,3,3,1200,5000
0,74,30,175,68,1,5,3,4000,8000
0,69,33,175,76,1,2,3,725,9000
0,75,26,178,72,1,3,3,7000,11000
0,74,31,185,79,1,3,3,3500,950
0,77,25,176,71,1,4,4,14000,14000
0,74,31,183,71,1,3,3,2900,15000
0,79,29,186,80,1,3,2,14500,80000
0,74,26,173,72,1,2,4,4700,14000
0,74,24,184,75,2,3,4,8500,40000
0,73,26,171,67,1,4,3,4000,16000
0,72,25,175,66,1,3,3,2900,33000
0,75,32,189,76,3,2,4,4500,1000
0,74,27,188,75,1,3,3,4600,14000
0,75,23,176,73,1,4,3,8500,9000
0,72,28,175,70,2,4,4,2400,10000
0,73,23,184,74,1,3,3,4300,31000
0,74,29,182,80,2,4,4,4100,37000
0,76,30,182,78,2,5,2,6000,16000
0,70,30,180,79,1,4,4,1500,10000
0,83,29,185,86,2,4,3,30500,105000
0,76,26,175,74,1,3,2,9000,39000
0,75,27,185,74,1,3,4,6500,46000
0,76,30,178,66,1,3,3,7000,43000
2,74,25,178,71,1,3,4,5500,47000
0,75,30,188,83,2,2,2,4600,23000
0,74,30,179,74,2,3,3,3600,19000
0,72,25,184,78,1,4,4,2800,10000
0,79,37,171,68,4,4,4,5500,10000
0,76,32,182,79,1,3,3,5000,14000
0,76,24,180,73,1,3,3,11500,26000
0,70,28,186,81,1,3,2,0.0,0
0,71,31,180,77,2,3,3,1600,17000
0,69,22,174,72,1,4,3,2800,3000
0,69,32,171,69,1,4,3,1100,13000
0,69,30,190,86,1,2,3,1300,8000
1,72,30,181,76,1,3,3,2000,6000
0,74,30,175,76,1,3,3,4100,37000
0,73,23,173,70,1,4,3,5500,6000
0,67,28,174,70,1,3,3,1000,3000
0,75,31,188,77,2,3,2,3900,35000
0,76,33,184,78,1,3,3,3700,21000
0,72,29,187,85,1,2,3,2000,6000
0,81,25,173,67,2,4,5,32500,95000
0,74,30,167,73,1,3,3,3500,53000
0,75,24,193,90,1,4,3,8000,21000
0,71,25,168,60,1,4,3,2600,16000
0,78,24,167,63,1,2,4,20000,12000
0,79,24,182,85,1,5,3,27000,55000
0,78,21,178,75,1,3,4,31500,56000
0,70,34,177,74,2,4,3,575,13000
0,76,29,177,83,1,3,3,0.0,0
0,79,24,175,78,1,3,3,23500,29000
0,77,27,173,70,2,3,4,11000,21000
0,72,33,179,76,2,2,3,1300,7000
0,71,27,175,70,1,3,2,2000,7000
0,73,27,181,75,1,2,2,2900,9000
0,72,34,178,75,1,3,3,850,16000
0,72,22,182,81,1,3,3,3700,7000
0,78,22,180,73,2,3,3,22500,32000
0,72,23,173,62,1,3,3,4500,14000
0,77,21,178,65,1,3,4,23500,18000
0,68,31,181,73,1,2,2,850,500
0,73,19,185,71,1,3,3,6500,13000
0,81,23,194,85,2,3,2,35000,49000
0,74,25,181,76,1,4,3,5500,14000
0,72,36,178,72,2,4,2,425,5000
0,68,23,167,64,1,3,3,2700,6000
0,78,22,170,60,1,3,2,16500,35000
0,72,22,188,77,1,4,3,4700,15000
0,73,25,178,68,1,4,3,3700,19000
0,74,28,175,69,1,3,3,4200,56000
0,79,19,178,66,2,4,4,38000,84000
0,68,26,178,71,1,2,3,1600,4000
0,76,31,185,78,1,3,2,5000,39000
0,75,27,182,75,1,4,2,5500,23000
0,74,24,180,65,1,3,2,6500,54000
0,67,29,178,73,1,2,3,1000,4000
0,78,24,172,70,1,3,3,20000,23000
0,74,22,179,79,1,3,3,7000,24000
0,70,20,178,71,1,3,3,3800,23000
0,72,30,187,77,2,3,3,2000,29000
0,79,23,173,71,2,3,3,7000,90000
0,77,26,168,69,2,4,4,11500,27000
0,72,22,173,67,1,4,3,5500,19000
0,79,34,169,65,3,5,4,8000,57000
0,71,26,173,72,1,3,3,2100,17000
0,75,34,177,77,1,3,3,2100,22000
0,79,22,180,77,2,5,3,28500,37000
0,84,22,190,75,2,3,3,86500,140000
0,75,32,177,74,1,5,5,4500,10000
0,72,21,182,80,1,3,3,5000,41000
0,68,32,176,70,1,3,3,825,4000
0,81,26,186,75,1,4,4,28000,45000
0,77,26,174,71,1,5,4,11500,38000
0,73,30,178,76,1,3,3,3000,30000
0,73,21,178,72,1,4,3,7500,47000
0,76,34,183,73,2,3,4,3500,9000
0,71,25,180,75,1,5,2,2600,5000
0,72,24,174,67,1,4,3,0.0,0
0,71,32,178,64,2,3,3,1800,20000
0,72,28,180,78,1,4,3,2400,10000
0,76,30,194,87,2,3,2,6000,29000
0,71,21,182,72,1,3,2,4200,21000
0,67,25,177,72,1,3,3,1300,6000
0,75,24,187,81,1,3,3,6500,5000
0,75,29,174,72,2,5,4,5500,42000
0,69,27,170,66,1,3,2,1600,11000
0,73,25,173,70,1,4,4,3600,20000
0,76,24,174,68,1,3,3,11500,22000
0,78,26,172,67,1,4,4,15500,66000
0,73,23,174,71,1,2,4,6500,9000
0,72,33,179,70,1,3,3,1500,13000
0,75,24,189,86,1,4,3,9000,22000
0,70,23,175,74,1,3,3,2400,8000
0,77,32,183,79,3,4,3,8500,34000
0,84,29,191,81,3,4,2,39000,155000
0,72,30,185,84,2,3,2,2300,15000
0,74,20,179,70,1,4,3,8500,14000
0,77,26,183,70,1,2,3,12000,69000
0,70,22,172,66,1,3,4,3400,7000
0,76,22,188,75,1,4,4,15000,21000
0,76,35,158,56,2,4,4,3100,7000
0,74,33,184,75,2,4,3,2100,34000
0,75,29,181,74,1,3,3,4900,40000
1,71,31,176,70,1,3,3,1400,6000
0,75,27,182,77,2,3,2,5500,58000
0,76,28,183,79,2,4,3,7500,45000
0,76,24,191,80,1,3,2,15500,33000
0,66,24,180,69,1,4,3,1700,4000
0,76,31,188,78,3,2,4,7000,20000
0,73,28,170,62,1,3,2,2800,14000
0,70,28,189,85,1,4,4,1600,7000
0,72,25,178,75,1,5,3,3100,7000
1,71,33,182,76,1,4,2,925,12000
0,76,26,176,71,1,3,3,8500,33000
2,72,24,173,68,1,3,3,3500,33000
0,72,24,188,68,1,2,3,4400,5000
0,71,30,175,70,1,3,2,1600,7000
0,72,27,178,70,1,4,3,2500,4000
0,74,26,183,81,1,3,3,4600,22000
0,72,25,180,74,1,3,3,3000,6000
0,72,27,188,82,1,3,3,2500,18000
0,71,23,175,72,1,3,3,2600,7000
0,79,28,176,70,2,3,4,17500,36000
0,73,24,181,72,1,3,3,4300,11000
0,74,25,182,79,1,2,3,4500,37000
1,71,31,181,82,1,4,3,1600,9000
0,76,28,161,59,1,3,5,7500,10000
0,79,22,176,73,1,4,4,21000,32000
0,72,31,191,86,2,3,3,1900,18000
0,76,32,183,82,2,3,3,6000,19000
0,71,37,178,65,1,4,3,600,7000
0,71,23,183,78,1,3,2,3600,24000
0,76,23,179,78,1,4,3,12000,10000
0,78,26,175,70,2,2,4,15500,11000
0,72,26,180,73,2,3,3,2700,4000
0,73,23,175,74,1,3,4,7000,750
0,79,29,172,69,1,3,3,17000,30000
0,67,30,183,75,1,4,3,0.0,0
0,79,25,176,71,3,3,5,23000,18000
0,71,23,175,64,1,3,3,2900,3000
0,79,31,188,86,3,5,3,15000,24000
0,75,27,171,67,1,3,4,6000,16000
0,75,29,179,70,1,3,2,4900,9000
0,71,20,184,79,1,3,2,4100,11000
0,67,32,183,75,1,2,3,800,3000
0,83,23,192,91,1,3,2,52000,135000
0,70,27,181,79,1,3,3,1700,6000
0,80,22,192,77,2,5,4,33000,37000
0,75,34,188,83,3,3,2,2700,14000
0,75,26,176,75,1,3,3,6000,34000
0,80,23,195,85,2,3,4,33500,73000
0,73,30,178,83,1,3,3,3000,26000
0,72,18,183,72,1,4,3,0.0,0
0,72,26,178,75,1,4,4,2600,15000
0,78,28,176,72,2,4,3,14500,34000
0,72,28,180,75,1,3,4,2400,39000
0,73,31,175,67,1,4,4,2500,3000
0,77,34,181,72,1,3,3,3600,11000
0,81,30,188,83,1,3,4,25500,27000
0,76,26,187,82,2,3,3,10000,44000
0,68,29,177,79,1,2,2,1000,500
0,73,26,172,65,1,3,3,3600,19000
0,73,19,168,58,1,3,3,7000,8000
0,79,26,189,83,1,2,2,22000,17000
0,72,28,180,69,1,3,3,2400,34000
0,71,19,176,70,1,3,4,4400,7000
0,79,24,173,66,1,4,4,24000,42000
0,80,26,189,88,2,3,2,23000,53000
0,76,21,182,77,1,4,4,17000,30000
0,73,29,183,77,1,3,3,2700,15000
0,70,34,182,72,1,4,3,775,7000
0,73,24,182,73,1,3,3,4300,19000
0,80,27,182,79,2,3,2,22500,31000
0,70,29,178,69,1,5,4,1600,5000
0,79,29,197,84,2,3,2,17500,59000
0,69,34,177,82,3,4,3,650,23000
0,70,29,170,62,1,5,2,1600,600
0,70,33,188,86,3,3,3,975,16000
0,72,38,174,74,1,5,2,750,19000
0,80,28,188,83,1,3,3,0.0,0
0,70,30,182,75,1,3,3,1300,22000
0,76,24,174,72,1,3,4,11500,25000
2,68,26,178,70,1,3,3,1600,26000
0,71,22,178,78,1,2,3,3800,9000
0,71,33,186,80,2,4,3,1200,18000
0,70,19,180,70,1,4,2,3300,7000
0,75,27,186,83,2,4,3,6500,81000
2,70,24,174,70,1,5,4,3200,3000
2,76,27,165,67,1,4,4,8000,14000
0,72,27,183,75,1,3,2,2700,4000
0,71,32,185,80,1,3,3,1200,7000
0,74,24,181,70,1,4,3,6000,19000
0,78,29,185,74,2,4,3,14000,62000
0,74,27,180,69,1,3,3,4900,5000
0,74,29,179,76,1,3,3,3700,26000
0,79,30,182,70,2,3,4,17000,61000
0,71,25,175,74,1,3,3,2200,16000
0,72,20,174,67,1,3,3,5000,23000
0,75,20,177,75,1,3,4,13500,31000
1,70,31,171,62,1,3,3,1200,7000
0,70,28,174,71,1,3,4,1600,7000
0,75,21,185,82,1,4,2,12500,11000
0,68,28,180,75,1,3,2,1100,1000
0,75,34,180,78,3,4,5,2700,34000
0,72,31,184,83,2,3,4,2000,36000
0,76,27,174,64,2,3,4,8000,16000
0,75,25,182,78,1,3,2,7000,8000
0,76,29,173,78,1,3,4,7500,30000
0,84,30,194,90,2,2,2,34500,140000
0,78,24,175,73,3,3,4,20000,50000
0,72,26,178,72,1,2,3,3000,8000
0,72,29,184,79,1,3,3,2000,10000
0,78,30,189,91,2,4,4,14000,28000
0,73,22,183,75,1,4,3,6000,42000
0,74,20,195,76,1,4,3,8500,22000
0,70,26,175,73,1,3,3,1900,3000
0,70,23,175,74,1,3,3,3500,7000
0,71,27,178,77,1,2,2,1900,5000
0,75,22,182,66,1,3,3,12500,22000
0,71,23,173,68,1,3,3,2800,5000
0,79,23,172,70,1,2,4,27500,32000
0,68,22,177,72,1,3,3,1900,6000
0,78,26,179,79,1,2,3,18500,11000
0,74,24,175,72,1,3,2,5000,10000
0,72,29,182,78,1,2,2,2000,11000
0,67,27,174,74,1,4,2,1100,6000
0,71,26,186,78,1,3,2,2000,10000
0,80,26,188,76,2,3,2,24500,70000
0,75,25,178,70,1,3,3,7000,22000
0,76,22,171,64,1,2,3,11000,1000
0,73,22,176,70,1,3,3,7000,8000
2,74,33,169,69,1,4,4,2600,9000
0,73,24,188,79,1,3,3,4700,43000
0,75,27,184,76,1,3,4,6000,27000
0,75,22,185,85,1,2,2,8500,33000
0,71,29,178,76,1,3,3,1600,10000
0,67,19,180,72,1,3,3,2400,5000
0,69,26,180,70,1,3,2,0.0,0
0,71,24,182,72,1,3,3,2800,12000
0,72,24,175,66,1,2,2,3300,750
0,70,20,173,67,1,2,3,3700,9000
0,73,23,177,78,1,3,3,7000,29000
0,78,26,173,72,1,4,3,15500,40000
0,77,20,182,70,1,4,4,23000,16000
0,76,26,194,90,1,4,3,9500,48000
0,73,22,176,64,1,2,3,6000,71000
0,76,31,173,68,3,4,4,6000,40000
0,75,22,175,70,1,4,3,12000,33000
0,71,21,183,76,1,2,2,2800,550
0,65,29,178,71,2,3,2,475,6000
0,70,26,172,67,1,3,4,1900,750
0,76,23,175,67,1,4,5,15000,46000
0,81,34,182,78,3,3,2,8500,18000
0,72,28,177,78,1,3,3,2400,9000
0,74,32,186,79,2,4,3,2800,31000
1,77,26,177,77,1,4,3,12500,77000
0,71,35,177,74,2,2,3,325,15000
0,68,29,184,80,1,3,3,1200,7000
0,76,24,183,80,1,4,3,9500,52000
0,81,27,185,80,1,4,2,26500,30000
0,69,18,184,80,1,4,2,2800,2000
0,71,27,179,77,2,4,4,2200,6000
0,74,26,175,70,1,3,4,4600,43000
0,70,25,186,73,1,3,2,2100,11000
0,68,36,181,82,1,3,3,275,2000
0,72,29,178,73,1,3,3,2000,6000
0,76,34,178,71,1,2,4,3500,33000
0,75,22,185,85,1,4,4,12500,25000
0,74,24,174,69,1,3,3,6500,23000
0,76,29,182,78,2,4,3,6500,75000
0,72,27,178,76,1,4,4,2500,750
0,75,28,164,64,1,3,3,5500,30000
0,67,26,171,78,1,3,3,1300,5000
0,88,25,187,82,3,4,2,107500,230000
0,74,24,180,78,1,3,2,5500,13000
0,73,22,171,72,1,4,2,4700,950
0,75,25,185,83,2,3,2,7500,24000
0,71,24,168,66,1,4,2,0.0,0
0,69,35,180,80,1,3,3,550,500
0,75,21,182,70,1,3,2,4700,50000
0,75,34,190,80,2,4,3,1900,26000
0,70,31,176,74,1,5,3,1300,9000
0,76,23,190,82,1,3,3,12000,38000
0,71,31,183,76,1,5,3,0.0,0
0,66,28,178,77,1,3,2,850,3000
0,75,30,168,61,2,4,3,5500,30000
0,68,24,168,65,1,3,3,1800,10000
0,66,26,175,78,1,4,3,1100,4000
0,72,29,175,72,1,3,2,2000,650
0,71,32,183,77,1,3,3,1200,5000
0,73,25,171,70,1,2,3,3700,7000
0,68,21,175,70,1,3,3,2400,7000
0,74,29,182,76,1,3,2,3600,1000
0,77,25,178,66,1,3,3,12500,24000
0,72,25,181,74,1,2,3,2700,12000
0,69,24,180,70,1,3,2,1300,15000
0,71,22,175,70,1,3,3,3800,5000
0,76,26,174,79,1,4,3,10000,25000
0,74,24,181,73,1,3,4,6500,40000
0,74,23,170,62,1,2,3,5500,43000
0,82,32,180,76,2,4,2,20000,155000
0,76,22,188,72,1,4,4,17000,24000
0,74,22,174,60,1,3,4,9500,37000
0,72,31,178,69,1,2,3,1700,10000
0,71,27,186,76,1,3,3,2000,16000
0,72,24,175,69,1,2,2,3200,19000
0,68,30,181,78,1,3,2,1200,6000
0,73,28,183,81,2,3,3,2700,15000
0,75,28,181,83,2,2,3,5000,42000
0,73,21,182,63,1,2,3,4400,46000
0,73,33,178,73,2,4,3,1900,20000
0,83,25,191,80,2,3,2,50500,43000
0,72,26,179,64,1,3,2,3000,850
0,76,26,175,78,1,2,4,9000,13000
0,75,19,179,74,1,3,3,11500,24000
0,73,26,174,68,1,3,4,3300,11000
0,68,29,175,73,1,3,3,1200,500
0,72,25,176,72,1,3,3,3100,17000
0,70,30,183,74,1,3,3,1500,7000
2,74,23,176,68,1,4,3,9500,10000
0,72,23,178,75,1,3,3,3300,10000
0,73,32,181,75,2,4,3,2500,21000
0,76,36,177,72,3,4,3,2600,17000
0,72,25,178,74,1,3,4,3100,12000
0,74,24,178,69,1,3,3,5500,7000
0,76,23,186,79,1,3,3,12000,23000
0,70,30,178,71,1,3,3,1500,9000
0,72,25,186,80,1,4,3,3400,14000
0,73,21,174,60,1,2,2,6500,26000
1,69,24,169,68,1,3,3,1900,5000
0,78,25,186,84,1,3,3,19000,37000
0,71,27,184,73,1,3,2,2000,11000
0,84,23,190,75,1,3,2,60500,75000
0,68,26,182,74,1,3,2,1400,6000
0,72,28,171,70,1,3,2,2100,8000
0,74,22,185,66,2,3,3,8500,23000
0,69,22,174,68,1,3,3,3100,6000
1,69,23,182,77,1,4,3,1900,6000
0,71,32,180,74,1,2,3,1200,20000
1,70,33,178,75,1,2,3,825,7000
0,78,29,170,69,2,4,3,14000,12000
0,72,27,179,70,1,3,4,0.0,0
0,74,24,183,80,1,3,2,6000,4000
0,71,34,176,72,2,4,5,875,6000
0,71,25,180,63,1,3,2,2500,6000
0,69,26,172,64,1,3,4,1800,5000
0,64,32,175,81,2,3,3,220,5000
0,75,21,173,65,1,3,3,11000,24000
0,68,30,179,72,1,3,3,1000,7000
0,71,23,178,70,1,3,3,2600,10000
0,83,26,180,74,3,4,4,16500,90000
0,74,27,173,73,2,3,3,4600,20000
0,75,37,180,87,1,3,4,1900,4000
0,70,24,188,91,1,4,3,2400,19000
0,77,22,180,76,1,4,3,21500,32000
0,71,23,184,75,1,2,3,4100,24000
0,69,28,186,78,1,4,2,1300,10000
0,71,28,167,66,1,4,3,1900,9000
0,73,19,178,73,1,3,4,6500,15000
0,73,26,171,67,1,3,3,3300,38000
0,77,24,184,78,1,3,3,15500,37000
0,73,37,174,70,1,3,3,600,9000
0,68,27,171,64,1,4,3,1300,12000
0,74,23,178,65,1,3,4,6500,32000
0,70,21,189,83,1,3,3,3200,6000
0,76,28,185,77,1,3,3,7500,24000
0,73,24,185,80,1,3,3,4500,28000
0,73,25,172,65,1,4,4,4000,38000
1,71,29,172,70,1,3,3,1900,7000
1,72,24,177,70,1,5,4,3500,5000
0,70,27,174,73,1,3,2,1800,700
0,68,25,169,72,1,2,3,0.0,0
0,73,30,175,77,1,3,4,2900,43000
0,72,27,183,85,2,2,3,2500,7000
0,73,21,172,67,1,5,4,4500,45000
0,73,27,181,74,1,3,4,3200,9000
0,73,31,186,78,2,3,4,2600,35000
0,75,30,176,69,1,4,4,5500,19000
0,70,28,178,67,2,4,3,1600,11000
0,69,29,178,68,1,3,3,1400,10000
0,69,27,166,62,1,3,4,1500,5000
0,80,27,190,95,2,3,2,22500,70000
0,76,23,178,72,1,4,3,11000,61000
0,82,30,185,80,1,3,2,25000,23000
0,75,33,178,72,1,3,2,2800,850
0,71,23,183,82,1,3,4,4200,3000
0,68,28,169,66,1,3,2,1100,6000
0,69,22,173,73,1,3,2,3100,4000
0,79,35,183,79,3,4,4,2500,80000
0,75,29,184,72,1,3,2,5000,38000
0,68,25,182,73,1,3,3,1400,7000
0,71,24,178,72,1,3,3,3700,19000
0,72,31,174,68,1,2,4,1900,8000
0,71,23,185,75,1,3,3,3800,13000
0,76,26,175,70,2,3,3,9000,29000
0,72,34,176,72,1,4,3,0.0,0
0,73,26,171,73,1,3,3,3600,12000
0,72,27,177,74,1,4,3,2700,7000
0,79,34,175,73,3,3,3,8500,13000
0,70,29,181,69,2,4,3,1600,8000
0,75,26,183,77,1,4,4,7500,10000
0,77,26,187,79,2,3,3,11500,61000
0,67,28,178,64,1,2,3,1000,5000
0,77,24,179,62,1,3,4,15000,13000
2,71,25,167,62,1,3,4,2500,14000
0,74,27,187,78,1,4,3,4100,32000
0,77,28,185,80,2,3,4,11000,39000
0,74,32,185,84,2,4,3,3400,40000
0,74,26,185,80,1,4,4,5000,10000
0,74,31,190,78,1,4,4,3600,32000
0,71,22,174,69,1,4,3,3800,25000
0,71,27,181,71,1,2,3,2100,11000
0,67,32,172,66,1,3,3,800,7000
0,73,28,174,71,1,4,5,3100,15000
0,69,30,182,74,1,3,3,950,10000
0,78,22,172,70,1,4,4,16500,38000
0,81,39,187,79,4,3,2,4600,12000
0,72,22,177,62,1,3,3,5000,11000
0,76,24,182,78,1,3,4,11000,1000
0,70,32,183,76,1,2,2,1000,700
0,70,24,181,71,1,3,3,2200,9000
0,68,21,180,72,1,3,2,2700,7000
0,72,24,183,86,1,3,2,3100,16000
0,67,24,179,72,1,3,3,1600,6000
0,73,25,169,70,1,2,3,4000,4000
0,76,21,180,70,1,3,3,16000,43000
0,75,25,184,75,1,4,3,8000,17000
0,68,26,176,70,1,3,4,1500,500
0,75,26,168,64,1,3,4,6500,19000
0,76,30,183,78,2,3,4,7000,6000
0,71,29,183,80,1,2,3,1600,4000
0,75,23,189,82,1,2,5,11500,20000
0,79,36,188,83,3,4,4,0.0,0
2,77,24,172,70,1,3,4,16500,25000
0,80,35,186,80,3,3,3,5500,18000
0,70,37,176,66,3,2,3,80,15000
0,68,28,180,66,1,3,2,1200,4000
1,71,33,185,80,1,3,3,900,11000
0,72,23,177,70,1,3,3,5000,28000
0,72,25,182,70,1,2,3,3000,32000
0,80,25,183,79,2,3,3,28500,73000
0,74,22,185,76,1,3,2,9000,11000
0,69,25,172,70,1,4,3,2000,7000
0,76,25,184,77,1,3,3,9000,33000
0,74,22,185,73,1,3,3,8000,17000
0,75,26,181,76,1,4,4,6500,1000
0,80,25,188,78,2,3,3,31500,35000
0,75,23,182,75,1,2,2,7000,61000
0,72,30,180,75,1,3,3,2000,14000
0,71,27,185,74,1,3,2,2000,13000
0,73,23,182,72,1,5,4,4800,38000
0,66,22,170,71,1,3,2,1900,2000
0,79,28,197,92,2,3,3,18000,36000
0,72,31,184,83,1,3,2,1600,13000
0,74,33,171,71,1,4,3,2600,1000
0,69,27,181,72,1,3,2,1600,5000
0,73,20,165,67,1,4,3,6500,33000
0,74,31,188,91,1,4,3,3600,14000
0,67,31,183,85,1,3,3,825,12000
0,72,34,191,77,2,3,3,1100,4000
0,67,25,189,83,1,2,3,1500,2000
0,72,31,186,82,1,3,2,1600,6000
0,67,29,176,73,1,2,3,1000,3000
0,74,31,176,75,1,3,3,3100,19000
0,72,20,175,68,1,3,2,5500,6000
0,68,28,168,65,1,3,3,1200,500
0,67,25,174,72,1,3,3,1400,3000
0,68,33,176,73,1,3,3,425,1000
0,76,33,187,78,3,4,4,4700,20000
0,73,21,169,73,1,3,3,6500,4000
0,67,21,185,73,1,3,3,2300,4000
0,75,27,182,67,2,2,4,6000,30000
0,75,25,185,76,1,5,3,7500,22000
0,69,22,170,60,1,4,3,3100,6000
0,79,34,187,84,2,4,3,8500,53000
0,77,22,183,68,1,3,2,20000,15000
0,71,26,176,72,1,3,4,2400,12000
0,71,22,188,83,1,4,3,4200,12000
0,64,27,183,73,1,3,3,625,3000
0,75,27,173,63,1,4,4,6000,22000
0,75,26,177,73,1,3,4,6000,18000
0,69,29,177,72,1,3,4,1400,6000
0,76,30,187,82,1,3,3,7500,2000
0,70,26,173,72,1,3,4,1900,2000
0,78,22,182,72,2,3,3,32000,41000
0,71,27,185,77,1,3,2,2100,6000
0,71,27,177,76,1,3,4,2000,6000
0,70,31,175,71,1,3,3,1100,3000
0,69,26,175,68,1,3,3,1500,2000
0,75,23,188,75,1,3,3,11500,38000
0,76,23,172,66,1,4,4,11500,50000
1,76,30,191,92,1,3,2,7500,77000
2,71,34,183,79,1,3,2,600,7000
0,70,26,180,71,1,3,3,2000,8000
0,74,22,183,76,1,4,3,9000,8000
1,70,24,176,78,1,3,2,3200,4000
0,72,32,192,81,1,3,2,1500,18000
0,73,24,171,64,1,3,2,4300,20000
0,67,30,183,72,1,2,3,875,5000
0,67,19,192,70,1,3,3,2600,5000
0,70,23,178,64,1,2,3,0.0,0
0,69,21,183,72,1,3,2,3000,8000
0,73,23,169,66,1,4,4,6000,8000
0,71,26,181,85,1,3,3,2000,13000
0,69,34,183,83,2,3,3,500,20000
0,74,26,180,79,1,3,3,5000,11000
0,78,34,187,71,3,3,4,5500,20000
0,80,32,192,80,1,3,3,17000,27000
0,68,25,175,70,1,3,3,1600,500
0,72,32,184,77,1,5,3,1900,23000
0,68,22,175,70,1,3,2,2400,5000
0,70,23,180,77,1,2,2,2300,5000
0,73,28,179,75,1,3,2,1200,25000
0,71,33,184,75,1,3,3,925,8000
0,78,26,182,74,1,2,3,16500,48000
0,75,26,175,76,1,4,3,7000,36000
0,72,24,168,64,1,4,4,3200,14000
0,73,19,180,79,1,3,4,7000,14000
0,69,31,188,76,1,3,3,975,6000
0,71,28,181,70,1,3,3,1700,31000
0,84,24,185,79,2,4,2,60500,75000
2,73,31,185,78,2,2,2,2200,10000
0,78,34,182,76,3,4,5,4100,45000
0,70,23,180,73,1,3,3,3200,700
0,67,29,176,70,1,3,2,900,500
0,75,28,178,75,1,3,4,5500,16000
0,67,23,180,75,1,3,2,1500,2000
0,77,22,185,81,1,2,2,14500,23000
0,77,30,184,80,1,4,4,10500,30000
2,65,23,170,65,1,2,2,950,3000
0,69,21,176,72,1,3,2,2800,3000
0,73,22,168,57,1,3,4,7000,30000
0,65,31,174,76,2,3,3,600,2000
0,71,25,178,77,1,4,3,2800,10000
0,73,20,178,72,1,3,3,6500,16000
0,70,23,174,77,1,3,3,2400,13000
0,70,23,173,80,1,3,3,3000,11000
0,75,39,178,75,3,4,2,1,45000
0,81,30,184,79,1,3,2,25500,54000
0,75,22,167,69,1,3,3,12000,15000
0,83,24,185,79,3,2,3,49500,55000
0,73,26,178,62,1,3,3,3500,33000
0,70,24,175,72,1,3,2,0.0,0
0,73,26,186,80,1,4,3,3600,24000
0,68,28,180,74,1,3,3,450,3000
0,74,36,180,76,2,4,5,1400,13000
0,67,27,184,76,1,3,3,1100,5000
0,76,23,183,72,1,3,3,12000,14000
0,84,30,189,78,3,3,2,34500,88000
0,65,25,183,74,1,2,3,850,2000
0,72,24,189,82,1,3,4,3700,17000
0,68,27,188,81,1,2,3,1200,12000
0,65,23,181,73,1,3,3,1100,2000
0,73,28,184,76,2,2,3,2800,15000
0,74,21,183,70,1,5,4,9500,33000
0,74,31,182,75,2,3,3,2100,10000
0,75,27,188,90,1,4,4,6000,63000
0,80,39,180,82,3,5,3,1500,60000
0,69,28,173,63,1,3,2,1300,3000
0,76,22,184,76,1,2,4,15000,95000
0,78,32,196,89,2,3,2,9500,47000
0,76,34,174,73,2,3,4,2100,20000
0,71,26,175,74,1,2,3,2200,6000
0,66,20,167,64,1,3,4,1900,500
0,75,20,175,72,1,5,2,12000,28000
0,75,30,185,72,2,3,3,4800,33000
0,69,21,175,68,1,3,3,3400,2000
0,71,26,187,77,1,4,2,2300,17000
0,76,26,188,82,1,3,2,8500,20000
0,82,33,190,86,3,3,2,14500,73000
0,72,31,190,85,1,3,3,0.0,0
0,75,29,192,86,2,2,3,5500,43000
0,70,22,182,75,1,4,2,3400,6000
0,72,27,189,78,1,2,3,2500,18000
0,69,26,188,80,1,3,2,1800,7000
0,67,26,178,74,1,2,2,1200,5000
0,73,31,177,74,1,3,3,2600,16000
0,71,22,188,78,1,3,2,4000,3000
0,70,26,180,74,1,3,3,1700,13000
0,75,31,185,73,2,3,3,4800,58000
0,74,27,179,68,1,3,3,4400,9000
0,75,36,167,58,3,4,3,1800,1000
0,69,20,178,69,1,3,2,2900,6000
0,72,21,182,78,1,2,3,5000,9000
0,73,25,184,78,1,3,3,4000,16000
0,69,21,174,73,1,3,3,3100,5000
0,70,21,179,73,1,3,2,2300,500
0,66,22,173,68,1,3,3,1900,2000
0,72,21,188,74,1,4,3,6000,30000
0,74,27,181,74,1,3,3,4500,20000
0,69,26,183,74,1,3,3,1600,5000
0,69,26,163,66,1,3,3,1400,6000
0,70,22,187,77,1,3,3,3600,44000
0,72,22,178,68,1,2,4,4800,8000
0,68,24,185,80,1,3,2,1700,15000
0,71,29,176,73,1,4,3,1900,12000
0,83,25,188,82,1,2,2,45500,115000
0,79,22,172,69,2,5,4,36000,37000
0,71,28,193,91,1,3,2,0.0,0
0,71,27,174,70,1,4,3,2000,1000
0,70,22,178,72,1,2,3,2500,7000
0,73,27,187,80,1,3,3,3300,38000
0,70,27,168,70,1,3,3,1800,600
0,76,27,164,60,2,4,4,8000,66000
2,72,23,188,84,1,3,2,3200,14000
0,68,22,177,74,1,3,2,2700,3000
0,75,23,171,65,1,3,4,9000,900
0,72,26,165,66,1,5,3,3100,13000
0,74,27,185,77,1,2,3,4500,23000
0,72,21,183,75,1,2,2,5000,12000
0,67,23,183,79,1,3,3,2300,8000
0,73,21,178,69,1,3,3,6500,15000
0,68,19,183,79,1,3,3,2900,5000
0,71,24,188,74,1,3,4,2800,12000
0,75,30,180,76,1,5,3,5500,1000
0,77,32,183,81,1,3,2,7000,25000
0,70,22,169,68,1,3,3,2500,7000
0,76,39,180,79,2,4,4,2600,16000
0,74,35,180,76,1,3,3,1800,10000
0,73,37,184,82,1,3,2,550,8000
0,74,24,185,70,1,4,3,6500,39000
0,70,21,170,70,1,3,2,3400,20000
0,73,25,186,81,1,3,3,3800,8000
0,66,26,173,69,1,4,3,925,5000
0,72,23,183,79,1,3,2,4900,20000
0,73,19,179,68,1,5,3,6500,6000
0,77,26,179,71,1,3,4,12500,20000
0,77,34,186,80,3,3,3,2100,45000
0,73,22,175,72,1,4,4,4700,900
0,72,31,170,60,1,2,3,1700,900
0,73,37,180,74,3,4,3,1000,9000
0,72,32,176,73,1,4,4,1900,3000
2,69,26,173,73,1,3,3,1500,6000
0,72,37,183,88,3,3,3,800,6000
0,75,28,182,70,2,3,3,5000,38000
0,73,30,170,65,1,3,3,2900,41000
0,72,32,172,70,1,4,4,1900,850
0,72,27,184,76,1,3,3,2300,13000
0,73,23,170,68,1,3,4,7000,6000
0,69,36,178,82,1,2,2,300,6000
0,74,24,183,70,1,3,3,5500,35000
0,75,30,178,69,1,4,3,5500,10000
0,66,27,172,75,1,3,3,900,4000
0,68,31,178,72,1,3,3,850,3000
0,78,30,184,75,2,4,2,11500,58000
0,74,22,169,56,1,3,3,9500,7000
0,75,26,181,73,1,3,2,6000,15000
0,72,31,179,80,1,5,3,2000,10000
0,68,35,185,83,1,3,3,475,3000
0,73,35,179,76,2,2,2,925,9000
0,75,19,181,71,1,4,2,11500,22000
0,67,21,181,72,1,3,3,2300,500
0,69,22,177,75,1,3,3,3000,12000
0,67,27,170,66,1,3,4,1100,500
2,72,27,178,72,1,4,2,2300,9000
0,69,24,175,67,1,4,3,2200,18000
0,71,19,184,70,1,3,2,4000,25000
0,70,31,185,79,1,4,2,1200,10000
0,70,20,180,70,1,3,2,3500,9000
0,66,26,178,78,1,2,3,1100,2000
0,70,27,185,74,1,2,3,1500,5000
0,73,21,168,56,1,4,4,7000,18000
0,69,32,180,73,1,4,3,925,500
0,70,25,179,65,1,2,2,2100,4000
0,71,23,176,72,1,4,3,3600,6000
0,69,30,172,69,1,3,4,1300,24000
0,78,25,174,64,1,4,3,19000,48000
0,72,26,172,69,1,3,3,2600,11000
0,77,24,186,89,1,4,3,17000,47000
0,74,32,186,80,1,3,3,3400,13000
0,69,23,170,64,1,3,2,2200,4000
0,72,23,171,69,1,3,3,3300,11000
0,70,22,170,65,1,4,3,2500,9000
0,68,21,177,68,1,3,3,3000,4000
0,67,30,170,69,1,3,3,1000,4000
0,76,22,170,67,1,4,4,17000,900
0,77,36,186,86,3,2,3,3600,25000
0,74,25,185,74,1,3,4,5000,24000
0,75,21,177,77,1,3,4,9000,31000
0,76,25,188,77,1,3,2,9500,25000
0,69,27,185,84,1,3,2,1500,2000
0,71,33,184,79,2,3,3,975,3000
0,67,22,168,63,1,3,2,2100,3000
0,74,26,180,71,1,2,2,4800,41000
0,76,30,184,73,2,4,4,7000,50000
0,69,30,172,73,1,2,3,1300,16000
0,72,28,173,75,1,3,2,2100,21000
0,76,28,171,75,1,4,4,7500,20000
0,71,22,191,83,1,3,2,3900,13000
0,86,27,188,80,3,3,2,68500,105000
0,74,22,168,58,1,3,4,9500,17000
0,73,31,179,71,2,3,3,2500,22000
0,70,22,173,64,1,2,2,3100,500
0,65,33,178,72,1,4,3,0.0,0
0,75,27,189,85,2,3,3,6000,71000
0,68,20,180,72,1,3,2,2900,4000
0,70,27,179,68,1,3,3,1800,15000
0,72,34,187,82,2,3,3,750,10000
0,76,37,175,68,3,4,5,2400,10000
0,70,30,186,85,1,3,2,1400,12000
0,72,29,184,80,1,3,3,2000,3000
0,65,26,173,62,1,4,3,825,3000
0,77,28,185,78,2,5,4,11000,100000
0,72,28,175,73,1,3,4,2400,38000
0,67,25,181,78,1,3,2,1400,4000
0,76,26,181,70,1,3,3,9000,15000
0,74,32,174,72,3,3,2,3200,20000
0,71,20,168,60,1,3,2,4100,43000
0,76,22,175,72,1,3,4,17000,1000
0,73,26,176,70,1,4,4,3600,1000
0,72,27,175,67,1,2,2,2300,9000
2,68,29,170,64,1,2,3,1200,5000
0,67,26,183,73,1,3,3,1300,2000
0,70,26,175,72,1,3,3,1700,8000
0,78,26,190,85,2,3,2,15500,57000
0,76,31,182,73,2,3,3,6500,38000
0,78,36,183,78,2,3,3,1200,60000
0,74,28,172,68,1,4,3,3800,15000
0,71,28,172,69,1,3,3,1900,6000
0,69,25,178,69,1,4,2,2000,8000
0,66,29,178,74,1,3,3,750,5000
0,68,25,181,78,1,2,3,1600,6000
0,69,28,172,75,1,2,2,1300,4000
0,69,21,183,74,1,3,2,3000,2000
0,68,23,174,67,1,4,4,2400,6000
0,79,33,190,94,4,4,2,8500,60000
0,76,30,183,82,1,4,3,7500,1000
0,71,26,185,71,1,3,3,2000,11000
0,72,30,168,62,1,2,3,2300,10000
2,74,38,180,72,2,3,3,750,16000
0,72,28,171,64,1,3,2,0.0,0
0,72,26,187,83,1,3,3,2800,13000
0,75,24,170,66,1,2,3,7000,33000
0,73,27,177,72,1,3,3,3500,23000
0,73,31,177,78,1,3,3,2600,26000
0,69,19,172,68,1,4,3,3600,500
0,68,23,175,73,1,4,4,2400,6000
0,74,32,172,66,2,4,4,3300,27000
0,71,23,180,75,1,3,3,3700,31000
0,75,25,184,75,1,3,3,6500,31000
0,73,22,179,77,1,3,2,3600,14000
0,71,31,168,62,1,4,3,1600,12000
0,68,32,180,73,2,2,3,825,3000
0,70,23,179,71,1,3,3,2400,8000
0,73,34,171,76,3,4,3,1000,23000
0,70,37,179,75,1,3,2,500,4000
0,71,36,177,75,2,3,3,130,25000
0,68,27,182,75,1,3,2,1300,6000
0,76,25,186,76,3,5,2,9000,54000
0,74,31,180,75,1,3,2,3000,8000
0,71,31,177,72,1,4,3,1600,850
0,79,31,186,81,2,4,2,12000,59000
0,75,28,188,79,1,3,3,6000,26000
0,75,28,179,65,1,3,3,5500,1000
0,71,22,183,78,1,2,4,3800,800
0,71,29,183,80,1,2,2,1600,14000
0,77,31,190,94,4,4,4,9000,25000
0,75,30,182,75,1,4,2,5500,9000
0,69,27,174,70,1,3,3,1500,11000
0,77,27,182,81,2,3,2,11000,25000
0,69,21,175,71,1,3,3,3200,3000
0,75,26,181,74,1,3,3,7500,42000
0,76,29,183,87,1,4,3,7500,19000
0,72,29,170,69,1,3,2,2000,6000
0,78,25,183,78,2,3,3,18500,44000
0,70,36,180,78,1,3,3,350,2000
0,69,32,187,82,2,3,3,925,4000
0,73,21,173,68,1,3,4,7000,11000
0,77,24,187,84,2,4,3,15500,39000
0,74,25,182,74,2,4,3,6500,24000
0,75,22,174,78,1,3,3,12500,28000
0,70,22,178,68,1,3,3,3000,5000
0,74,24,183,75,2,3,3,5000,36000
0,69,23,178,76,1,3,3,2200,2000
0,74,24,177,65,1,3,3,6000,37000
0,77,28,175,67,2,4,4,11000,28000
0,78,32,196,91,2,3,3,0.0,0
0,77,24,182,71,1,3,3,15000,22000
0,68,22,170,69,1,4,3,2700,6000
0,71,30,182,74,1,3,3,1800,7000
0,75,28,166,60,1,4,3,5500,1000
0,70,21,183,73,1,4,3,3400,15000
0,73,33,172,72,2,3,3,950,1000
0,73,41,169,68,2,3,3,0.0,7000
0,75,26,181,73,1,4,4,7500,41000
0,76,30,184,82,1,3,2,6000,25000
0,75,30,188,86,1,3,4,5500,20000
0,69,23,177,68,1,3,3,2100,4000
0,76,24,170,66,2,3,4,11000,49000
0,75,36,187,80,2,4,5,0.0,0
0,72,26,185,84,1,3,3,0.0,0
0,65,22,173,77,1,3,2,1500,500
0,68,29,185,77,1,3,2,1000,6000
0,68,21,178,65,1,3,3,2700,4000
0,74,28,178,67,1,3,3,4100,37000
0,71,32,179,69,2,3,2,0.0,0
0,68,23,174,70,1,3,2,1800,15000
2,69,29,178,75,1,3,2,1200,6000
0,69,25,182,78,1,3,2,1800,3000
0,76,35,184,80,2,3,4,3200,22000
0,79,26,178,74,1,3,3,0.0,0
0,73,28,175,65,2,3,4,3100,16000
0,75,21,177,68,1,2,2,8000,41000
0,69,25,181,75,1,4,3,1900,8000
0,67,25,174,69,1,4,3,1200,4000
0,73,19,185,73,1,4,4,6500,20000
0,83,35,178,80,3,3,2,1300,100000
0,72,21,178,70,1,2,2,5000,3000
0,72,29,188,85,1,3,3,2300,20000
0,76,27,189,88,2,4,4,9000,56000
0,68,36,178,82,2,3,3,160,3000
0,77,29,180,73,3,3,3,9000,50000
0,68,31,181,79,1,3,3,1000,7000
0,68,28,177,79,1,3,4,1200,18000
0,70,22,182,75,1,3,3,3600,12000
0,67,31,169,69,1,3,2,850,500
0,68,24,185,70,1,4,3,1800,5000
0,72,25,176,63,1,4,4,2800,700
0,75,28,193,91,2,3,4,6000,29000
0,73,28,183,80,1,2,2,3100,10000
0,75,26,179,77,1,2,2,6500,12000
0,72,23,175,68,1,3,4,4500,10000
0,77,22,176,61,1,3,3,23500,62000
0,72,32,177,71,1,3,3,1700,20000
0,77,34,186,79,3,4,3,4700,8000
0,75,27,190,77,1,3,2,6000,23000
0,76,29,173,67,2,3,3,6500,22000
0,71,24,177,67,1,3,3,2900,13000
0,69,27,176,70,1,3,3,1600,5000
0,72,23,178,70,1,3,3,3700,13000
0,78,26,165,58,1,4,4,16500,82000
0,67,22,171,65,1,3,2,2300,21000
0,74,34,165,63,2,3,3,2000,30000
0,72,30,182,70,2,3,3,2000,9000
0,69,30,180,75,1,2,2,1100,4000
0,68,29,170,72,1,3,3,1100,5000
0,75,32,180,80,1,3,3,4600,43000
0,78,27,186,81,2,4,2,16000,105000
0,66,25,175,73,1,3,2,1200,500
0,67,35,173,61,1,3,3,180,3000
0,69,25,180,64,1,3,2,1800,14000
0,74,23,177,79,1,3,4,6500,15000
1,70,27,180,80,1,4,3,1700,6000
0,66,25,178,65,1,2,3,1000,4000
0,77,26,192,90,2,3,2,12000,48000
0,75,27,180,75,1,3,3,6000,23000
0,69,25,185,70,1,3,3,1900,23000
0,76,31,186,84,2,4,2,0.0,0
0,74,27,173,72,1,3,3,4400,24000
0,76,24,158,55,2,5,4,11000,37000
0,71,21,187,77,1,3,3,4200,23000
0,75,30,183,78,2,4,4,5500,33000
0,72,24,180,75,1,3,3,4700,11000
2,66,23,170,65,1,4,2,1200,4000
0,67,22,172,68,1,3,3,1600,3000
0,73,25,185,68,1,3,3,3600,8000
0,79,25,180,75,1,3,3,24500,39000
0,70,29,180,78,2,3,3,1600,35000
0,71,23,170,65,1,3,3,4200,7000
0,70,25,182,72,1,3,3,2100,9000
0,82,33,190,85,4,3,2,10500,29000
0,75,32,181,79,2,3,2,3700,23000
0,70,20,178,70,1,3,3,3500,7000
0,67,28,188,70,1,3,3,900,4000
0,71,25,168,70,1,4,2,2400,5000
0,69,29,183,81,1,2,2,1200,500
0,69,22,183,80,1,3,3,2200,10000
0,73,23,190,85,1,3,2,4400,11000
0,69,27,180,75,1,2,2,1300,500
0,75,27,190,88,2,3,2,6000,21000
0,72,19,181,72,1,3,4,4600,4000
0,72,26,183,71,1,2,3,2800,36000
1,67,33,177,71,1,4,2,525,4000
0,70,27,175,71,1,3,4,1900,850
0,70,22,169,68,1,4,3,3400,8000
0,69,23,176,65,1,4,4,2200,7000
0,69,24,190,82,1,3,3,1800,4000
0,77,23,183,71,1,3,3,17000,68000
0,70,28,187,82,1,4,3,1600,17000
0,67,35,175,67,2,4,3,425,2000
0,75,28,178,71,1,2,3,5500,60000
0,68,36,183,80,1,3,2,220,3000
0,73,26,181,78,1,3,3,0.0,0
0,72,29,180,76,1,3,2,2100,19000
0,73,25,182,71,1,3,3,3700,14000
0,70,27,180,72,1,4,3,1500,41000
0,72,21,170,66,1,3,3,5000,43000
0,72,22,181,72,1,4,2,5000,44000
0,75,27,190,76,1,4,3,6500,54000
0,72,30,171,65,1,3,3,2300,950
0,69,27,180,77,1,3,3,1600,4000
0,71,30,174,75,1,1,4,1800,5000
0,70,32,183,75,1,2,2,1100,18000
0,74,25,180,74,1,3,3,4700,24000
0,73,26,181,70,1,2,3,3400,7000
0,69,28,172,75,1,3,3,1400,5000
0,72,27,185,85,1,2,4,2500,750
0,67,32,177,73,1,3,3,800,3000
0,73,34,180,78,1,3,3,1400,9000
0,79,27,182,78,1,3,2,18500,40000
0,68,21,170,60,1,3,3,2700,5000
0,72,21,180,72,1,3,3,5500,6000
0,67,23,171,66,1,3,3,2300,3000
0,72,28,175,74,1,3,3,2300,18000
0,71,26,178,76,1,2,3,2400,6000
0,68,22,185,79,1,4,3,1900,14000
0,66,22,176,67,1,3,2,1700,500
0,68,32,180,72,1,3,3,650,5000
2,72,28,179,72,1,4,4,2400,9000
0,75,27,172,75,1,4,3,6000,43000
0,77,21,175,70,1,3,2,20000,49000
0,66,36,178,70,2,3,2,70,4000
0,70,24,184,72,1,3,3,2400,15000
0,68,28,170,76,1,3,2,1100,500
0,77,39,170,72,4,5,5,3600,22000
0,73,34,192,86,2,3,2,1000,7000
0,73,24,190,77,1,3,2,4400,35000
0,74,26,183,72,1,2,3,4400,14000
0,78,29,196,77,2,2,3,12000,72000
0,66,28,175,78,1,3,3,850,500
0,76,30,178,75,1,3,4,7000,23000
0,71,22,174,64,1,3,3,4200,6000
0,69,23,179,70,1,3,3,3100,5000
0,69,35,173,71,1,3,3,550,2000
0,79,24,183,77,2,3,2,32500,65000
0,75,22,170,58,1,3,4,11500,16000
0,69,20,176,74,1,3,2,2900,13000
0,73,25,180,68,1,3,2,3400,8000
0,75,20,180,73,1,3,3,12500,27000
0,72,23,176,74,1,3,2,3500,6000
0,71,27,186,77,1,3,3,2100,6000
0,67,23,182,64,1,4,3,2000,10000
0,74,25,178,75,1,4,3,6000,18000
0,69,22,186,72,1,3,3,2200,4000
0,74,20,175,70,1,4,3,10000,34000
0,74,25,168,70,1,3,2,5500,22000
0,72,29,177,69,1,3,3,2300,16000
0,71,33,180,74,2,2,2,975,27000
0,71,32,177,69,1,3,3,1300,11000
0,69,22,175,67,1,2,2,2100,4000
0,76,29,184,72,1,2,3,7500,23000
0,67,26,167,64,1,4,3,1300,14000
0,74,34,186,81,2,3,3,3000,21000
0,67,26,179,70,1,4,3,1100,3000
2,68,30,175,67,1,3,3,1200,5000
0,75,25,176,74,1,3,3,6500,44000
0,69,30,177,76,2,4,4,1300,7000
0,71,25,178,75,1,3,3,2600,7000
0,77,24,174,71,1,4,4,15000,39000
0,67,30,170,69,1,3,4,975,500
0,67,22,178,68,1,3,3,2100,12000
0,65,31,169,72,1,3,2,575,3000
0,66,25,175,75,1,3,3,1200,2000
0,74,23,174,60,1,3,3,9500,9000
0,75,27,193,92,1,3,2,6500,900
1,67,22,183,70,1,4,2,2300,6000
2,71,25,181,73,1,2,3,2400,6000
0,66,35,182,82,1,3,2,350,2000
0,71,27,175,68,2,3,2,1800,5000
0,69,23,173,63,1,3,3,2800,7000
0,75,34,172,70,2,4,4,2100,25000
0,78,20,183,66,1,2,3,26500,33000
0,69,21,178,72,1,3,4,3200,4000
0,72,27,174,68,1,2,3,2500,40000
0,69,25,185,81,1,5,4,1700,6000
0,72,31,162,65,1,2,3,1900,7000
0,67,26,186,80,1,3,3,1300,9000
0,73,35,179,76,4,3,3,1200,3000
2,65,30,180,73,1,4,2,675,3000
0,69,25,176,70,1,4,4,1800,6000
0,67,29,178,74,1,3,2,875,4000
0,64,20,178,70,1,3,3,1500,11000
0,74,25,180,80,1,3,3,6500,19000
0,77,26,183,75,2,4,4,12500,40000
0,71,20,173,72,1,3,3,4100,5000
0,67,26,165,65,1,3,3,1200,500
0,76,23,187,79,1,3,2,11000,27000
0,69,25,177,76,1,3,3,2100,3000
0,74,24,190,82,1,3,3,8500,12000
0,70,20,168,57,1,4,2,3700,29000
0,69,27,177,72,1,3,3,1300,8000
0,67,27,180,72,1,3,2,1100,500
0,69,37,174,70,1,3,3,450,500
0,71,26,170,67,1,3,3,2300,11000
0,72,23,179,71,1,3,3,4700,17000
0,71,27,170,73,1,4,3,2000,10000
0,75,21,183,67,1,5,3,12500,34000
0,73,22,177,66,1,3,4,7000,12000
0,70,25,185,78,1,3,2,2200,5000
0,67,20,175,64,1,4,3,1200,3000
0,82,34,192,88,3,3,3,10000,59000
0,69,29,183,88,1,3,2,1200,2000
0,81,23,186,90,2,3,3,37000,54000
0,74,29,191,84,1,3,3,4100,23000
0,67,30,189,76,1,4,3,975,500
0,69,32,178,86,1,3,3,0.0,0
0,72,24,185,81,1,3,3,3100,13000
1,66,33,183,79,2,4,3,525,3000
1,67,23,178,70,1,3,3,1400,4000
0,70,21,178,72,1,3,2,3800,5000
0,71,20,183,71,1,2,2,3900,500
0,78,22,172,62,1,4,4,28500,72000
0,71,25,178,65,1,3,3,2200,750
0,69,31,183,77,1,3,3,1100,3000
0,71,22,186,77,1,3,2,3600,20000
0,85,26,195,99,3,3,3,59000,72000
0,79,29,188,81,1,4,2,14500,45000
0,68,18,188,83,1,3,2,2800,6000
0,72,20,184,73,1,4,4,5000,25000
0,66,29,185,76,2,4,2,0.0,0
0,66,21,186,82,1,4,2,1800,3000
0,68,26,179,72,1,4,3,1300,8000
0,74,34,187,88,2,3,3,2200,2000
2,67,32,178,71,1,4,2,825,5000
0,68,23,170,67,1,3,3,1700,3000
0,70,32,173,70,2,3,3,1300,12000
0,68,36,191,80,1,3,2,220,2000
0,71,23,183,72,1,4,4,3000,14000
0,70,18,179,65,1,3,3,3700,15000
0,76,23,167,66,1,4,3,12000,8000
2,79,23,188,84,1,5,2,26000,65000
0,66,26,178,75,1,3,3,1000,4000
0,69,30,180,80,1,3,3,1200,6000
0,70,29,176,70,1,3,3,1400,8000
0,76,29,167,61,1,3,3,7500,21000
0,76,19,184,73,1,2,2,15000,25000
0,71,27,183,79,1,4,4,2000,30000
0,76,25,177,70,1,4,4,0.0,0
0,78,32,185,80,2,2,2,9000,11000
0,70,28,176,74,1,2,4,1600,12000
0,64,39,169,68,1,3,3,1,0
0,78,23,168,65,1,3,4,22000,15000
0,73,20,172,63,1,3,4,6500,14000
0,69,24,184,77,1,2,2,2700,4000
0,67,31,180,70,1,3,3,825,4000
0,71,23,174,65,1,4,3,2700,700
2,68,31,182,71,1,4,3,1000,5000
0,68,32,179,75,1,3,2,825,4000
0,77,24,183,79,2,3,2,22000,31000
0,71,22,175,72,1,4,3,4200,3000
0,72,29,180,73,1,2,3,2100,10000
0,67,27,185,75,1,3,3,1200,6000
0,68,28,179,72,1,3,3,1200,4000
0,74,27,178,78,1,3,3,4900,9000
0,68,21,173,70,1,2,2,1700,4000
0,73,33,180,77,1,4,3,1900,4000
0,73,26,189,81,1,3,2,3500,17000
0,64,21,173,60,1,2,2,1300,3000
0,75,27,188,92,1,4,3,6000,22000
0,70,23,169,70,1,3,2,3000,500
0,68,19,184,82,1,3,3,2700,3000
0,69,35,178,74,1,3,3,550,3000
0,66,31,174,65,1,3,3,625,500
0,67,24,178,74,1,2,3,1500,500
0,73,23,183,81,1,3,4,7000,31000
0,74,28,178,76,2,3,3,3800,60000
0,72,22,174,73,1,3,3,4800,15000
0,72,37,171,72,3,5,3,800,16000
0,69,25,175,70,1,2,2,2000,6000
2,74,31,178,72,2,4,4,3500,26000
0,74,28,174,60,1,3,3,4200,1000
0,76,25,183,75,2,4,4,9000,26000
0,68,25,178,77,1,2,2,1500,13000
0,69,28,173,64,1,3,3,1400,500
0,68,19,181,67,1,3,2,2500,8000
0,69,28,172,64,1,3,2,1400,4000
0,76,33,170,63,3,3,4,4700,87000
0,68,21,180,73,1,3,3,2700,8000
0,69,24,186,75,1,2,2,2100,23000
0,70,24,179,70,1,3,2,2400,2000
0,80,22,171,63,1,5,4,25000,27000
0,70,32,188,82,1,3,3,1100,17000
0,80,21,192,85,2,3,2,40000,58000
0,73,34,176,79,1,3,3,1400,1000
0,80,26,184,89,1,2,2,24500,54000
0,77,24,183,85,1,2,3,14500,56000
0,65,27,178,79,1,4,2,700,1000
0,73,26,175,71,2,4,3,3600,10000
2,69,24,172,63,1,4,2,2000,6000
0,68,36,169,67,1,4,3,240,5000
0,71,35,180,75,1,3,2,725,5000
0,76,27,190,83,2,3,3,9000,15000
0,72,24,178,70,1,3,3,3300,40000
0,74,22,183,75,1,3,4,9500,21000
0,74,30,190,80,1,3,3,4100,54000
0,74,24,173,72,1,3,2,5500,16000
0,72,32,190,68,1,3,4,1900,5000
0,69,30,183,77,1,3,2,1200,8000
0,76,34,163,61,2,3,4,3500,20000
0,73,25,189,82,1,4,3,4000,10000
0,65,27,177,71,1,3,3,750,500
0,70,29,168,62,1,3,3,1600,11000
0,73,23,184,75,1,2,2,6000,28000
0,64,24,173,70,1,3,2,875,2000
2,71,34,170,68,2,4,2,700,7000
0,73,29,187,83,1,3,2,2800,12000
2,66,24,175,70,1,4,2,975,3000
0,70,21,177,70,1,3,2,3600,4000
0,68,30,178,68,1,3,3,1000,3000
0,75,23,185,78,1,3,2,8000,42000
0,80,35,186,83,3,4,4,0.0,0
0,72,35,188,80,2,4,2,650,10000
0,76,24,192,83,1,3,2,11000,44000
0,73,23,178,69,1,4,3,0.0,0
0,66,26,182,77,1,4,4,925,4000
1,66,36,185,75,1,4,3,300,3000
0,70,27,180,75,1,3,3,1700,19000
0,77,27,184,80,3,3,2,0.0,0
1,63,29,178,66,1,3,3,475,5000
0,69,28,185,82,1,2,3,825,7000
0,77,24,185,76,1,2,4,16500,39000
1,67,31,182,84,1,3,3,0.0,0
0,66,24,183,73,1,2,3,1300,3000
0,73,29,183,92,2,3,3,3000,16000
0,67,34,175,66,1,3,3,350,3000
0,66,30,180,75,1,3,3,825,3000
0,69,25,180,70,1,3,2,2000,3000
0,75,20,180,78,1,3,3,11000,11000
0,79,28,201,98,1,2,3,18000,24000
0,69,26,183,70,1,3,2,1600,14000
0,78,22,187,85,1,3,2,17000,31000
0,69,24,182,77,1,3,2,2000,6000
0,68,29,178,72,1,3,3,1200,22000
0,67,23,176,69,1,3,2,1500,7000
0,74,23,179,68,1,3,3,9000,34000
0,71,26,184,78,2,3,3,2200,16000
0,67,19,180,67,1,3,3,2100,5000
0,73,18,169,67,1,3,3,7000,3000
0,72,29,195,84,1,3,3,2000,33000
0,74,27,181,81,1,3,3,4100,22000
0,71,28,185,75,1,3,2,1600,15000
0,75,33,191,90,2,4,3,3600,50000
0,71,28,183,80,1,3,4,1900,7000
1,69,26,184,77,1,4,3,1600,12000
0,80,21,182,72,1,4,4,43000,65000
0,75,21,181,71,1,4,3,12500,43000
0,73,25,175,70,2,4,4,4000,19000
0,71,22,183,72,1,2,3,3600,33000
0,67,20,180,75,1,5,3,2500,9000
0,73,20,187,77,1,2,4,6500,7000
0,65,26,178,77,1,3,3,850,1000
2,70,24,175,67,1,3,3,2300,7000
0,66,29,172,72,1,3,3,0.0,0
0,68,23,174,66,1,3,2,1800,3000
0,71,32,175,72,3,4,4,1500,6000
0,78,33,183,86,3,3,2,4200,40000
0,69,26,172,71,1,3,2,1700,2000
0,78,24,200,93,2,3,3,20500,27000
0,70,31,185,74,3,3,3,1300,16000
0,67,27,176,76,1,3,2,1000,500
0,75,30,186,75,2,3,3,5500,21000
0,69,26,180,73,1,4,2,1500,7000
0,71,33,185,84,1,3,3,1200,6000
0,78,23,187,73,1,3,4,22500,29000
0,75,21,163,62,1,3,2,12000,35000
0,71,28,189,89,1,3,2,1800,700
0,66,30,168,65,1,2,3,600,3000
0,74,20,178,75,1,3,3,9500,63000
0,69,24,184,77,1,3,3,1800,15000
0,77,29,181,75,3,4,3,10500,75000
0,67,23,182,73,1,3,2,2000,4000
0,72,28,181,79,1,5,4,2400,17000
0,75,21,183,74,1,3,3,12500,26000
0,73,36,168,65,2,4,4,1000,8000
2,69,33,175,65,1,3,2,700,2000
0,71,25,189,81,1,4,4,2200,650
0,71,21,180,71,1,4,3,4200,500
0,66,26,183,79,1,3,2,1100,500
0,71,29,175,72,1,2,3,1800,16000
0,71,35,175,78,2,3,2,130,5000
0,79,24,194,88,1,3,3,24500,21000
0,71,25,187,81,1,3,3,2600,17000
0,69,24,187,80,1,4,2,2600,4000
2,66,27,178,70,1,3,2,875,1000
0,72,23,180,74,1,2,3,3300,16000
0,75,24,196,94,1,3,3,11500,33000
0,65,29,173,67,1,3,3,700,6000
0,79,19,172,60,1,4,3,38000,21000
0,66,25,174,70,1,3,3,1000,500
0,74,28,167,68,1,4,3,4200,14000
0,69,29,183,70,1,4,3,1400,6000
0,66,21,165,61,1,2,4,1900,500
2,67,25,171,71,1,3,3,1300,16000
0,72,27,173,70,1,3,3,2500,14000
0,78,29,185,78,2,3,3,14000,35000
0,67,21,177,66,1,3,3,2300,14000
0,71,22,179,69,1,3,3,4000,12000
0,75,24,173,75,1,2,4,7500,47000
0,70,20,181,80,1,3,2,3300,6000
0,71,22,175,70,1,3,3,4200,25000
0,64,24,176,74,1,3,3,850,900
0,72,27,180,82,1,4,4,2500,26000
0,65,25,177,80,1,4,3,1000,4000
0,67,25,177,71,1,3,2,1200,5000
0,73,37,180,76,1,4,4,1000,4000
0,66,30,188,82,1,3,2,725,500
0,68,21,180,78,1,2,2,2700,4000
0,71,33,180,81,1,4,3,1200,11000
2,70,25,170,63,1,3,3,2100,7000
0,72,26,181,72,1,3,3,2600,16000
0,71,37,172,69,1,3,4,275,7000
0,65,26,175,70,1,3,2,825,2000
2,67,23,171,67,1,3,2,1300,3000
0,73,28,175,68,1,2,3,3100,17000
0,68,18,178,68,1,4,4,3100,8000
0,75,24,173,67,1,3,3,8500,27000
0,73,25,169,66,1,4,4,4000,7000
0,71,34,183,90,2,3,2,900,24000
0,65,19,180,74,1,3,3,1700,3000
0,67,23,186,77,1,2,2,1900,5000
0,68,28,175,75,1,3,2,1000,4000
0,64,27,174,68,1,3,3,625,2000
0,71,22,188,85,1,3,2,3900,700
0,65,20,185,73,1,2,2,1800,7000
0,67,25,177,72,1,3,2,1200,500
0,71,29,181,72,1,3,3,1600,6000
0,70,31,183,75,1,4,4,1300,20000
0,74,29,186,77,1,3,2,0.0,0
0,73,21,176,68,1,3,3,4700,12000
0,64,30,173,66,1,4,3,550,1000
0,72,28,177,74,1,3,3,2100,4000
0,69,23,180,78,1,3,2,2100,5000
0,75,28,163,65,1,3,3,5500,24000
2,68,35,174,70,2,4,3,525,3000
0,65,25,175,78,1,3,3,950,500
0,75,24,187,80,1,3,3,8000,40000
0,70,20,177,66,1,3,3,3700,31000
0,70,21,175,70,1,3,2,3400,500
0,70,27,182,75,1,3,3,1700,24000
0,73,23,177,76,1,3,2,4300,25000
0,70,25,187,74,1,3,2,2000,550
0,70,19,186,75,1,3,3,3800,16000
0,73,30,175,71,1,4,3,2900,850
0,66,35,181,78,1,4,3,210,2000
0,65,32,171,71,1,3,3,475,3000
1,68,27,178,65,1,3,3,1400,5000
0,67,32,183,80,1,3,3,800,2000
1,67,27,174,73,1,3,2,1100,1000
0,69,23,173,71,1,3,3,3100,7000
0,69,25,170,65,1,3,3,1700,4000
0,70,30,165,64,1,4,4,1500,500
0,66,21,176,70,1,3,2,1900,3000
0,70,22,172,68,1,3,4,3400,23000
0,74,36,185,91,3,3,2,750,41000
0,70,23,173,70,1,3,2,2300,25000
0,73,21,175,66,1,3,3,7000,33000
0,71,25,185,82,1,2,2,2200,7000
0,73,24,169,60,1,3,4,4200,43000
0,67,30,173,75,1,3,2,975,5000
0,67,30,172,70,1,2,3,875,500
0,77,31,191,80,2,3,3,7500,26000
0,68,27,172,73,1,3,3,1300,7000
1,71,30,168,64,1,4,4,0.0,0
0,78,31,189,89,3,3,2,10000,61000
0,66,22,175,71,1,2,3,1900,3000
0,69,20,175,70,1,3,3,3200,11000
0,68,23,184,79,1,3,2,1700,6000
0,66,26,173,68,1,2,3,850,2000
0,67,27,175,72,1,3,3,1200,500
0,65,29,188,84,1,4,3,600,3000
1,73,21,173,68,1,3,4,7000,15000
0,70,20,176,68,1,3,2,3500,8000
0,66,25,173,76,1,4,3,1100,5000
0,64,22,169,71,1,3,3,1300,500
0,66,30,172,66,1,4,2,400,4000
0,75,23,173,71,1,2,4,9000,46000
0,74,25,191,93,1,3,3,6000,61000
0,70,24,172,66,1,3,2,2200,600
0,73,24,177,70,1,3,3,4800,10000
0,75,27,178,64,1,3,4,6000,12000
0,69,28,185,82,1,3,3,1400,7000
0,69,22,184,75,1,3,3,3100,5000
0,74,19,184,74,1,4,4,9000,14000
0,69,24,183,76,1,3,2,1900,6000
0,73,25,176,72,1,4,3,3600,11000
0,68,23,176,66,1,3,3,2700,9000
0,70,24,173,62,1,3,3,2200,500
0,73,20,183,75,1,4,4,6500,47000
0,72,28,177,81,1,3,3,2400,12000
1,70,33,180,70,2,4,4,1000,7000
0,72,23,179,81,1,3,2,4400,24000
0,72,29,183,77,1,4,2,2100,650
0,77,25,191,70,1,3,2,0.0,0
0,72,24,180,75,1,3,3,4500,17000
0,67,27,186,75,1,5,2,1200,4000
0,82,28,180,71,1,3,2,29000,43000
0,74,26,179,69,1,4,4,4600,19000
0,66,20,174,67,1,3,2,2100,5000
0,63,30,172,70,1,3,2,275,500
0,73,24,182,70,1,3,3,4400,27000
0,69,23,173,72,1,3,3,1800,5000
0,69,24,182,72,1,3,4,2000,8000
0,68,25,183,80,1,2,2,1600,3000
0,67,21,176,74,1,3,2,2300,7000
0,68,21,185,73,1,3,2,2800,5000
0,66,20,179,72,1,4,3,2100,20000
0,70,25,185,73,1,3,3,2100,22000
0,68,22,181,70,1,3,3,2700,6000
0,69,23,173,67,1,2,3,3100,8000
0,66,23,191,78,1,3,3,1700,3000
0,68,24,176,74,1,3,2,0.0,0
0,83,27,185,80,2,3,2,38500,68000
0,70,24,183,78,1,3,3,2400,13000
0,73,26,178,71,1,2,3,3300,31000
0,72,33,187,80,1,5,3,1500,23000
0,66,25,171,76,1,3,2,800,3000
0,67,30,185,77,1,2,3,875,1000
0,69,29,184,75,2,2,2,750,40000
0,66,24,182,74,1,2,3,1200,10000
0,65,23,172,68,1,3,3,1000,3000
0,69,30,189,75,1,3,2,1200,6000
0,67,29,180,69,1,3,3,1000,3000
1,70,32,173,70,1,4,3,1300,8000
1,70,23,177,70,1,3,3,3500,7000
0,73,30,184,83,3,2,2,2500,10000
0,74,27,184,81,1,4,4,4600,22000
0,69,19,183,73,1,3,3,3300,12000
0,71,31,185,86,1,4,3,1600,7000
0,76,31,180,79,2,3,3,6500,33000
0,69,32,186,85,1,3,2,900,500
0,68,23,175,73,1,3,3,2500,500
0,69,25,183,74,1,3,3,1900,2000
0,70,23,165,64,1,3,3,2500,20000
2,66,29,177,74,1,2,2,850,4000
0,70,25,185,80,1,2,3,2000,16000
0,71,22,170,66,1,5,4,3800,12000
0,69,29,178,72,1,3,3,1200,7000
0,71,31,183,76,1,3,2,0.0,0
0,65,23,186,80,1,2,3,1100,3000
0,67,20,179,76,1,3,3,2300,6000
0,67,25,175,65,1,2,3,1500,9000
0,67,20,165,61,1,3,4,2500,500
0,68,25,178,74,1,3,2,1700,2000
0,71,32,185,84,2,3,5,1500,10000
0,69,23,174,67,1,4,2,2200,500
0,78,27,189,90,1,4,3,16500,63000
0,70,26,185,70,1,3,3,2000,3000
0,75,29,189,83,1,4,3,5500,26000
0,76,37,181,70,1,3,3,2600,12000
0,73,25,175,64,1,2,3,3900,17000
0,65,32,178,73,1,3,3,500,1000
0,66,30,170,68,1,3,2,725,500
0,75,31,188,88,1,3,3,4800,15000
0,66,29,178,70,1,3,3,825,5000
0,73,24,178,64,1,3,2,3800,42000
0,68,27,177,76,1,3,3,1300,6000
0,69,24,176,67,1,5,2,2000,500
0,72,24,189,78,1,2,3,3400,16000
0,70,32,173,68,1,4,3,1300,6000
0,72,31,175,76,1,4,3,0.0,0
0,67,30,172,71,1,3,3,975,2000
0,70,22,188,80,1,2,2,3400,4000
0,72,30,180,78,1,3,3,2300,38000
0,75,20,174,69,1,4,4,12500,32000
0,65,30,187,86,1,2,3,700,4000
0,67,22,173,61,1,4,3,2300,14000
1,72,23,171,63,1,4,4,5000,9000
0,68,28,175,68,1,3,3,1200,7000
0,72,25,177,70,1,3,2,2900,3000
0,72,24,173,67,1,4,3,3600,16000
0,70,23,183,79,1,4,4,2400,550
0,70,27,183,80,1,3,3,1700,9000
0,66,23,186,73,1,3,2,1300,500
0,74,24,185,78,1,5,3,8500,47000
0,66,23,175,70,1,4,3,1200,3000
0,65,26,172,76,1,3,3,825,2000
0,69,24,179,75,1,4,3,2800,9000
0,65,21,177,65,1,3,2,1600,4000
0,71,20,188,72,1,3,3,3900,22000
0,78,22,171,59,1,5,4,31500,110000
0,66,28,181,74,1,3,3,850,3000
0,67,22,168,68,1,3,3,1600,500
0,69,21,188,80,1,4,4,3100,6000
0,72,21,177,75,1,3,2,5500,18000
0,63,34,176,67,1,3,3,220,1000
0,69,23,190,82,1,3,2,2800,4000
0,72,23,174,68,1,3,2,4900,16000
0,63,21,178,67,1,3,3,1200,7000
0,73,39,180,75,1,2,4,1000,3000
0,84,37,187,85,4,3,2,7500,11000
0,72,33,176,68,3,2,3,1500,35000
0,64,28,178,71,1,4,3,600,4000
0,70,27,185,87,1,4,3,1700,15000
0,72,29,180,70,2,4,4,2300,16000
0,67,33,180,77,1,3,4,625,500
0,68,28,183,79,1,4,3,1100,500
0,71,24,178,70,1,4,4,3000,6000
0,69,22,177,75,1,3,2,0.0,0
0,69,24,181,75,1,4,2,1900,4000
0,70,22,180,66,1,4,3,3600,7000
2,75,26,177,62,1,4,3,7000,18000
0,76,21,182,76,2,3,2,14000,67000
0,69,24,183,83,1,3,2,2000,5000
0,66,24,188,76,1,3,3,1300,1000
0,74,23,180,73,1,3,2,9000,49000
0,65,34,172,68,1,3,2,250,500
0,67,26,175,72,1,4,3,825,4000
0,71,24,169,70,1,3,3,2800,10000
2,71,26,180,75,1,3,3,2500,14000
0,71,21,175,76,1,3,3,4200,9000
0,71,24,179,66,1,3,2,3600,8000
0,78,22,182,79,1,3,2,14500,24000
0,72,21,178,71,1,5,4,5500,13000
0,70,24,185,76,1,5,2,0.0,0
0,65,22,182,71,1,3,3,1500,500
0,68,22,174,67,1,4,2,1700,7000
0,64,27,184,79,1,3,2,575,500
0,72,27,173,64,1,3,4,2500,7000
0,65,19,180,77,1,4,3,1500,500
0,69,31,185,77,2,4,3,875,20000
0,67,31,170,69,1,1,3,850,2000
0,72,29,178,80,2,4,4,2300,13000
0,73,32,178,69,2,3,3,2500,5000
0,71,31,188,86,1,3,2,1300,16000
0,66,30,175,74,1,3,3,825,4000
0,69,28,173,66,1,5,4,1400,5000
0,73,21,175,67,1,3,3,7000,10000
2,75,25,188,74,1,4,3,7500,22000
0,69,32,178,77,3,3,3,400,5000
0,65,32,176,70,1,5,3,475,13000
0,75,29,191,85,1,2,2,5000,44000
0,63,32,180,84,1,2,3,375,2000
0,65,22,191,70,1,3,2,1100,2000
0,69,22,185,81,1,3,3,2800,10000
0,77,33,187,82,2,3,2,3100,60000
0,69,28,176,73,1,4,3,1400,18000
0,76,20,175,78,1,3,3,12000,51000
0,70,23,178,72,1,4,3,3500,14000
0,77,31,173,69,2,3,3,7500,22000
0,69,28,173,72,1,3,3,1400,2000
0,65,26,180,72,1,2,2,850,1000
0,75,27,169,63,1,3,4,6000,14000
1,67,22,184,83,1,5,3,1400,6000
0,74,22,180,75,1,3,4,9500,13000
0,67,26,180,70,1,3,2,1100,4000
0,64,32,174,70,1,3,3,450,500
0,73,25,184,78,1,4,3,4100,27000
0,71,23,180,85,1,2,3,4000,24000
0,67,22,180,75,1,3,3,2300,4000
0,69,23,175,69,1,3,4,3100,500
0,69,36,184,73,2,3,3,450,6000
0,66,23,176,75,1,3,3,1900,7000
0,78,22,190,88,1,2,3,20500,34000
0,66,34,178,76,1,2,3,400,4000
0,74,35,172,68,1,3,3,1800,18000
0,69,23,183,78,1,2,2,2100,15000
0,72,23,176,75,1,3,3,5000,19000
0,73,30,175,65,1,3,3,2900,28000
0,73,29,179,76,1,5,4,3000,13000
0,70,27,174,63,1,3,3,1700,11000
0,71,22,180,77,1,3,4,4200,27000
0,72,24,177,78,1,4,4,3400,26000
0,73,30,185,73,1,4,3,3000,25000
0,65,22,170,61,1,2,3,1600,3000
0,67,27,178,76,1,3,3,1100,500
0,68,21,178,70,1,3,2,2700,1000
0,65,30,176,71,1,3,2,600,2000
0,71,24,178,65,1,3,3,2700,12000
0,72,23,183,69,1,3,3,3700,15000
0,71,21,184,80,1,3,2,3000,550
0,65,30,176,68,1,3,2,600,500
0,67,33,178,73,2,3,3,250,3000
0,75,22,178,66,1,3,3,12500,36000
0,68,23,170,65,1,2,3,1800,4000
0,65,24,173,60,1,3,3,825,4000
0,72,30,190,83,2,3,3,2300,17000
0,67,34,185,80,1,4,3,500,4000
0,69,27,175,71,1,3,3,1500,7000
0,73,23,176,71,1,4,3,4300,18000
0,70,22,182,62,1,3,3,3600,11000
0,72,25,175,74,1,3,3,3200,18000
0,75,35,187,75,1,3,3,2400,10000
0,66,28,180,74,1,3,3,850,500
0,72,28,172,64,1,4,3,2400,27000
0,78,38,189,91,3,4,3,2500,28000
0,72,19,193,77,1,3,3,5500,13000
0,64,21,186,79,1,3,2,1200,2000
0,72,22,180,69,1,3,3,2800,16000
0,67,21,176,75,1,3,2,2300,4000
0,71,22,184,75,1,3,3,4200,24000
0,74,26,182,90,1,3,3,5500,17000
0,69,29,187,72,1,3,3,1400,6000
0,70,27,176,82,1,4,3,1600,9000
0,74,32,179,70,3,4,4,3300,35000
0,71,29,175,67,1,3,3,1600,18000
0,67,24,170,70,1,3,3,2000,19000
0,69,26,186,75,1,3,3,1600,8000
0,74,31,175,64,1,3,3,3500,18000
0,74,25,180,77,1,2,3,5500,41000
0,75,39,175,68,1,4,4,1800,8000
0,67,32,171,64,1,3,3,0.0,0
0,73,31,180,82,2,4,2,2100,16000
0,65,21,180,80,1,3,2,1500,11000
0,74,24,187,77,2,3,4,6000,22000
0,78,26,185,82,1,4,2,15500,69000
0,71,22,190,85,1,3,2,3900,20000
0,71,38,187,91,2,5,3,650,600
0,70,23,184,79,1,2,2,2300,500
0,71,34,185,82,2,3,4,900,13000
0,68,30,178,73,1,3,2,1000,9000
0,68,25,175,68,1,4,3,1600,9000
0,68,28,178,75,1,3,3,1200,500
0,69,25,184,71,1,3,2,1600,500
0,71,27,174,67,1,3,3,2000,550
0,67,24,172,70,1,3,3,1500,500
1,72,30,183,76,1,3,2,0.0,0
0,70,32,187,79,2,3,2,1300,5000
0,72,30,172,64,1,4,3,2300,750
0,76,27,190,85,2,3,3,9000,48000
0,74,25,170,60,1,4,4,5500,8000
0,67,24,176,68,1,3,3,1600,4000
0,69,31,183,70,1,3,3,1000,15000
0,75,26,179,73,1,3,5,7500,26000
0,67,18,178,68,1,3,3,2600,4000
0,68,26,183,78,1,3,2,1200,7000
0,71,25,186,77,1,3,3,2400,18000
0,71,27,182,80,1,3,2,1800,14000
0,69,31,182,77,1,5,3,1200,12000
0,78,30,183,83,2,3,2,12000,51000
0,69,23,180,68,1,3,2,1900,19000
0,78,28,187,75,1,2,2,13500,38000
0,69,36,167,66,1,3,3,450,500
0,75,30,184,78,2,3,2,4600,17000
0,67,33,181,76,1,5,2,475,500
0,71,22,171,73,1,2,3,3000,8000
0,66,22,192,86,1,3,3,1700,3000
0,76,33,185,69,2,4,3,2400,20000
0,72,24,172,63,1,3,3,4700,7000
0,65,28,180,75,1,3,3,625,500
0,67,22,178,71,1,4,3,2000,9000
0,73,23,180,77,1,3,3,4400,12000
0,65,22,183,72,1,3,2,1600,3000
0,65,32,185,82,1,4,2,575,950
0,62,25,173,74,1,3,2,500,500
0,65,21,185,77,1,4,3,1800,5000
0,67,19,180,73,1,3,3,2400,5000
2,67,23,173,64,1,3,2,1500,4000
0,72,29,177,74,1,4,4,2300,7000
0,64,23,178,74,1,3,3,875,500
0,74,28,189,86,1,2,3,3800,27000
0,61,26,180,75,1,4,3,375,600
0,76,20,180,78,1,4,3,16500,13000
1,66,24,177,63,1,4,3,1300,2000
0,70,22,173,67,1,2,4,3600,5000
0,67,19,179,63,1,4,3,2600,16000
0,76,34,186,75,1,3,2,0.0,0
0,71,18,185,78,1,3,2,3700,5000
0,68,21,180,68,1,4,3,2700,6000
0,72,34,174,66,3,2,4,1100,8000
0,66,33,177,75,1,4,4,525,500
0,70,26,177,68,1,4,3,2100,11000
0,67,25,166,65,1,3,3,1300,500
0,66,21,173,68,1,3,3,1900,2000
0,68,22,171,63,1,3,3,1900,5000
0,74,21,175,61,1,4,4,9500,700
0,69,21,174,73,1,4,4,3000,500
0,69,27,171,75,1,3,2,1400,6000
0,63,21,173,72,1,4,2,1100,2000
0,73,30,191,78,2,3,3,2700,10000
0,73,27,184,83,1,2,2,3300,24000
0,68,36,185,77,2,4,3,375,3000
0,73,29,191,84,1,2,2,2800,750
2,72,33,177,72,1,4,3,1500,11000
2,74,21,173,67,1,4,4,9500,19000
0,74,24,177,70,1,3,4,6000,32000
0,76,30,174,69,1,3,2,6500,26000
0,64,22,181,74,1,3,2,1300,1000
0,76,28,188,77,2,3,2,7000,22000
0,69,19,183,77,1,3,3,2900,5000
0,74,22,171,69,1,3,3,8000,29000
0,72,34,181,73,3,3,4,1100,15000
0,74,22,178,62,1,4,2,9000,22000
0,70,24,183,75,1,4,3,2500,10000
0,73,39,178,82,2,3,3,1000,6000
0,67,21,180,69,1,3,2,2400,2000
0,73,22,178,71,1,3,3,7000,7000
0,69,26,174,71,1,3,3,1500,22000
0,67,24,189,84,1,3,3,1500,5000
0,73,28,185,71,1,3,2,2700,16000
0,66,31,183,76,1,3,4,700,4000
0,71,21,183,75,1,3,3,4000,7000
0,69,27,177,73,1,3,3,1500,8000
0,67,31,177,74,1,3,2,725,2000
0,70,35,180,75,1,3,3,650,500
0,73,21,183,78,2,3,2,6000,43000
0,68,22,181,77,1,3,3,2600,6000
0,68,25,197,81,1,3,2,1600,6000
0,68,30,180,67,1,2,3,1200,7000
0,68,21,175,65,1,3,3,1800,5000
0,66,33,168,70,1,3,2,450,500
0,69,24,170,74,1,4,3,2000,500
0,77,36,187,78,3,3,2,1900,11000
0,68,20,182,76,1,2,3,2500,2000
0,65,21,180,75,1,3,3,1600,3000
0,69,23,178,72,1,3,2,2700,2000
0,72,32,183,85,3,4,3,2000,25000
0,69,24,180,70,1,3,2,2200,2000
0,81,32,194,81,3,3,2,16500,68000
0,82,31,196,94,3,3,2,21000,19000
0,69,34,182,74,3,4,3,475,9000
0,68,21,185,79,1,4,3,3000,7000
0,65,23,174,70,1,4,2,1400,3000
0,70,32,178,70,2,3,4,1300,7000
2,64,25,171,68,1,3,2,750,1000
0,74,23,178,72,1,3,2,8000,16000
0,74,26,177,67,1,3,3,5000,900
0,70,31,177,73,2,3,3,1600,2000
0,81,25,188,77,2,3,3,34000,100000
0,65,27,165,60,1,3,3,750,3000
0,70,26,193,75,1,3,3,1900,25000
2,64,25,170,66,1,3,3,775,3000
0,68,21,175,72,1,4,3,2700,7000
0,75,26,182,81,1,3,2,5500,23000
0,74,24,176,74,1,4,4,6000,22000
0,71,21,170,67,1,4,3,4200,23000
0,65,24,188,79,1,3,3,975,2000
0,72,22,173,67,1,3,3,5000,22000
0,65,23,175,65,1,2,3,1400,500
0,68,25,185,73,1,3,3,1600,6000
0,79,26,185,81,1,3,2,21500,29000
0,77,25,189,84,2,3,2,13000,25000
0,67,27,174,68,1,3,2,975,2000
0,65,23,180,74,1,4,3,1600,3000
0,67,20,185,77,1,3,2,2300,2000
0,68,29,168,73,1,4,4,1200,500
0,72,36,183,77,1,5,3,425,5000
0,71,22,168,65,1,3,3,4000,19000
0,73,27,186,73,1,3,2,3300,12000
0,71,30,188,80,3,5,3,1800,6000
0,70,21,186,78,1,4,3,3600,4000
0,66,32,172,74,1,3,2,675,500
0,69,21,176,65,1,3,3,3100,15000
0,74,26,176,75,1,3,3,5000,20000
0,71,25,175,70,1,3,3,2400,9000
0,70,20,180,67,1,4,3,3500,4000
0,72,32,172,63,1,4,3,1900,11000
0,73,27,171,72,1,3,4,3300,27000
0,72,27,173,73,1,5,3,2500,7000
0,66,29,176,69,1,3,4,725,2000
0,72,24,187,86,1,3,3,3700,16000
0,66,22,182,72,1,3,3,1900,17000
0,68,20,180,71,1,3,3,1300,15000
0,77,23,183,70,1,4,3,17000,31000
0,70,28,184,80,1,4,2,1600,750
0,66,22,185,82,1,3,3,1700,3000
0,74,19,181,67,1,4,4,10000,13000
0,74,32,188,83,1,3,3,2900,39000
0,66,25,191,79,1,3,2,975,3000
0,74,34,187,79,3,4,3,2100,1000
0,75,42,180,78,2,4,2,0.0,18000
0,73,29,196,83,1,3,3,3000,40000
0,63,20,184,75,1,3,3,1100,4000
0,65,24,181,78,1,3,2,1000,500
0,66,26,180,74,1,4,4,1000,500
1,70,26,179,65,1,3,3,1900,17000
0,66,24,185,75,1,3,4,1200,2000
0,75,27,189,80,1,4,2,6500,23000
0,68,25,188,85,1,3,2,1700,500
2,67,26,171,64,1,4,3,1100,3000
0,68,20,181,70,1,3,2,2900,9000
0,66,25,185,77,1,3,3,1100,4000
0,69,24,181,76,1,3,3,2100,4000
0,70,23,172,69,1,3,3,3000,2000
0,65,31,175,72,1,2,2,500,500
0,68,25,175,69,1,2,3,1600,5000
0,70,33,184,77,1,3,2,725,10000
0,65,38,173,67,1,2,3,160,500
0,76,22,180,70,1,3,2,14500,38000
0,68,25,185,83,1,3,3,1600,16000
0,71,29,170,65,1,3,4,1800,4000
0,69,20,185,82,1,4,4,3100,38000
0,70,24,178,78,1,3,4,2400,8000
0,64,31,179,74,1,3,3,475,13000
0,69,21,184,78,1,3,2,3000,8000
0,69,31,180,72,1,3,2,975,19000
0,69,20,168,70,1,3,4,3100,8000
0,68,24,179,75,1,3,2,1700,9000
0,64,26,180,75,1,3,3,675,4000
0,69,24,186,83,1,3,2,2200,8000
0,74,21,178,72,1,3,3,7000,26000
0,69,22,184,75,1,3,3,2800,10000
0,74,23,185,77,1,4,4,6000,5000
0,67,21,178,74,1,3,3,2300,11000
0,65,30,173,76,1,3,2,625,500
0,70,27,182,80,1,2,3,1700,6000
0,65,20,178,70,1,4,2,1600,3000
0,73,19,181,78,1,3,3,4200,16000
0,75,26,185,75,2,3,4,6500,36000
0,68,24,172,67,1,4,3,1600,6000
0,69,31,185,77,1,3,2,975,5000
0,68,24,180,70,1,4,3,1900,6000
0,67,20,180,75,1,4,3,2700,3000
0,69,25,179,70,1,2,2,1800,5000
0,68,26,173,70,1,3,3,1300,4000
0,67,27,192,78,1,3,3,1200,500
0,71,30,179,73,2,2,5,1800,7000
1,69,23,175,75,1,3,3,3100,8000
0,72,30,187,82,1,2,3,2000,10000
0,72,26,183,82,1,3,4,2800,15000
0,72,23,186,79,1,4,3,4700,5000
0,72,27,169,73,2,2,4,2500,11000
0,71,23,179,78,1,3,2,3900,5000
0,67,30,184,79,1,3,3,850,4000
0,70,23,175,76,1,3,2,3000,13000
0,68,35,185,80,2,3,2,400,7000
0,65,26,176,73,1,2,4,850,500
0,68,27,181,76,1,3,2,1300,2000
0,72,33,182,68,2,4,3,1400,8000
0,66,23,187,79,1,3,3,1300,1000
0,78,22,181,77,1,4,3,32000,15000
0,65,24,178,73,1,3,3,1100,2000
0,76,33,184,78,3,3,2,3600,1000
0,70,38,179,77,1,3,4,525,7000
0,75,26,185,73,1,4,2,7500,22000
0,69,25,183,73,1,2,2,1900,5000
0,78,33,180,70,4,2,4,9000,40000
0,67,28,175,68,1,3,2,1000,500
0,67,28,188,76,1,4,2,0.0,0
0,74,24,185,75,1,3,3,5500,60000
0,64,22,175,63,1,4,2,900,2000
0,72,27,186,76,1,4,2,2400,10000
1,66,28,173,72,1,3,3,850,2000
0,76,35,181,74,1,3,2,2000,13000
0,73,24,172,75,1,3,4,4600,7000
0,70,29,181,72,1,4,4,1600,600
0,73,22,183,74,1,3,2,7000,12000
0,68,18,176,71,1,3,3,2900,1000
0,72,28,170,74,1,4,4,2400,5000
0,64,24,180,80,1,2,3,875,3000
2,72,33,175,68,3,4,4,1500,11000
0,66,21,180,73,1,4,3,2000,2000
0,72,29,184,81,1,5,3,2300,9000
0,72,25,190,80,1,3,3,3300,800
0,70,26,182,72,1,3,3,1900,3000
0,70,21,178,75,1,3,2,3400,14000
0,70,23,180,75,1,3,3,2400,18000
0,71,25,175,68,1,3,3,2600,6000
0,73,27,194,88,1,2,2,3500,18000
0,64,23,188,74,1,3,2,1200,2000
0,68,27,170,70,1,3,4,1300,4000
0,71,30,180,76,1,4,3,1600,20000
0,66,31,185,77,1,3,2,625,3000
0,70,28,178,72,1,3,3,1600,9000
0,79,29,191,82,2,2,2,16000,45000
0,67,24,189,83,1,3,3,1500,5000
0,68,22,190,70,1,3,3,2700,4000
0,68,23,178,75,1,4,3,2600,9000
0,71,27,170,68,1,4,3,2200,14000
0,64,31,179,76,1,3,2,425,1000
0,65,20,170,71,1,3,3,1600,2000
0,70,25,184,75,1,3,2,1900,16000
0,68,23,166,59,1,2,3,2700,500
0,73,30,183,82,1,2,2,2600,52000
0,72,27,173,71,1,3,2,2700,18000
0,72,32,177,93,1,3,3,1900,11000
0,78,22,187,82,1,2,2,29500,39000
2,68,23,178,68,1,2,2,1700,3000
0,75,29,173,66,1,3,3,5500,1000
0,71,25,183,84,1,3,3,2600,11000
0,66,27,167,72,1,3,3,900,3000
0,71,24,184,79,1,3,3,2400,10000
0,71,27,185,78,1,4,2,2000,9000
0,62,22,182,73,1,4,3,575,2000
0,67,27,185,74,1,3,3,1100,5000
0,66,22,178,77,1,3,2,1800,500
0,69,25,181,75,1,3,3,1900,3000
0,67,28,171,63,1,3,4,1000,500
0,63,26,165,66,1,3,3,625,2000
0,71,23,178,69,1,3,2,3700,650
0,69,29,180,77,1,4,4,1400,8000
0,78,31,191,85,1,2,2,9500,14000
0,72,20,191,80,1,5,2,4800,12000
0,67,21,179,71,1,3,3,2500,2000
0,70,21,183,68,1,3,2,3400,3000
0,76,26,180,75,1,2,3,9000,12000
0,67,18,174,65,1,3,3,2500,2000
0,71,31,171,64,1,3,3,1600,14000
0,70,31,188,82,2,3,3,1300,7000
0,72,30,175,68,1,4,3,2300,23000
0,72,23,182,74,1,4,4,3500,18000
0,72,21,176,69,1,3,3,3800,20000
0,75,28,173,69,2,3,4,5500,48000
0,67,36,177,73,2,4,5,325,2000
0,71,33,184,86,1,4,3,1200,10000
0,65,27,180,75,1,3,2,825,4000
0,64,24,178,68,1,3,2,875,1000
0,68,34,172,70,1,3,2,450,500
0,68,26,173,67,1,3,2,1400,1000
0,66,27,178,78,1,3,2,825,500
0,72,18,185,74,1,3,3,5500,500
0,73,29,165,66,2,2,4,0.0,0
0,68,22,181,76,1,4,3,2500,13000
0,65,21,174,67,1,3,2,1600,4000
0,74,34,194,90,3,4,3,2100,29000
0,74,25,184,78,1,3,3,6500,9000
0,64,22,179,72,1,4,2,1200,4000
0,66,22,177,65,1,3,2,1900,14000
0,74,27,179,64,1,3,3,4800,12000
0,71,30,185,80,2,3,4,1800,7000
0,65,24,173,62,1,3,3,1000,500
0,70,30,167,64,1,3,3,1400,2000
0,65,20,175,75,1,3,3,1700,2000
0,68,24,185,75,1,4,2,1600,4000
0,68,28,180,65,1,3,2,1100,500
0,63,29,180,77,1,3,3,475,500
0,69,25,175,70,1,3,4,1800,5000
0,65,28,174,72,1,3,4,725,2000
0,70,19,182,76,1,3,3,3300,16000
0,76,25,182,71,1,2,2,9500,12000
0,72,22,185,72,1,3,2,5000,7000
0,66,22,174,70,1,4,3,1900,3000
0,73,19,184,83,1,3,2,7000,11000
0,79,26,191,86,1,2,2,20500,16000
0,64,23,176,70,1,2,3,925,2000
0,78,24,194,89,1,3,2,19000,22000
0,66,27,180,81,1,3,2,975,3000
0,70,24,178,72,1,4,3,2500,5000
0,87,31,187,89,3,4,2,54500,175000
0,70,24,180,72,1,3,3,2400,3000
0,66,23,173,73,1,3,3,1800,2000
0,71,24,184,87,1,3,3,3800,15000
1,62,23,168,62,1,3,3,550,600
0,72,27,175,62,1,5,3,2500,12000
0,68,21,184,74,1,3,3,2700,4000
0,72,35,183,86,2,4,3,1000,650
0,65,25,188,83,1,3,2,1000,4000
0,73,20,188,81,1,3,2,6500,12000
0,71,25,177,83,1,3,2,2600,550
0,67,23,186,79,1,4,2,2300,6000
0,70,24,170,64,1,3,3,2200,15000
0,73,26,169,67,1,2,2,3300,16000
0,75,27,183,77,2,3,3,6500,30000
0,73,23,184,74,1,3,2,6500,14000
0,65,33,178,69,1,3,4,450,500
0,73,27,182,74,2,4,3,2900,23000
0,71,25,185,78,1,2,2,2600,3000
0,71,27,184,84,1,3,2,2200,24000
0,66,26,186,86,1,3,3,1100,5000
0,68,22,177,75,1,3,2,2700,500
0,65,32,178,69,1,4,3,550,2000
0,80,28,192,83,1,4,2,18000,57000
0,74,30,171,70,2,3,3,4100,14000
0,71,31,180,74,1,3,3,1600,4000
0,66,22,181,78,1,2,2,1600,4000
0,72,24,176,69,1,3,3,3500,14000
0,66,20,180,74,1,3,3,2100,1000
0,69,32,171,69,1,3,4,1100,500
0,66,28,190,83,1,4,3,825,4000
0,72,31,180,79,1,4,4,1900,18000
0,72,23,175,70,1,3,2,3500,8000
0,72,24,170,63,1,2,3,3500,10000
0,68,31,175,70,1,3,2,1000,500
0,66,21,183,77,1,4,3,1900,6000
0,71,29,177,79,1,3,3,1900,16000
0,68,21,191,83,1,4,3,2600,5000
0,69,20,174,67,1,3,2,2900,3000
0,70,22,180,74,1,4,4,3600,13000
0,74,24,180,74,1,3,2,6000,11000
0,69,26,189,80,1,3,2,1500,2000
0,69,24,174,72,1,2,3,2700,4000
0,68,36,191,84,2,3,3,220,2000
0,71,25,181,79,1,3,3,2400,18000
0,75,31,184,78,2,3,2,3800,42000
1,69,27,178,79,1,4,2,1600,4000
0,70,23,187,70,1,3,2,3400,34000
0,64,22,185,74,1,3,3,1300,750
0,67,19,183,74,1,3,2,2100,8000
0,68,23,180,75,1,3,4,2400,7000
0,66,24,180,71,1,2,3,1600,500
0,68,25,184,75,1,3,3,1600,11000
0,64,29,178,71,1,5,2,525,500
0,66,19,186,75,1,3,2,1900,4000
0,64,20,172,62,1,4,3,1400,3000
0,66,21,173,65,1,4,3,2100,6000
0,66,19,183,80,1,3,2,1900,3000
0,64,29,178,71,1,3,3,525,2000
0,66,22,175,60,1,3,3,2100,5000
0,63,24,183,70,1,3,2,675,1000
1,71,32,186,74,1,3,2,1200,7000
0,69,28,182,75,1,4,3,1400,5000
0,69,28,180,79,1,3,2,1200,7000
0,70,24,177,68,1,3,2,2200,6000
0,72,32,184,75,2,3,2,1500,9000
0,70,31,183,83,1,3,3,1300,750
0,71,30,186,84,1,3,3,1600,17000
0,64,26,188,80,1,3,3,675,2000
0,65,24,180,70,1,3,4,975,3000
0,73,23,190,76,1,3,3,5500,28000
0,77,25,192,75,1,3,3,15500,28000
2,64,21,176,70,1,3,3,925,950
0,63,21,175,64,1,3,3,1100,500
0,68,29,187,78,1,2,2,650,8000
0,70,33,179,73,1,3,2,750,15000
0,71,34,190,84,1,3,2,600,16000
0,73,27,179,72,1,3,2,4300,8000
0,75,20,167,60,1,4,4,7500,10000
0,70,28,186,80,1,3,3,1500,15000
0,69,22,175,63,1,4,3,3100,6000
0,70,32,177,75,2,3,3,0.0,0
0,74,35,178,72,3,3,2,300,45000
1,65,37,169,69,1,4,3,230,650
0,67,32,183,74,1,2,3,700,4000
0,74,22,192,81,1,4,2,9000,19000
0,72,27,175,71,1,3,3,2500,7000
0,64,27,180,78,1,3,2,575,3000
1,65,28,179,73,1,3,2,675,1000
0,69,25,176,66,1,4,3,1800,7000
0,76,28,186,76,2,3,2,7500,36000
0,70,23,177,64,1,3,2,0.0,0
0,69,32,177,77,1,2,3,925,23000
0,71,26,177,76,1,2,2,2100,9000
0,70,25,170,65,1,3,4,1900,10000
0,71,26,170,70,1,3,2,2200,6000
0,70,22,187,79,1,4,3,3300,23000
0,68,37,174,76,2,4,3,140,3000
0,69,22,177,75,1,3,3,2200,5000
0,75,24,174,59,1,3,3,0.0,0
0,73,19,175,66,1,4,3,7000,37000
0,71,31,183,78,1,2,3,1400,17000
0,71,31,170,60,1,4,3,1600,5000
0,72,36,181,79,2,3,2,450,14000
0,70,23,175,71,1,3,2,2300,7000
1,65,23,180,73,1,3,3,0.0,0
2,66,20,180,69,1,2,2,1900,3000
1,63,32,182,74,1,3,2,300,2000
0,70,36,173,75,1,4,3,525,4000
0,68,29,173,64,1,3,3,1200,550
0,73,27,180,72,1,3,3,3600,17000
0,67,23,178,69,1,2,2,2000,2000
0,76,22,191,84,1,3,3,11000,64000
0,67,22,164,68,1,3,2,2300,500
1,68,32,171,68,1,3,3,975,2000
0,70,34,170,63,1,3,4,750,6000
0,79,26,187,81,2,2,2,18000,81000
1,67,26,186,79,1,3,2,1200,6000
0,65,29,172,71,1,2,3,700,500
0,69,22,175,73,1,3,3,2700,6000
0,70,22,185,75,1,3,4,3600,41000
0,62,26,186,80,1,3,2,475,2000
0,73,22,175,71,1,3,4,6000,51000
0,67,24,174,72,1,4,3,1500,500
0,68,22,188,81,1,2,3,1800,7000
0,67,31,160,60,1,3,4,850,7000
0,68,22,183,77,1,3,2,2700,2000
0,66,30,183,76,1,3,3,450,5000
0,74,26,185,76,1,4,3,5000,34000
0,68,22,180,74,1,3,3,2300,5000
0,75,27,192,85,2,4,3,6000,28000
0,71,26,176,73,1,2,2,2300,10000
0,67,24,181,77,1,2,2,1400,500
0,69,27,177,73,1,3,3,1500,9000
0,74,32,186,86,2,4,3,3400,36000
0,62,21,175,65,1,3,2,900,2000
0,69,24,182,76,1,3,3,2900,4000
0,68,33,175,73,1,4,3,750,3000
0,65,24,174,70,1,3,3,1100,500
0,73,23,179,82,1,3,3,4000,24000
0,64,30,170,68,1,3,3,575,1000
0,72,22,173,74,1,4,4,5500,7000
2,69,28,176,70,1,4,2,1300,13000
0,67,25,168,69,1,3,3,1300,6000
0,67,28,179,70,1,3,2,975,4000
0,69,32,173,68,1,3,3,1100,650
2,66,23,175,69,1,3,2,1300,3000
0,68,27,173,70,1,3,2,1300,4000
0,65,27,181,76,1,4,2,775,1000
0,64,22,180,70,1,3,2,1200,800
0,65,18,178,68,1,3,2,1400,1000
0,74,28,179,77,2,3,4,4200,34000
0,67,29,179,75,1,3,2,900,2000
0,73,26,182,87,1,3,3,3700,800
0,66,22,183,78,1,3,3,1600,500
0,64,21,180,78,1,3,3,1400,5000
0,68,20,175,66,1,3,2,2500,2000
1,69,27,180,73,1,3,3,1500,9000
0,69,22,183,74,1,3,4,3100,6000
0,67,27,174,70,1,4,4,1100,5000
0,67,20,178,72,1,3,2,2300,8000
0,65,27,170,73,1,2,3,700,3000
0,64,25,180,71,1,3,3,850,1000
0,68,26,171,70,1,4,3,1300,6000
0,73,24,174,70,1,2,3,4300,35000
0,64,18,179,67,1,5,2,1300,500
0,78,32,180,82,1,3,2,9000,46000
0,67,23,178,72,1,3,3,1500,3000
0,73,30,180,85,1,2,3,3000,12000
0,68,29,183,75,1,3,4,1200,3000
0,74,23,185,79,1,2,2,6000,12000
0,72,29,171,66,2,3,3,2300,20000
0,65,35,187,74,1,3,3,275,1000
0,68,23,177,66,1,3,3,2700,35000
0,65,23,188,82,1,3,3,1600,2000
0,70,21,176,63,1,3,3,3600,18000
0,75,29,193,91,2,3,2,5500,36000
0,73,29,183,82,1,5,3,3000,15000
0,76,28,186,77,2,3,3,7000,83000
0,67,23,182,71,1,3,3,0.0,0
0,70,24,181,78,1,3,2,2000,500
0,63,23,186,70,1,3,2,675,500
0,73,24,185,76,1,3,3,4700,21000
0,70,23,177,75,1,3,3,3600,5000
0,72,30,186,79,2,3,2,1900,24000
0,67,24,172,75,1,3,2,1900,11000
0,61,33,174,70,1,4,3,200,550
0,69,25,191,80,1,2,3,1700,6000
0,69,21,179,70,1,3,2,3000,7000
0,68,33,187,80,1,4,3,775,4000
0,66,26,174,70,1,4,4,1100,500
0,63,24,180,74,1,3,2,675,4000
0,75,25,189,86,1,3,3,6500,20000
0,68,27,177,68,1,4,2,1200,6000
0,61,25,188,71,1,3,3,400,3000
0,71,20,179,68,1,3,3,4500,19000
0,71,24,180,79,1,4,2,2500,13000
0,69,25,178,75,1,4,3,2000,23000
0,70,27,173,69,2,4,3,1700,6000
0,74,24,187,82,1,2,2,5500,17000
0,69,36,188,84,3,3,3,475,6000
0,67,20,187,76,1,3,3,2300,6000
1,68,24,175,77,1,4,2,1700,4000
0,68,32,185,69,1,3,4,950,4000
0,73,21,184,74,1,3,2,6500,28000
0,62,27,178,70,1,4,3,425,1000
0,62,27,167,73,1,3,2,425,500
0,67,26,178,64,1,4,4,1100,500
0,67,25,190,83,1,3,2,1100,3000
0,63,19,169,67,1,2,4,1100,500
0,73,23,185,78,1,3,3,6500,11000
0,74,29,182,74,1,2,2,3700,23000
2,66,30,168,65,1,5,3,850,2000
0,66,23,175,70,1,3,2,1900,500
0,68,22,170,64,1,2,3,2700,5000
0,70,20,187,84,1,4,3,3500,6000
0,73,32,184,80,2,4,3,2500,22000
0,70,21,177,70,1,4,4,3600,6000
0,74,41,182,79,1,4,3,0.0,12000
0,68,24,180,81,1,3,3,1800,7000
0,75,27,186,87,2,4,2,5500,25000
0,76,32,186,83,2,4,2,4900,24000
0,66,31,176,69,1,2,3,625,4000
0,65,20,170,66,1,3,3,1400,500
0,69,23,180,70,1,3,3,2800,5000
0,72,26,178,74,1,2,2,2700,20000
0,66,23,185,77,1,3,3,1200,2000
0,71,24,183,80,1,4,2,3500,16000
0,68,29,180,70,1,3,2,1000,5000
0,69,22,176,70,1,3,2,3000,550
0,75,23,188,72,1,3,3,8500,47000
0,68,23,187,81,1,4,3,2300,15000
0,64,21,178,68,1,4,3,1400,9000
0,64,23,193,84,1,3,3,1200,2000
0,69,24,173,74,1,3,3,2100,6000
0,65,18,178,68,1,3,2,1700,1000
0,71,22,180,68,1,4,2,3900,10000
0,65,24,174,68,1,3,3,1000,2000
0,66,22,170,65,1,3,3,1700,3000
0,69,33,165,68,1,4,3,875,500
0,72,23,180,74,1,4,4,3500,12000
0,68,23,170,68,1,3,3,0.0,0
0,65,34,177,74,1,2,2,250,2000
0,76,22,184,74,1,2,2,16000,11000
0,70,34,186,80,1,3,2,525,26000
0,73,37,186,82,1,3,3,1000,3000
0,72,19,180,66,1,4,4,5500,8000
0,66,32,180,75,1,3,3,675,500
0,74,22,180,69,1,4,2,9000,40000
0,70,25,183,73,1,3,2,2100,8000
0,70,34,183,73,1,4,3,775,7000
0,65,22,175,68,1,3,3,1600,2000
0,82,26,188,81,2,3,2,37500,145000
0,67,32,183,77,2,4,3,600,2000
0,65,21,178,74,1,3,3,1600,2000
1,67,25,179,65,1,2,3,1300,4000
0,66,25,178,67,1,3,2,1200,6000
0,67,24,173,76,1,3,2,1500,13000
2,64,24,168,64,1,3,2,775,2000
0,68,27,184,78,1,4,4,1300,6000
0,70,24,179,67,1,3,3,2500,5000
0,73,25,191,75,1,3,2,3600,31000
0,71,32,182,72,1,3,2,1300,14000
0,68,23,164,64,1,3,3,1800,5000
0,65,24,172,74,1,3,2,1100,500
0,71,22,181,75,1,3,3,3800,6000
0,76,35,179,79,3,3,2,0.0,0
0,66,18,172,64,1,3,3,2200,5000
0,69,23,180,67,1,3,3,2800,11000
0,65,23,180,73,1,3,2,1500,6000
0,65,28,186,75,1,3,2,725,3000
0,66,33,173,68,1,3,3,425,2000
0,75,20,171,60,3,3,4,12500,32000
0,64,35,176,68,1,2,3,230,3000
0,73,22,193,86,1,3,3,7000,8000
0,64,29,172,66,1,3,3,575,500
0,73,26,173,70,1,2,3,3700,12000
0,72,30,187,79,1,3,2,2000,13000
0,66,21,175,76,1,3,3,1600,3000
0,69,29,176,72,2,3,3,675,5000
0,64,20,176,70,1,3,3,1400,4000
0,66,22,173,68,1,4,3,1300,1000
0,63,22,178,68,1,3,2,925,3000
0,72,27,180,70,1,2,2,2300,13000
0,72,29,178,83,1,3,3,2300,12000
0,66,26,177,67,1,4,2,1100,5000
0,65,26,175,72,1,4,3,825,4000
0,70,29,177,60,1,2,5,1600,7000
0,73,28,177,77,1,5,2,2900,8000
0,66,28,170,64,1,2,3,775,2000
0,68,22,170,75,1,3,4,2500,6000
0,79,20,185,78,1,2,2,36000,11000
0,70,27,181,73,1,2,2,1500,700
0,75,27,178,79,1,3,4,6000,46000
0,70,24,172,72,1,3,2,3000,12000
0,69,23,172,68,1,4,4,1400,10000
0,72,24,175,70,1,3,3,4500,14000
0,71,25,178,79,1,2,3,2300,5000
0,68,26,181,73,1,3,3,1500,10000
0,65,22,182,72,1,3,3,1600,4000
0,70,19,175,75,1,3,2,3500,19000
0,66,35,188,80,1,4,3,350,3000
0,67,26,190,85,1,3,2,1200,2000
0,65,21,174,70,1,2,2,1600,2000
0,68,20,176,65,1,3,2,2900,15000
0,75,31,190,82,1,2,2,3800,17000
0,68,22,185,86,1,3,3,2700,500
0,66,23,173,74,1,3,2,1200,500
0,67,23,183,75,1,3,2,2100,8000
2,64,24,167,69,1,3,2,750,1000
0,67,27,180,76,1,4,2,975,4000
0,68,27,178,73,1,3,2,1300,9000
0,71,24,178,74,1,3,2,2500,17000
0,72,24,178,74,1,3,3,3400,6000
0,79,21,190,76,1,3,2,33000,55000
0,69,22,170,69,1,3,2,3200,3000
0,81,33,190,83,3,3,2,12500,57000
0,64,21,178,73,1,3,2,1400,1000
0,63,20,180,73,1,4,4,750,650
0,71,25,184,78,1,3,2,2400,10000
0,66,29,177,73,1,3,3,850,1000
0,64,30,175,67,1,3,4,500,2000
0,65,19,180,70,1,3,3,1600,1000
0,71,23,185,80,1,3,2,3700,2000
0,66,25,193,75,1,3,2,1100,2000
2,64,26,171,62,1,3,2,700,1000
0,73,31,187,82,1,4,3,2600,8000
0,68,22,187,81,1,3,2,2600,4000
0,67,22,181,78,1,3,3,2300,2000
0,73,25,193,75,1,3,2,4000,16000
0,71,21,190,90,1,4,2,4000,10000
0,63,21,171,67,1,3,3,1100,1000
0,64,21,175,75,1,3,3,1200,500
0,67,23,185,78,1,3,2,1400,2000
0,63,22,166,63,1,3,3,750,500
0,72,24,193,89,1,3,3,3400,23000
0,79,37,184,84,4,4,2,1300,80000
0,67,23,179,70,1,3,2,1900,5000
0,68,21,160,75,1,4,2,2700,500
0,69,24,178,75,1,3,3,2100,6000
0,64,22,178,76,1,3,2,925,3000
0,69,21,178,76,1,3,2,3000,5000
0,76,25,192,88,1,4,3,10000,51000
0,72,20,170,65,1,2,3,5000,14000
0,70,22,170,66,1,2,3,1900,7000
0,69,26,176,77,1,4,3,1500,9000
0,72,28,190,78,1,4,2,2200,10000
0,67,29,170,65,1,3,3,1000,2000
0,72,26,183,75,1,3,3,2800,22000
0,74,29,188,83,2,2,2,3500,39000
0,66,25,175,67,1,3,4,1200,500
0,72,25,180,77,1,3,3,3300,9000
0,66,22,180,66,1,2,2,1600,3000
0,65,21,181,76,1,2,2,1500,1000
0,67,20,189,71,1,4,3,2300,6000
0,66,21,180,78,1,3,3,2100,12000
0,67,25,170,73,1,3,3,1300,500
2,71,26,170,64,1,3,2,2100,8000
0,70,20,180,65,1,2,2,3300,9000
0,68,34,188,83,1,3,3,400,12000
0,67,21,183,72,1,3,2,2200,2000
0,68,24,185,65,1,3,2,2400,12000
0,68,24,180,73,1,3,3,1900,9000
0,75,29,188,82,2,4,3,5500,12000
0,68,22,182,66,1,2,3,2700,5000
2,68,23,169,68,1,4,3,1700,4000
0,74,31,187,80,1,3,2,2900,12000
0,65,22,183,68,1,3,2,0.0,0
0,74,25,175,73,1,3,3,5500,1000
0,72,34,166,66,1,3,4,1100,7000
0,69,22,170,68,1,5,3,2000,9000
0,69,23,174,73,1,3,2,2800,5000
0,67,24,178,70,1,4,4,1500,5000
0,69,21,174,79,1,3,2,3100,8000
0,66,24,177,72,1,3,3,1200,500
0,72,37,188,87,1,3,2,425,7000
0,70,24,182,68,1,2,2,3300,10000
0,76,23,180,71,1,2,2,14500,29000
0,66,24,182,67,1,3,2,1600,2000
0,62,28,185,73,1,2,2,400,4000
0,64,23,182,72,1,3,2,1200,500
0,67,24,178,72,1,2,3,1200,2000
0,75,29,180,75,1,2,2,4700,28000
0,65,21,182,81,1,2,2,1500,500
0,74,21,182,90,1,3,3,9500,750
0,71,25,189,77,1,5,4,2800,28000
0,72,20,179,76,1,3,3,5500,22000
0,68,20,182,72,1,2,2,1900,14000
0,65,22,180,80,1,4,3,1600,3000
0,70,21,177,68,1,3,3,3200,36000
0,67,21,181,75,1,3,2,2300,950
0,70,22,186,76,1,3,3,3300,9000
0,71,22,183,76,1,3,4,3800,27000
0,70,25,180,76,1,3,3,2100,3000
0,74,27,188,90,1,4,3,4900,24000
0,67,35,174,75,2,3,3,60,3000
0,75,22,190,82,1,3,2,10500,23000
0,67,29,168,70,1,3,2,875,500
0,66,21,186,76,1,4,2,2000,3000
0,65,27,175,68,1,2,3,750,2000
0,71,31,195,73,1,3,3,1600,15000
0,66,23,176,76,1,3,2,1800,500
0,71,21,182,74,1,3,4,4200,7000
0,65,27,180,76,1,5,2,750,800
0,70,24,185,77,1,4,3,2400,2000
0,68,22,168,62,1,4,3,1900,6000
0,75,25,187,84,1,3,3,8500,14000
0,72,26,183,82,1,3,3,2700,15000
0,67,21,177,74,1,3,2,2200,10000
0,68,24,184,84,1,3,3,1800,9000
0,67,27,178,71,1,3,3,1200,500
0,64,29,181,78,1,3,2,500,2000
0,69,27,185,82,1,4,4,1500,7000
0,75,25,180,67,2,3,5,7500,22000
0,65,27,186,84,1,4,2,825,4000
0,69,24,181,68,1,4,3,1900,15000
0,74,35,192,82,3,3,3,2600,1000
0,69,28,180,67,1,2,3,1300,600
0,67,24,177,76,1,2,2,1900,1000
0,70,24,178,71,1,3,3,2400,13000
0,70,19,182,77,1,2,2,3300,8000
0,73,28,188,76,1,3,2,3100,22000
0,68,21,188,80,1,4,4,2600,1000
0,68,24,184,69,1,3,2,925,9000
0,66,23,191,82,1,3,2,1700,4000
0,63,28,180,82,1,3,3,425,500
0,80,24,195,90,2,3,2,29000,48000
0,69,22,175,72,1,3,3,2700,6000
0,68,30,174,77,1,3,3,1200,21000
0,71,32,182,75,1,3,3,1500,12000
1,63,34,185,85,2,3,3,90,5000
0,65,24,168,75,1,3,2,1100,3000
0,66,24,170,72,1,2,2,1100,500
0,68,23,184,78,1,2,3,2700,6000
0,70,26,185,86,1,3,2,2100,6000
0,68,20,170,63,1,3,2,2600,5000
0,72,33,170,76,2,5,3,1400,30000
0,72,29,178,79,1,3,2,2300,10000
0,73,21,184,86,1,3,3,7000,20000
0,68,22,172,71,1,3,2,1900,500
0,72,25,173,69,1,3,4,3100,800
0,73,23,186,86,1,3,3,7000,13000
0,68,22,173,70,1,4,3,2700,14000
0,70,20,184,80,1,3,2,3300,500
0,76,23,187,80,1,3,2,15500,11000
0,65,22,176,68,1,3,2,1600,1000
2,65,29,176,68,1,3,3,700,1000
0,68,19,173,63,1,4,4,3100,23000
0,64,25,177,74,1,2,2,775,500
0,78,33,185,78,2,2,2,6500,24000
0,64,25,177,69,1,4,2,750,3000
0,67,35,173,65,1,4,3,425,2000
0,66,25,176,71,1,3,2,1100,500
0,68,23,186,82,1,3,2,2200,8000
1,63,20,175,71,1,3,3,1100,750
0,71,21,178,70,1,2,3,2800,23000
0,73,23,184,83,1,2,2,4400,20000
0,66,27,172,70,1,3,3,900,500
0,75,27,185,87,1,4,3,6500,14000
0,66,19,184,74,1,3,3,2000,3000
0,66,25,178,75,1,3,2,1000,4000
0,65,22,191,83,1,2,2,1500,4000
0,69,23,190,78,1,3,2,2900,9000
0,71,27,178,75,1,3,3,2000,24000
0,67,28,188,84,1,2,4,1000,3000
0,72,24,185,76,1,3,3,3400,16000
0,68,20,171,72,1,3,3,2900,3000
0,67,23,183,75,1,3,2,1400,3000
0,67,27,180,76,1,2,3,1200,7000
1,79,25,190,81,1,3,2,23000,49000
0,65,34,178,72,1,3,3,250,1000
2,66,29,182,72,1,3,3,850,3000
0,66,20,185,78,1,4,3,2100,17000
0,67,25,169,65,1,3,4,1300,500
0,73,27,165,68,1,5,3,3200,18000
0,77,34,189,89,2,2,2,3400,25000
0,64,27,172,68,1,3,3,675,1000
1,72,22,179,69,1,4,4,3600,18000
0,72,34,190,79,2,3,2,650,15000
0,68,23,176,74,1,5,3,1800,7000
0,77,21,194,75,2,3,2,22000,31000
0,64,30,182,80,1,3,2,550,3000
0,71,27,195,84,1,3,3,2200,20000
0,68,26,178,73,1,3,2,1400,12000
0,67,26,170,70,1,2,3,1200,3000
0,67,29,182,74,1,2,2,900,500
0,67,20,177,72,1,4,2,2400,3000
0,69,27,181,77,1,3,3,1300,7000
0,66,24,175,69,1,3,2,1300,3000
0,67,21,185,80,1,3,2,2300,6000
0,67,19,173,63,1,3,3,2400,2000
0,77,22,178,78,1,3,2,12500,33000
0,70,22,176,66,1,3,2,3400,8000
0,68,29,173,64,1,3,2,1200,550
0,74,30,185,76,1,3,2,3500,15000
0,64,20,186,83,1,3,3,1300,6000
0,76,34,192,83,1,3,3,3600,27000
0,63,22,178,75,1,3,2,1000,500
0,63,18,177,63,1,2,3,1200,3000
0,65,20,175,67,1,3,2,1000,500
0,68,26,180,71,1,4,3,1300,4000
0,73,25,182,76,1,2,3,4100,16000
0,74,23,169,60,1,2,4,6500,20000
0,63,23,179,67,1,3,3,950,500
0,79,24,185,77,1,4,2,32500,65000
0,70,21,183,76,1,2,2,3400,12000
0,67,21,182,74,1,4,3,2300,5000
0,66,23,176,67,1,3,3,1300,4000
0,68,28,175,72,1,3,3,1200,13000
0,72,28,188,81,1,4,3,2400,39000
0,63,23,184,81,1,3,2,675,800
0,71,28,183,80,1,3,2,1900,6000
0,69,25,168,66,1,3,3,1500,10000
0,73,29,181,76,1,2,3,2700,16000
0,71,21,183,72,1,3,2,4000,23000
0,68,26,174,68,1,3,2,1300,5000
0,66,26,177,70,1,3,3,700,4000
0,78,21,182,82,1,4,2,29500,36000
0,65,24,190,85,1,4,3,1100,1000
0,70,27,175,69,1,4,3,1700,6000
0,65,22,186,68,1,3,3,1600,2000
0,66,20,178,69,1,2,3,1800,3000
0,62,25,175,64,1,3,3,475,2000
0,68,27,178,71,1,3,4,1300,3000
0,67,19,178,70,1,3,3,2400,18000
0,75,34,186,89,4,4,3,2700,10000
0,71,32,174,70,2,4,3,850,7000
0,64,26,174,68,1,3,3,675,500
0,77,25,194,89,1,4,2,14500,62000
0,67,21,170,65,1,4,2,2300,11000
0,69,29,179,78,1,4,3,1400,14000
0,77,25,173,72,1,2,4,14000,14000
0,65,20,183,80,1,3,2,1600,2000
0,63,22,180,80,1,3,3,1100,500
0,76,23,184,77,1,2,2,9000,24000
0,65,21,175,65,1,3,3,1600,2000
0,67,28,167,65,1,3,3,1000,3000
0,66,33,181,76,1,3,3,450,500
0,75,25,189,77,1,2,3,7500,15000
2,70,23,181,70,1,2,3,2500,4000
0,67,23,182,75,1,4,2,1600,11000
0,69,28,189,74,1,2,2,1400,9000
0,67,26,184,82,1,2,2,1100,5000
0,67,29,173,70,1,3,3,1000,2000
0,72,24,191,88,1,2,3,3600,45000
0,70,25,179,73,1,3,3,2100,8000
0,66,21,178,75,1,3,2,1900,2000
0,66,23,177,81,1,3,4,1400,3000
0,64,29,175,68,1,2,3,575,500
0,69,22,170,71,1,4,3,3100,500
0,65,23,170,70,1,4,3,550,6000
0,69,22,184,75,1,4,4,3200,6000
0,75,25,191,77,1,4,3,7000,30000
0,72,22,183,68,1,3,3,4800,30000
0,67,22,175,65,1,4,3,2300,5000
1,66,24,170,69,1,2,4,1400,950
0,69,23,187,83,1,3,2,2600,24000
0,69,29,190,86,1,4,2,1400,550
0,67,23,189,79,1,2,2,1500,500
0,69,23,187,78,1,3,2,2600,7000
0,72,32,177,76,2,2,2,1500,18000
0,70,22,183,75,1,4,3,3600,15000
0,69,26,166,60,1,4,3,1600,6000
0,70,29,172,76,1,3,4,1600,24000
0,66,20,173,70,1,2,3,1800,3000
0,64,29,177,69,1,2,3,575,4000
0,72,31,170,66,1,3,3,0.0,0
0,65,26,181,77,1,3,3,850,500
0,65,23,178,72,1,3,3,1100,3000
0,69,27,181,70,1,3,3,0.0,0
0,66,27,175,70,1,2,2,900,5000
1,66,33,183,73,1,3,3,425,6000
0,74,24,180,74,1,3,3,6500,37000
0,70,31,182,70,1,4,3,1300,12000
0,63,22,173,69,1,3,3,975,500
0,66,30,175,72,1,3,3,825,2000
0,69,30,178,66,1,2,4,1300,10000
0,60,19,177,72,1,3,2,525,2000
0,63,28,165,60,1,3,3,475,500
0,68,19,175,68,1,3,3,2500,2000
0,65,23,173,78,1,3,4,1100,500
0,65,21,170,67,1,2,2,1100,3000
0,67,33,189,83,1,2,2,525,3000
0,64,28,188,86,1,4,3,600,2000
0,71,26,171,66,1,4,3,2200,5000
0,70,27,182,73,1,5,4,1700,19000
0,72,28,178,70,1,3,3,2400,10000
0,69,28,173,73,1,2,3,1400,18000
0,68,24,180,75,1,3,3,1900,7000
0,71,25,169,66,1,3,3,2500,6000
0,64,20,176,72,1,4,3,1400,5000
0,71,33,188,87,1,3,2,1200,10000
0,70,33,191,90,2,2,2,725,10000
0,69,24,180,74,1,3,2,1700,6000
0,77,32,190,88,2,3,2,1600,30000
0,73,23,187,68,2,3,4,6000,27000
0,74,26,191,86,1,3,3,5500,28000
0,69,24,176,73,1,3,3,2700,2000
0,70,22,179,68,1,4,3,3600,25000
0,75,23,180,75,1,3,4,8500,42000
0,74,32,185,77,2,3,2,2700,14000
0,68,21,181,75,1,4,3,3000,5000
0,70,22,175,70,1,3,2,2400,16000
1,66,32,180,72,1,3,3,675,3000
0,65,29,173,73,1,3,3,700,500
0,66,27,188,80,1,4,2,900,2000
0,65,22,175,73,1,4,3,1600,2000
0,64,27,187,75,1,3,3,575,950
0,65,20,187,87,1,3,2,1500,5000
0,64,25,163,63,1,3,3,750,500
0,68,21,174,62,1,3,2,2700,14000
0,65,23,180,72,1,2,3,1100,2000
0,84,31,187,81,2,3,2,29000,74000
0,71,24,194,78,1,3,3,2400,5000
0,64,19,182,74,1,3,3,1200,6000
0,65,33,171,69,1,3,2,350,500
0,66,24,180,82,1,3,4,1200,500
0,66,22,188,81,1,3,4,1700,6000
0,73,36,186,83,3,3,2,1000,18000
0,67,21,173,65,1,4,2,2300,6000
0,65,28,180,79,1,4,3,725,4000
0,75,30,187,75,1,4,2,4600,23000
0,63,26,183,80,1,3,3,600,4000
0,63,21,182,70,1,3,3,1100,850
0,65,24,189,78,1,3,2,1100,1000
0,67,27,173,71,1,4,4,1100,6000
0,62,20,174,72,1,3,2,875,1000
0,68,22,178,72,1,3,4,2700,3000
0,72,31,174,78,1,4,3,2000,23000
0,64,30,161,60,1,3,3,575,4000
0,74,31,190,83,2,2,2,3600,9000
0,69,25,184,74,1,4,3,1800,5000
0,69,25,173,75,1,3,3,1700,10000
0,64,24,173,73,1,3,2,875,2000
0,71,27,183,78,1,4,3,2000,10000
0,69,19,181,74,1,3,3,3000,3000
0,67,25,168,63,1,4,3,1300,5000
0,68,25,188,82,1,3,3,1800,10000
0,68,21,176,68,1,4,4,2700,5000
0,70,20,175,65,1,3,3,3800,35000
1,72,29,188,81,1,2,2,2000,9000
0,67,31,172,70,1,3,2,850,500
0,69,22,185,76,1,5,3,2900,13000
0,70,22,180,66,1,3,3,2300,5000
0,69,25,190,75,1,3,2,1700,5000
0,64,20,175,72,1,3,3,1200,700
0,67,20,185,81,1,4,4,2500,5000
0,69,25,170,70,1,3,2,1800,14000
0,66,29,177,73,1,3,3,725,500
0,64,23,182,73,1,3,3,1200,5000
0,72,28,178,77,1,3,3,2100,8000
0,68,23,177,80,1,3,2,1600,500
0,73,24,178,67,1,3,4,4600,24000
0,65,25,185,74,1,4,3,900,3000
0,66,21,180,68,1,3,2,1900,2000
0,71,22,171,66,1,3,4,4200,650
0,62,19,172,72,1,3,3,950,550
0,67,28,185,82,1,4,3,1000,25000
0,67,23,185,82,1,3,2,1400,5000
0,65,29,183,73,1,3,2,600,3000
0,72,27,191,92,1,2,2,2500,13000
0,73,25,189,79,1,4,2,5500,16000
0,67,27,186,77,1,3,3,1200,5000
0,64,21,188,80,1,3,2,1300,500
0,68,26,174,70,1,3,3,1400,3000
0,64,22,176,74,1,3,2,1300,3000
1,67,36,173,67,1,3,2,200,1000
0,66,29,170,65,1,3,3,750,500
0,65,23,178,75,1,3,3,1100,3000
0,67,24,182,75,1,2,3,1900,3000
0,72,23,182,80,1,3,3,5000,31000
0,65,27,176,75,1,3,2,700,500
0,65,23,180,70,1,2,2,0.0,0
0,64,27,174,73,1,3,2,625,500
0,66,20,185,73,1,3,3,2100,17000
0,67,28,185,75,1,4,3,0.0,0
0,68,22,175,73,1,4,3,2600,13000
0,70,25,185,75,1,3,3,2200,14000
0,76,22,183,83,1,2,2,14000,20000
0,70,23,188,75,1,3,3,2200,4000
0,72,27,176,69,1,3,2,2400,6000
0,76,29,191,89,1,3,2,7000,9000
1,68,22,179,72,1,4,4,2700,5000
0,72,28,186,76,1,3,3,2000,14000
0,65,28,181,73,1,4,3,725,850
0,65,24,175,72,1,3,3,925,500
0,75,23,184,78,1,3,2,8500,5000
0,64,22,187,75,1,2,3,1200,1000
0,66,19,169,68,1,3,3,1800,2000
0,67,21,184,79,1,3,3,2300,3000
0,77,21,175,65,1,3,3,23500,56000
0,64,26,178,72,1,2,3,700,4000
0,63,24,183,76,1,3,2,625,2000
0,67,25,189,83,1,2,2,1300,2000
0,68,22,176,69,1,2,2,2300,8000
0,77,33,186,82,3,2,2,5000,1000
1,70,25,173,64,1,5,4,2100,15000
0,67,22,175,81,1,3,3,1500,500
0,66,26,184,77,1,2,2,1000,2000
0,68,26,172,72,1,3,3,1300,500
0,68,29,185,85,1,3,3,1200,4000
0,65,31,187,74,1,4,3,600,2000
0,66,19,189,84,1,3,2,1800,3000
0,68,32,179,83,1,3,2,825,500
0,69,25,178,73,1,3,2,1600,5000
0,68,28,180,74,1,5,3,900,17000
0,63,22,186,78,1,3,3,700,500
0,63,22,182,80,1,3,2,1100,2000
0,64,30,178,74,1,2,3,575,4000
0,64,22,183,79,1,3,3,1200,500
0,67,22,186,82,1,3,3,2200,6000
0,76,20,189,70,1,3,3,16500,19000
0,68,26,185,74,1,3,2,1400,10000
0,67,26,167,68,1,3,3,1100,5000
0,68,29,175,74,1,3,3,1100,500
0,81,26,190,77,2,3,2,28000,68000
0,72,26,184,76,1,3,4,2800,10000
0,67,24,178,69,1,5,3,1600,6000
0,75,25,168,65,1,3,3,7500,18000
0,64,24,185,82,1,3,3,850,850
0,77,27,186,84,1,2,2,12000,25000
0,64,28,185,77,1,4,2,575,2000
0,64,25,175,70,1,3,3,725,3000
0,77,34,172,65,3,4,4,4500,20000
0,67,34,182,75,1,3,2,500,500
0,69,35,171,66,1,3,3,600,6000
0,63,24,180,75,1,4,3,650,3000
2,67,24,173,72,1,3,2,1500,4000
2,68,21,180,75,1,3,4,2700,8000
0,64,30,175,69,1,3,3,575,3000
0,68,19,190,82,1,3,2,2500,2000
0,64,31,184,85,1,3,2,425,2000
0,72,21,173,65,1,3,4,3800,33000
0,71,28,171,71,2,3,4,1900,18000
0,65,30,172,66,1,3,3,625,500
0,72,31,188,90,2,2,3,2000,11000
0,71,21,167,55,1,4,3,4200,12000
0,65,21,178,72,1,4,3,1600,3000
0,68,24,183,72,1,3,3,1700,5000
0,69,34,180,74,1,3,2,325,4000
0,64,27,169,74,1,3,3,625,500
0,68,24,185,74,1,3,2,1800,5000
0,67,24,164,61,1,3,3,2000,500
0,65,25,175,75,1,3,2,825,500
0,67,23,183,70,1,3,3,2300,12000
0,67,26,175,68,1,5,4,1200,8000
0,66,23,182,67,1,3,3,1700,3000
0,64,21,181,78,1,3,2,1100,1000
0,68,20,177,74,1,3,2,2600,500
0,64,18,168,60,1,3,3,1500,2000
0,67,18,177,73,1,4,4,2600,2000
0,69,21,177,63,1,3,3,1600,10000
0,63,22,188,76,1,3,3,925,2000
0,65,20,183,78,1,3,3,1600,2000
0,72,29,184,86,1,3,2,2200,23000
0,66,17,178,79,1,3,2,2000,500
0,69,24,172,67,1,3,4,2000,600
0,65,33,175,61,1,2,2,230,2000
0,72,21,175,67,1,4,4,5500,16000
0,71,27,185,87,1,2,2,2000,650
0,71,19,184,80,1,3,2,3900,8000
0,65,19,176,69,1,3,3,1500,500
0,73,29,185,79,1,3,2,2500,7000
0,67,33,168,66,1,3,3,500,3000
0,70,23,170,68,1,3,4,3200,5000
0,65,24,178,68,1,3,3,1100,2000
0,74,28,185,75,1,2,2,4000,41000
0,66,25,182,79,1,3,2,1000,2000
0,67,21,169,58,1,3,3,2500,500
0,66,25,184,78,1,3,2,1100,5000
0,70,22,178,73,1,4,4,3600,10000
0,67,20,168,67,1,3,4,2500,500
0,69,27,181,75,1,3,3,1500,7000
0,62,30,172,67,1,3,3,375,3000
0,68,26,190,88,1,4,2,1500,8000
0,65,30,173,72,1,3,2,700,3000
0,70,31,190,85,1,4,2,0.0,0
0,70,27,185,70,1,3,3,1700,5000
0,72,22,187,78,1,3,2,4400,29000
0,62,19,173,65,1,4,2,975,3000
0,71,30,183,84,1,3,3,1100,25000
0,71,28,181,74,1,3,3,1700,9000
1,62,20,188,78,1,4,3,950,3000
0,63,27,170,69,1,3,3,500,500
0,75,20,182,83,1,5,3,12500,25000
0,66,20,179,74,1,3,2,2200,5000
0,73,22,168,62,1,4,3,7000,16000
0,70,24,176,74,1,3,2,2400,9000
0,69,24,183,76,1,2,3,2700,7000
0,68,23,170,71,1,3,3,1600,5000
0,77,27,187,79,1,3,2,12000,15000
0,68,31,170,67,1,3,4,1000,5000
0,66,21,177,72,1,3,3,1900,2000
0,73,24,180,77,1,3,2,4400,10000
0,75,23,191,83,2,3,2,8000,30000
0,72,22,170,62,1,5,3,3800,16000
0,69,25,173,67,1,5,4,2100,22000
0,73,22,185,74,1,4,3,6000,22000
0,74,32,187,93,1,2,2,2700,12000
0,67,33,187,77,1,3,3,525,4000
0,71,25,178,76,1,4,4,2800,9000
1,71,27,158,56,1,3,5,2000,10000
0,71,28,177,69,1,3,4,1900,7000
0,63,25,178,64,1,2,2,575,3000
0,64,22,175,68,1,3,2,1300,8000
0,69,31,185,75,1,3,2,975,550
0,67,22,187,82,1,3,3,2300,7000
0,70,24,184,80,1,3,2,3300,6000
0,70,22,179,73,1,2,3,3600,6000
0,81,23,194,95,2,2,3,48000,90000
0,64,24,177,71,1,2,2,850,1000
0,69,19,187,79,1,3,2,2900,10000
0,65,29,165,62,1,3,3,700,500
0,65,29,175,69,1,3,3,700,3000
0,68,23,170,83,1,3,4,1600,500
0,69,22,177,71,1,3,3,3100,13000
0,70,29,188,75,1,3,2,1300,23000
0,66,22,172,64,1,3,3,1900,2000
0,65,26,169,64,1,4,3,850,3000
0,65,31,182,76,1,3,2,575,1000
0,67,26,180,73,1,2,3,1200,2000
0,68,24,184,82,1,3,3,1800,3000
0,66,21,180,72,1,3,3,1900,6000
0,72,28,186,82,1,4,3,2400,750
0,65,22,178,79,1,2,2,1100,500
0,78,40,188,72,1,4,3,0.0,11000
0,62,29,178,76,1,2,2,350,1000
0,67,23,186,74,1,2,2,2000,2000
0,61,23,185,73,1,3,2,500,2000
0,71,23,185,76,1,2,2,2600,11000
0,62,28,172,68,1,2,2,400,550
0,67,29,175,68,1,3,4,1000,500
0,75,36,184,86,3,4,3,1900,44000
0,63,18,175,67,1,2,3,1200,2000
0,63,25,185,74,1,3,3,625,2000
0,69,25,180,72,1,3,3,2000,5000
0,67,25,179,72,1,4,3,1500,11000
0,63,27,178,68,1,2,2,525,500
0,66,19,179,67,1,3,3,2000,14000
0,66,26,183,79,1,4,2,1000,1000
0,64,19,188,79,1,3,2,1300,1000
0,68,28,186,75,1,3,2,1200,5000
0,72,26,186,81,1,3,3,3100,23000
0,80,22,193,81,2,3,2,31000,74000
0,70,21,185,79,1,3,3,3600,23000
0,66,21,194,81,1,3,2,1800,4000
0,68,28,175,68,1,3,3,1200,15000
0,69,18,170,71,1,3,3,3600,4000
0,73,25,188,80,1,2,2,4100,10000
0,67,21,180,75,1,3,3,2200,7000
0,67,33,180,85,1,3,3,650,500
0,68,22,188,81,1,3,3,2500,5000
0,70,33,181,73,2,3,2,800,9000
0,71,36,189,85,1,4,2,325,9000
0,68,23,180,74,1,3,2,1900,15000
0,68,32,181,74,1,3,3,825,500
0,74,37,174,70,3,3,3,0.0,0
0,68,26,176,60,1,4,4,950,10000
0,66,26,180,73,1,4,3,1000,5000
0,64,24,180,70,1,3,3,825,500
0,65,20,180,70,1,3,3,1600,7000
0,64,20,177,70,1,3,3,1400,2000
0,65,21,182,73,1,2,3,1800,500
0,71,21,176,68,1,3,3,4200,51000
0,72,23,172,67,1,3,4,5000,11000
0,68,21,177,69,1,3,3,2700,5000
0,66,20,180,76,1,3,3,2100,3000
1,67,28,177,70,1,3,2,925,3000
0,64,28,181,83,1,3,3,600,950
0,69,23,183,76,1,2,3,2100,5000
0,72,22,168,61,1,3,4,5500,10000
0,63,21,183,79,1,4,2,1100,500
0,64,25,182,77,1,3,2,775,2000
0,71,30,185,77,2,3,3,1800,11000
0,68,20,187,74,1,3,2,2700,5000
0,69,25,172,76,1,2,3,1700,6000
0,66,25,183,83,1,3,3,1000,4000
0,66,28,176,63,1,3,3,850,5000
0,64,25,178,73,1,3,2,850,3000
2,68,24,175,70,1,4,3,1800,10000
0,77,33,183,95,4,4,5,0.0,0
0,74,28,189,86,2,3,2,4100,25000
0,65,32,167,78,1,3,3,500,500
0,64,28,170,62,1,3,3,575,500
0,70,21,171,68,1,3,3,3900,7000
0,69,28,181,73,1,3,3,1200,7000
0,65,21,179,72,1,3,2,1600,500
0,71,19,181,75,1,3,2,4300,8000
0,68,26,175,73,1,3,2,0.0,0
0,66,23,191,75,1,3,2,1200,2000
0,72,27,180,74,1,3,3,2500,13000
0,65,27,190,69,1,3,3,750,5000
0,77,30,196,96,1,3,3,10500,30000
0,68,26,178,63,1,3,3,1400,2000
0,63,19,181,82,1,3,2,1200,2000
0,65,19,177,64,1,3,2,1500,500
0,62,16,175,80,1,2,3,1200,650
2,65,21,180,72,1,3,2,1400,2000
1,66,25,169,63,1,3,3,1200,2000
0,65,24,179,69,1,2,2,1000,3000
0,63,17,180,72,1,3,3,1100,500
0,69,22,186,85,1,3,2,2100,10000
0,80,27,185,75,2,3,2,19500,51000
0,70,27,172,63,1,3,3,1700,2000
0,68,25,177,75,1,4,3,1600,500
0,68,21,177,63,1,2,2,2600,7000
0,74,22,184,78,1,4,2,8500,39000
0,67,30,185,77,1,3,3,975,5000
0,64,29,175,71,1,3,3,575,500
0,69,30,185,72,1,4,2,1400,10000
0,69,20,167,63,1,3,3,3100,500
0,70,28,193,93,1,2,2,1600,20000
0,71,24,182,71,1,2,2,2600,13000
0,66,22,170,65,1,3,2,1800,3000
2,62,18,180,76,1,3,2,925,750
0,70,36,180,71,1,4,3,600,6000
0,68,24,174,64,1,3,3,1700,4000
0,68,31,176,78,1,3,3,1000,550
0,68,33,183,83,1,3,2,600,850
0,68,23,179,73,1,3,2,1500,5000
0,72,23,181,80,1,3,3,4700,29000
0,68,21,168,68,1,2,3,2500,5000
1,68,23,180,72,1,4,3,2600,4000
0,66,30,182,73,1,3,3,825,3000
0,64,27,175,76,1,3,2,625,500
0,67,22,188,70,1,3,3,2300,2000
0,69,35,175,75,1,2,3,550,3000
0,65,33,191,80,1,3,3,350,500
0,68,23,178,74,1,3,3,2300,3000
0,66,25,183,80,1,3,2,1200,4000
0,80,38,191,84,3,3,2,3800,26000
0,77,22,190,88,2,2,2,22000,34000
0,65,20,178,68,1,3,2,1700,17000
0,66,29,176,68,1,3,2,850,500
0,66,22,183,64,1,4,3,1800,10000
0,73,30,192,86,1,3,2,2500,16000
0,69,23,185,72,1,3,2,2600,11000
0,72,24,174,74,1,2,4,3500,8000
0,68,35,193,81,1,3,3,525,3000
0,67,21,182,81,1,3,2,2500,500
0,62,21,188,73,1,3,2,975,7000
0,68,28,173,71,1,2,2,1100,500
0,68,24,179,73,1,3,3,1900,9000
0,75,20,191,75,1,3,3,12500,64000
0,68,29,184,70,1,4,3,1200,5000
0,65,22,180,70,1,3,3,1600,2000
0,80,34,189,94,3,3,2,7000,19000
0,66,23,172,72,1,3,2,1800,500
0,71,28,182,78,1,3,2,1900,950
0,67,35,183,74,1,3,2,275,2000
0,69,24,190,82,1,3,2,2000,4000
0,62,32,172,70,1,3,3,275,1000
0,64,32,175,71,1,3,2,450,500
0,65,28,188,87,1,1,3,625,2000
0,63,26,186,75,1,3,2,600,800
0,71,21,190,78,1,3,3,4200,15000
0,64,19,180,84,1,4,4,1500,750
0,73,24,191,80,1,2,2,5500,14000
0,68,23,179,71,1,3,3,1900,4000
0,69,25,184,82,1,3,3,2000,9000
0,66,22,183,67,1,4,4,1900,3000
0,67,28,182,75,1,3,2,1000,6000
0,76,34,185,72,1,3,2,2400,12000
0,68,29,167,66,1,4,5,1200,500
0,70,20,182,75,1,3,2,3300,8000
0,70,18,171,73,1,3,3,3500,2000
0,70,26,184,76,1,3,3,1700,10000
0,69,21,173,68,1,2,3,2700,9000
0,76,32,186,90,2,3,3,6000,38000
1,67,25,185,80,1,4,3,1400,7000
0,73,25,175,64,1,2,3,4300,12000
0,68,29,173,77,1,3,2,1100,500
0,65,29,180,84,1,4,3,700,1000
0,68,22,175,66,1,3,3,2700,14000
0,69,24,185,83,1,3,2,2000,1000
0,69,27,184,74,1,4,3,1600,17000
0,70,23,181,75,1,3,2,0.0,0
0,66,25,174,74,1,3,2,1100,3000
0,66,22,179,69,1,3,2,1800,3000
0,69,19,176,71,1,3,3,3100,12000
0,79,29,190,83,1,3,2,14500,51000
0,63,22,176,69,1,3,2,975,500
0,63,23,170,63,1,3,2,650,2000
0,70,22,180,70,1,2,3,3600,14000
0,66,23,169,62,1,4,3,1900,4000
0,69,27,169,77,1,2,2,1600,4000
2,64,23,178,67,1,4,2,825,1000
0,65,22,167,62,1,3,4,1600,500
0,73,26,189,78,1,3,2,3300,800
0,63,24,177,76,1,3,2,650,2000
0,69,17,175,73,1,4,4,3500,4000
0,69,25,190,84,1,3,3,1900,11000
0,77,33,185,85,1,3,2,5000,11000
0,68,30,172,62,1,4,3,1200,6000
0,66,26,176,63,1,3,3,1100,8000
0,69,31,187,84,1,2,3,1200,2000
0,63,24,183,78,1,2,2,725,1000
0,67,28,178,70,1,4,3,1000,500
0,65,28,173,66,1,3,2,725,2000
0,67,22,180,77,1,4,2,2100,500
0,61,30,180,75,1,3,3,325,2000
0,62,24,179,74,1,3,2,550,1000
0,63,31,178,76,1,4,3,400,2000
0,68,22,185,75,1,3,2,2300,2000
0,69,21,184,79,1,3,3,3100,7000
0,65,29,186,80,1,3,3,700,1000
0,72,26,170,63,1,4,3,2600,12000
0,74,23,174,66,1,2,3,8500,23000
0,65,29,178,70,1,3,3,725,2000
0,64,19,178,72,1,3,2,1400,2000
0,68,32,185,75,2,2,4,675,30000
0,67,18,175,69,1,3,3,2600,2000
0,69,27,185,76,1,3,3,1500,7000
0,70,25,178,73,1,3,2,2200,5000
0,70,21,167,65,1,3,3,3600,4000
0,69,24,184,87,1,3,3,2000,9000
0,62,22,186,77,1,3,3,900,2000
0,65,36,187,73,1,3,3,230,2000
1,66,23,169,60,1,4,2,1200,2000
0,66,22,181,73,1,3,3,1600,3000
0,66,31,178,68,2,4,3,425,3000
0,72,35,171,71,1,4,3,950,3000
0,68,19,175,76,1,3,4,2900,3000
0,68,25,172,70,1,4,4,1600,7000
0,63,27,174,74,1,3,3,450,500
0,66,21,168,71,1,3,3,1900,3000
2,67,20,170,61,1,4,3,2300,3000
1,61,22,182,72,1,3,2,675,550
0,66,26,170,65,1,3,3,1000,500
0,68,28,174,70,1,3,2,1100,500
2,64,23,179,69,1,3,2,875,2000
0,65,20,173,76,1,3,2,1600,2000
0,74,26,180,74,1,4,3,5500,40000
1,64,22,174,69,1,4,3,1300,3000
0,73,31,192,94,1,3,2,2600,22000
0,66,26,186,77,1,3,2,1000,500
0,64,26,185,78,1,3,2,675,4000
0,68,31,183,79,3,3,3,1000,4000
0,74,22,187,80,1,3,2,6000,19000
0,70,30,165,65,1,3,3,1500,12000
0,74,29,185,75,1,3,2,3500,24000
0,65,22,186,78,1,3,2,1500,500
0,68,26,181,83,1,4,2,1500,4000
0,63,22,183,78,1,3,2,975,2000
0,69,29,186,75,1,3,2,1200,7000
0,67,22,183,74,1,3,2,2200,2000
0,64,19,180,72,1,4,2,1300,3000
2,64,28,172,65,1,3,2,525,1000
0,63,21,185,75,1,3,2,1000,4000
0,70,22,179,73,1,3,2,1900,18000
0,73,26,185,74,1,3,2,3500,36000
0,62,31,183,79,1,2,2,300,2000
0,63,25,179,73,1,3,3,600,500
0,68,33,184,81,1,3,3,750,1000
0,73,24,185,75,1,2,4,4400,5000
0,63,22,187,70,1,3,2,1100,3000
0,70,20,164,63,1,3,4,3500,19000
0,61,20,167,70,1,3,2,725,1000
0,68,23,178,77,1,4,3,2400,6000
0,66,38,169,64,1,3,2,275,500
0,63,33,170,71,1,3,2,240,2000
2,65,22,168,64,1,4,3,1600,4000
0,78,25,192,89,2,3,2,17500,35000
0,66,19,178,69,1,3,3,1900,2000
0,66,18,178,68,1,3,3,2200,6000
0,70,22,185,73,1,3,3,3300,3000
0,63,23,170,66,1,3,2,950,2000
0,66,20,177,67,1,4,2,1900,7000
0,70,22,168,69,1,2,4,3200,5000
0,68,21,171,63,1,3,3,2700,6000
0,62,26,176,64,1,3,2,525,950
0,67,26,185,79,1,4,3,1200,5000
0,67,28,192,85,1,3,2,975,3000
2,65,19,172,70,1,3,2,1500,2000
0,65,26,180,74,1,3,3,850,5000
0,79,25,187,80,1,4,3,23000,25000
0,65,33,178,76,1,3,2,350,1000
0,67,25,176,74,1,3,3,1300,3000
0,71,22,180,71,1,3,3,3000,3000
0,76,25,193,78,1,2,2,9500,20000
0,71,19,180,70,1,4,2,3800,4000
0,62,22,176,78,1,3,3,625,700
0,70,25,181,66,1,3,4,2000,5000
0,65,21,180,63,1,2,3,1600,2000
0,64,21,177,73,1,3,2,800,500
0,61,25,179,76,1,4,3,450,1000
0,75,26,191,77,1,2,2,6000,58000
0,66,25,182,84,1,3,3,1000,500
0,64,19,162,49,1,5,3,1200,2000
0,81,24,190,87,2,2,2,37000,74000
0,70,23,187,76,1,3,2,3400,20000
0,72,29,192,79,1,3,2,2000,8000
0,64,28,189,89,1,3,3,600,3000
0,63,19,170,53,1,3,2,1100,3000
0,66,21,175,75,1,3,3,1900,4000
0,64,23,175,74,1,3,3,925,2000
0,69,25,169,69,1,2,4,1800,13000
0,72,25,174,75,1,3,3,3200,900
0,68,28,187,78,1,3,3,1200,3000
1,65,22,178,70,1,3,3,1400,750
0,66,25,180,73,1,2,3,1100,500
0,70,27,184,83,1,3,3,1700,800
0,67,22,177,60,1,3,2,1500,9000
0,70,35,185,78,1,3,2,425,500
0,67,20,174,62,1,3,3,2100,2000
0,66,24,183,82,1,3,3,1200,4000
0,67,24,174,62,1,3,4,0.0,0
0,70,20,175,70,1,2,2,3300,3000
0,62,26,182,71,1,3,2,475,2000
0,62,24,179,72,1,3,2,600,2000
0,66,23,185,74,1,3,2,1200,5000
0,68,21,183,74,1,3,2,2500,7000
0,66,32,175,75,1,2,3,675,500
0,65,21,172,71,1,2,2,1500,2000
0,67,22,175,69,1,3,2,2000,4000
0,67,31,180,72,1,2,3,850,5000
0,68,21,175,70,1,3,4,2700,6000
0,69,24,183,79,1,3,3,1900,6000
0,74,24,189,83,1,2,2,6000,19000
0,67,20,189,74,1,3,4,2700,26000
0,71,25,178,74,1,3,2,2300,11000
0,64,19,188,83,1,3,3,1200,500
0,63,20,183,76,1,3,2,1000,500
0,63,21,176,76,1,3,2,1100,2000
0,64,25,175,69,1,4,3,700,3000
0,76,25,190,82,1,4,2,9000,23000
0,72,25,184,71,1,3,3,2500,40000
0,72,23,177,72,1,3,2,4500,8000
0,82,26,195,98,2,4,2,33500,62000
0,71,21,180,70,1,3,2,4000,38000
0,69,25,180,77,1,3,4,1700,11000
0,68,28,173,70,1,3,3,1200,550
0,70,27,179,73,1,3,3,1700,6000
0,74,20,175,74,1,4,3,9500,21000
0,68,35,183,83,2,2,2,80,2000
0,67,26,178,77,1,3,2,1200,4000
0,64,27,190,82,1,3,2,550,2000
0,69,23,184,67,1,3,3,2100,16000
0,69,23,175,70,1,2,3,2800,7000
0,66,35,185,85,1,2,3,375,8000
0,72,23,178,70,1,2,3,3700,49000
0,63,37,178,75,1,3,3,0.0,0
0,64,21,172,64,1,3,2,1300,17000
0,71,30,184,87,1,3,4,1800,14000
0,66,33,183,72,2,3,4,475,5000
0,75,24,188,76,1,2,3,8500,28000
0,69,22,188,79,1,3,2,3000,5000
0,67,25,177,73,1,3,3,1200,500
0,70,25,185,79,1,3,2,2100,600
0,68,26,170,67,1,3,3,1400,10000
0,67,29,184,75,1,3,4,1000,6000
0,62,25,176,67,1,2,2,575,500
0,69,22,175,65,1,3,3,3100,6000
0,63,19,175,72,1,3,2,1000,500
0,64,21,182,82,1,3,3,1200,500
0,66,25,182,74,1,3,2,1100,7000
0,68,25,175,62,1,3,3,1500,3000
0,67,20,193,85,1,3,2,2500,9000
0,70,21,186,78,1,3,3,3600,13000
0,67,29,167,67,1,2,2,900,500
0,73,22,183,77,1,3,2,3100,9000
0,69,27,178,73,1,2,3,1500,8000
0,64,22,176,70,1,3,3,1300,500
0,65,32,187,83,1,4,2,475,2000
0,74,31,188,84,1,3,2,2900,34000
0,67,23,174,65,1,3,2,2000,1000
0,67,26,171,67,1,3,4,1100,500
0,64,27,184,69,1,3,2,625,1000
0,67,21,174,64,1,2,3,2300,5000
0,70,24,176,79,1,3,3,2500,550
0,69,29,183,78,1,3,3,1400,9000
0,67,25,184,76,1,3,2,1300,500
0,72,29,187,76,1,3,3,2300,2000
0,70,32,190,84,1,4,2,1100,11000
0,68,25,174,68,1,3,3,1400,21000
0,71,23,174,68,1,3,3,2900,7000
0,73,35,184,77,1,3,2,950,9000
0,70,22,191,82,1,2,2,3400,10000
0,73,21,174,68,1,2,2,7000,800
0,64,22,170,64,1,3,2,1300,3000
0,70,21,185,72,1,3,2,3000,20000
0,71,23,183,74,1,4,3,4200,14000
0,66,26,188,83,1,3,2,775,6000
0,64,21,172,66,1,3,3,1300,2000
0,67,27,190,78,1,2,2,1200,4000
0,66,22,174,69,1,2,3,1900,5000
0,67,26,180,73,1,3,3,1300,3000
0,62,21,162,60,1,4,3,800,500
0,70,23,190,84,1,3,3,3200,9000
0,65,31,186,75,2,3,2,525,2000
0,71,27,175,68,1,3,3,2000,15000
0,71,26,180,75,1,3,3,2200,10000
0,62,23,176,71,1,3,2,875,2000
0,72,21,190,78,1,3,3,5500,10000
0,64,24,184,70,1,4,2,875,2000
0,69,23,190,88,1,3,3,3100,12000
0,72,33,167,62,1,3,4,1500,1000
0,62,21,175,74,1,3,2,850,500
0,68,26,184,77,1,3,2,1600,6000
0,64,24,173,71,1,3,2,875,600
0,71,35,185,80,1,3,2,575,8000
0,63,19,184,74,1,3,2,1200,1000
0,67,19,180,65,1,4,3,2500,3000
0,66,21,170,62,1,4,4,1900,1000
0,73,27,186,83,1,3,3,3300,39000
0,71,20,186,70,1,4,5,4500,4000
0,75,19,176,75,1,3,4,13500,7000
0,66,22,175,70,1,3,2,1200,2000
0,66,20,168,55,1,3,2,1800,3000
0,63,21,181,77,1,4,2,1100,1000
0,63,22,170,64,1,3,2,975,500
0,61,19,172,64,1,3,2,775,5000
0,61,22,176,72,1,3,3,675,750
0,66,20,180,64,1,4,2,1900,5000
0,70,32,185,80,2,3,2,0.0,0
0,64,20,175,64,1,3,3,1300,500
0,66,21,183,75,1,3,2,1200,3000
0,72,23,187,80,1,3,2,4900,11000
0,68,32,180,76,1,3,2,475,5000
0,68,23,192,78,1,3,3,1600,4000
0,73,19,170,67,1,4,4,7000,37000
0,62,17,176,70,1,3,3,1200,500
0,64,36,180,80,2,3,2,0.0,3000
0,71,20,182,71,1,3,3,4100,41000
0,67,28,182,76,1,3,3,900,3000
0,66,25,170,63,1,4,3,1100,2000
0,64,20,183,67,1,2,2,1300,2000
0,64,23,177,67,1,3,3,1300,4000
0,67,31,185,82,1,4,3,0.0,0
0,68,25,182,81,1,3,2,1600,500
0,64,20,173,58,1,3,3,1400,2000
0,68,24,180,68,1,4,2,2300,5000
0,66,16,176,61,1,3,3,2300,2000
0,66,24,174,70,1,3,3,1200,500
0,62,27,175,69,1,3,3,375,1000
0,70,22,180,75,1,3,3,3600,5000
0,76,22,190,79,1,4,2,14000,29000
0,64,24,177,75,1,2,2,775,1000
0,72,21,175,70,1,2,2,5000,5000
1,65,20,170,67,1,4,3,1700,2000
0,65,24,190,83,1,4,2,925,2000
0,68,30,172,80,1,3,3,1000,500
0,67,25,187,88,1,3,3,1200,500
0,72,25,180,67,1,3,2,3000,650
0,69,22,174,66,1,3,3,3100,18000
0,70,26,185,65,1,3,3,1700,25000
0,69,30,167,67,1,2,2,1200,550
0,65,19,192,76,1,4,3,1700,1000
0,63,20,178,70,1,3,2,1000,4000
1,64,27,188,80,1,2,2,625,950
0,66,27,175,71,1,4,4,925,8000
0,66,24,181,68,1,3,4,1400,3000
0,65,22,170,56,1,4,4,1100,500
0,64,18,174,60,1,3,3,1500,1000
0,70,23,173,70,1,3,2,3000,5000
0,66,21,170,74,1,3,3,1900,500
0,69,20,181,77,1,5,3,3100,9000
0,67,23,185,71,1,4,4,2300,5000
0,73,25,188,82,1,2,2,3600,4000
0,71,24,164,64,1,2,3,3000,19000
0,71,22,175,72,1,2,3,4000,9000
0,64,26,173,74,1,3,2,0.0,0
0,64,25,170,69,1,2,3,750,500
0,65,21,177,73,1,3,3,1800,1000
0,67,22,171,72,1,3,3,2200,500
0,74,24,190,86,1,3,2,6000,20000
0,64,22,182,71,1,3,2,1100,3000
0,70,32,190,82,1,2,3,1300,600
0,67,18,182,75,1,3,2,2400,1000
0,66,32,185,78,1,3,2,550,500
0,72,25,190,80,1,3,2,3300,6000
0,68,22,178,75,1,4,3,2700,6000
0,73,26,192,89,1,3,2,4000,8000
0,66,25,184,67,1,4,3,1000,7000
0,66,25,186,75,1,2,2,0.0,0
0,69,28,188,70,2,4,2,1300,23000
0,73,21,193,89,1,3,3,7000,33000
0,67,24,184,76,1,3,3,1500,5000
2,64,18,174,70,1,4,2,1200,500
0,66,20,187,64,1,2,3,2100,500
0,67,28,180,77,1,3,2,975,500
0,63,23,169,65,1,3,3,750,500
0,68,29,182,72,1,2,3,1200,9000
0,68,19,175,68,1,3,3,2900,3000
0,69,22,179,67,1,3,2,3000,15000
0,65,31,180,76,1,3,3,600,4000
0,64,24,175,78,1,3,2,850,1000
0,69,28,173,70,1,4,3,1400,8000
0,68,27,175,72,1,3,2,1300,3000
2,63,21,174,63,1,3,2,1100,2000
0,65,19,172,63,1,3,3,1800,6000
0,63,21,174,71,1,3,3,1100,2000
0,61,19,170,65,1,3,3,775,500
0,64,30,176,73,1,2,3,550,2000
0,67,25,168,66,1,4,3,1300,6000
0,69,30,170,68,1,3,2,0.0,0
0,67,21,170,65,1,4,3,2300,8000
0,68,34,183,73,1,3,3,575,500
0,64,27,174,74,1,3,3,675,2000
0,67,27,175,72,1,3,3,1200,1000
0,64,29,183,78,1,3,2,525,2000
0,61,37,185,69,1,2,2,100,2000
0,66,20,178,73,1,3,2,1900,4000
0,69,24,178,72,1,4,3,2100,4000
0,66,20,182,68,1,3,2,1800,4000
0,64,23,178,68,1,3,2,1200,3000
0,71,30,190,88,2,3,2,1500,9000
0,70,24,192,82,1,3,2,2200,12000
0,63,17,177,67,1,3,2,1200,500
0,61,22,185,71,1,4,2,700,1000
0,66,21,180,75,1,3,2,1800,3000
0,65,25,177,75,1,3,3,950,2000
0,68,27,175,62,1,2,3,1300,7000
0,65,27,189,86,1,3,3,775,3000
0,69,21,178,75,1,3,4,3100,9000
0,66,29,185,85,1,3,2,725,5000
0,72,33,186,81,2,2,2,1100,17000
0,65,27,187,77,1,3,2,825,500
0,65,21,179,74,1,3,2,1400,2000
0,63,20,181,72,1,3,2,1100,500
0,65,29,184,77,1,3,3,600,500
0,63,19,173,58,1,3,3,1100,5000
0,69,24,156,58,1,3,4,2000,7000
0,64,20,166,63,1,3,2,1200,500
0,68,20,178,74,1,3,4,2700,17000
0,67,22,177,74,1,4,4,1600,6000
0,64,22,166,70,1,3,2,1200,500
0,68,30,173,69,1,3,3,1200,5000
0,64,19,184,83,1,3,3,1300,1000
0,63,22,182,78,1,3,2,1100,3000
0,69,21,176,67,1,4,3,3100,7000
0,68,21,176,69,1,3,3,2600,14000
0,67,21,170,65,1,3,5,2300,2000
0,65,26,178,75,1,4,2,925,9000
0,72,29,189,87,1,3,2,2200,650
1,63,23,158,58,1,3,3,1100,700
0,65,28,170,61,1,4,3,725,3000
0,64,20,163,64,1,3,2,1200,500
0,65,24,182,70,1,2,2,1500,3000
0,69,32,180,75,1,4,2,900,2000
0,75,21,184,71,1,3,3,12000,44000
0,63,23,175,71,1,3,2,1100,8000
0,67,21,175,65,1,3,2,2200,12000
0,72,20,174,71,1,3,4,5500,10000
0,66,26,177,67,1,3,3,1000,2000
0,65,25,176,72,1,4,3,1000,2000
0,69,29,178,71,1,3,3,1400,9000
0,78,32,188,84,2,4,2,0.0,0
0,66,24,174,71,1,4,3,1300,1000
0,74,30,196,85,2,3,2,3500,11000
0,65,22,182,75,1,3,3,1500,17000
0,61,20,182,72,1,4,2,725,500
0,61,30,179,66,1,3,2,275,1000
0,66,23,176,63,1,3,2,1200,3000
0,66,22,185,73,1,3,3,1900,2000
0,67,24,187,80,1,4,3,1600,2000
0,65,25,170,73,1,3,3,850,500
0,64,26,172,70,1,3,2,700,500
0,67,22,174,68,1,3,2,2300,6000
0,63,21,185,78,1,3,2,975,4000
0,63,24,175,70,1,3,2,625,1000
0,61,27,184,77,1,3,2,350,1000
0,66,19,176,80,1,3,2,1900,2000
0,59,21,168,68,1,2,2,450,4000
0,64,19,175,69,1,4,2,1500,6000
0,64,20,179,70,1,3,2,1500,1000
0,62,24,176,67,1,4,3,600,2000
0,71,31,185,85,1,3,2,1600,20000
0,60,20,181,79,1,3,3,475,500
0,66,27,188,76,1,3,2,800,3000
0,68,28,176,74,1,4,3,1200,4000
0,63,25,170,65,1,3,3,575,550
0,63,19,181,68,1,3,2,1100,5000
0,67,21,185,77,1,3,3,2200,3000
0,66,22,177,64,1,2,2,1800,3000
0,63,22,173,67,1,3,2,1100,5000
0,66,24,180,77,1,3,2,1200,2000
0,63,22,173,70,1,3,3,1100,2000
0,69,21,187,82,1,3,2,3200,500
0,62,19,178,73,1,3,3,950,500
2,62,25,169,68,1,4,2,450,950
0,65,24,166,61,1,3,2,1000,2000
0,67,22,181,75,1,4,3,2300,9000
0,67,22,172,64,1,3,3,2300,3000
0,66,24,182,73,1,3,3,1300,3000
0,69,31,166,64,1,3,3,1200,500
0,68,25,178,77,1,3,3,1500,4000
0,70,22,180,75,1,2,2,2200,6000
0,64,20,162,62,1,3,3,1400,2000
0,68,22,177,76,1,3,3,2700,8000
0,69,28,183,78,1,3,3,1400,7000
0,70,33,183,78,1,3,3,1000,28000
0,63,21,186,78,1,2,2,1200,2000
0,62,26,170,71,1,3,3,425,2000
0,61,25,180,79,1,3,2,400,500
0,65,29,175,70,1,2,2,700,500
0,71,20,184,75,1,2,4,4100,6000
0,66,20,168,61,1,3,2,1800,8000
0,68,21,185,77,1,3,4,3000,12000
0,64,22,180,76,1,3,3,1100,2000
0,65,24,171,66,1,3,3,975,3000
0,66,21,179,76,1,3,3,1700,500
0,64,20,176,69,1,3,2,1300,2000
0,66,22,170,64,1,3,2,1800,10000
0,69,37,173,71,1,4,4,450,5000
0,70,21,178,65,1,3,3,3600,12000
0,63,31,188,73,1,3,3,325,2000
2,66,24,166,61,1,3,3,1200,2000
0,67,23,185,76,1,3,2,1600,5000
0,66,23,180,73,1,3,2,1300,500
0,64,18,188,69,1,3,4,1500,2000
0,70,23,177,75,1,3,3,3200,8000
0,72,21,187,75,1,3,3,5500,31000
0,64,34,170,66,1,3,2,275,500
0,62,25,173,70,1,3,2,550,500
0,67,19,173,62,1,3,3,2300,1000
0,66,23,170,67,1,2,2,1300,8000
0,63,25,173,76,1,3,3,675,7000
2,63,36,181,73,1,3,2,90,1000
0,65,21,180,72,1,3,2,1500,1000
0,62,21,176,69,1,5,2,975,3000
0,67,23,176,68,1,2,2,1900,3000
0,68,26,188,76,1,4,2,1600,4000
0,65,29,173,69,1,2,3,700,2000
0,64,20,183,73,1,3,2,1400,4000
0,68,23,183,73,1,2,3,1900,7000
0,66,22,178,67,1,3,3,1900,4000
0,76,30,190,75,2,4,3,7500,29000
0,65,22,171,68,1,3,2,1500,500
0,63,23,183,78,1,3,3,700,2000
0,68,19,178,76,1,4,2,2700,3000
0,74,21,190,80,1,3,2,8000,23000
0,75,29,195,88,1,3,2,4700,22000
1,69,28,187,83,1,3,2,1400,5000
0,70,23,168,55,1,2,3,2200,12000
0,82,36,190,82,3,3,2,5500,30000
0,64,28,176,87,1,3,3,600,600
0,67,19,177,68,1,3,3,2400,500
0,63,22,173,65,1,3,2,1100,3000
0,69,29,180,79,1,2,3,1400,7000
0,68,23,183,74,1,3,3,2400,4000
0,74,33,189,89,3,4,3,3500,26000
0,69,26,175,70,1,2,2,1700,500
0,64,30,193,85,1,3,2,550,2000
0,66,24,190,83,1,3,3,1400,2000
0,68,23,174,72,1,2,2,1800,5000
0,64,21,175,68,1,2,2,1200,1000
0,66,25,183,79,1,2,2,1000,500
0,64,26,172,71,1,3,3,700,500
0,64,27,177,71,1,3,3,625,2000
0,64,19,175,70,1,3,2,1400,5000
0,61,20,192,77,1,4,4,800,4000
0,64,26,177,75,1,3,2,700,1000
0,76,25,191,83,2,4,2,9500,33000
0,63,30,170,70,1,3,3,400,500
0,69,30,182,70,1,4,3,1200,8000
0,71,25,189,75,1,4,2,2300,27000
0,65,24,177,78,1,5,3,1000,2000
0,65,30,171,70,1,3,3,700,500
0,63,21,170,64,1,3,2,1100,2000
0,73,33,188,85,2,3,3,1900,5000
0,65,23,178,69,1,3,3,1600,3000
0,65,28,187,82,1,3,2,725,6000
0,73,26,178,69,1,3,3,3700,8000
0,65,23,180,80,1,3,2,1300,2000
0,64,34,180,76,1,3,3,275,3000
0,69,22,182,70,1,2,3,3100,9000
0,64,28,166,57,1,3,3,600,500
0,61,21,175,67,1,3,3,725,1000
0,63,20,178,74,1,2,3,1200,950
0,65,21,187,78,1,3,3,1600,3000
0,68,23,186,77,1,3,3,2500,3000
0,65,21,167,58,1,3,3,1100,500
0,63,19,170,69,1,3,4,1000,500
0,68,34,186,87,1,3,3,550,500
0,68,27,184,84,1,3,3,1300,500
0,72,22,186,78,1,2,2,4400,13000
0,67,20,182,78,1,3,3,2200,5000
0,63,20,172,64,1,2,2,1000,1000
0,69,24,190,84,1,3,2,1500,500
0,62,20,171,64,1,3,2,925,1000
0,75,25,184,79,1,3,2,7000,90000
0,64,26,179,75,1,2,2,675,500
0,68,23,180,78,1,3,2,2600,2000
0,64,22,183,75,1,3,2,1200,1000
2,65,24,169,66,1,3,2,875,2000
0,68,24,178,71,1,2,2,1400,2000
0,64,19,177,65,1,5,2,1300,2000
0,67,23,180,72,1,3,3,1500,3000
0,66,21,168,64,1,3,2,1800,500
0,64,24,187,77,1,3,3,875,3000
0,67,22,178,70,1,3,3,2300,11000
0,65,30,183,67,1,3,2,625,1000
0,67,22,176,68,1,3,2,2300,10000
0,65,24,185,77,1,2,2,975,500
0,64,24,177,72,1,3,3,875,750
0,62,19,181,73,1,3,4,1000,7000
0,66,27,175,68,1,3,3,825,11000
0,63,20,181,69,1,4,2,1100,2000
0,63,24,176,63,1,3,2,950,500
0,68,30,176,69,2,3,2,825,10000
0,68,20,183,78,1,3,3,2800,14000
0,75,23,187,76,1,3,2,8000,26000
0,65,22,174,67,1,3,2,1500,2000
0,66,25,176,74,1,3,2,975,9000
0,71,25,183,72,1,2,2,2300,16000
0,68,25,174,70,1,2,2,1600,5000
0,63,29,177,74,1,4,3,475,2000
0,64,28,179,66,1,3,2,575,500
0,66,31,183,71,1,3,4,625,2000
0,64,31,179,81,1,3,3,475,500
0,68,19,176,69,1,4,4,3100,20000
1,68,24,187,80,1,3,2,1600,4000
0,65,24,180,70,1,3,2,975,3000
0,70,24,190,80,1,3,2,3300,500
0,62,21,170,65,1,3,3,775,500
0,70,21,169,71,1,3,2,3300,13000
0,64,21,175,75,1,3,4,1300,500
0,73,19,183,77,1,3,3,7000,30000
0,73,35,189,86,2,3,2,400,25000
0,70,23,178,70,1,3,3,3500,14000
0,63,19,173,70,1,2,3,1100,500
0,73,23,180,73,1,3,3,6000,51000
0,61,22,177,69,1,3,3,725,1000
2,66,24,173,65,1,3,2,1200,1000
0,70,24,178,75,1,3,3,2400,6000
0,70,23,179,72,1,5,3,3600,9000
0,63,18,178,70,1,4,4,1100,800
0,66,24,180,78,1,2,2,1200,4000
0,67,26,183,76,1,3,2,1300,2000
0,59,19,181,72,1,3,3,525,500
0,71,29,183,74,1,3,2,1600,800
0,69,25,177,72,1,3,2,1800,9000
0,62,21,170,66,1,4,3,900,2000
0,66,24,178,72,1,3,4,1400,500
0,72,23,195,84,1,3,2,4900,16000
0,65,22,185,75,1,2,2,1400,3000
0,62,22,185,78,1,3,2,600,2000
0,68,23,181,70,1,2,2,2600,9000
0,61,21,174,68,1,3,2,725,6000
0,66,23,173,69,1,3,3,1900,2000
2,70,23,182,76,1,3,2,2400,8000
0,67,20,187,81,1,3,2,2500,6000
0,63,21,174,66,1,3,3,1100,2000
0,66,29,174,66,1,2,2,850,500
0,62,21,175,63,1,3,3,900,500
0,65,21,178,74,1,3,3,1000,1000
0,65,18,185,75,1,3,3,1700,2000
0,65,20,181,77,1,3,2,1500,1000
0,64,23,170,64,1,3,3,875,3000
0,72,24,194,92,1,3,2,3000,750
0,71,22,185,78,1,3,2,3900,28000
0,71,23,181,76,1,3,3,3000,6000
0,61,22,176,74,1,3,3,675,500
0,66,22,176,75,1,3,2,1900,500
0,72,23,185,73,1,3,2,3700,13000
0,63,23,178,73,1,2,2,900,1000
0,76,23,193,86,1,3,2,10000,21000
0,70,27,178,73,1,4,2,1500,5000
0,67,34,176,80,1,3,2,375,11000
0,62,23,178,70,1,3,3,800,2000
0,73,18,176,71,1,5,5,7000,19000
0,68,21,178,74,1,2,2,2600,3000
1,69,24,188,77,1,3,2,2800,6000
0,65,29,177,70,1,3,2,625,500
0,66,25,187,83,1,3,2,1200,2000
0,67,25,177,72,1,3,2,1200,1000
0,69,22,181,71,1,4,3,1600,6000
0,59,17,175,75,1,3,3,500,500
2,66,31,180,66,1,4,2,600,1000
0,65,21,186,75,1,3,2,1800,2000
0,68,29,188,81,1,3,3,0.0,0
0,67,34,175,73,1,4,3,500,1000
0,66,27,180,72,1,3,2,900,8000
0,64,21,183,80,1,3,2,575,550
0,67,21,184,80,1,3,3,2200,500
0,64,24,174,78,1,2,3,775,500
0,67,24,181,73,1,3,2,1500,500
0,62,25,183,75,1,3,2,500,2000
0,67,23,171,63,1,3,3,1600,3000
0,65,27,180,73,1,2,3,750,500
0,66,34,187,87,1,3,3,425,500
0,65,22,185,72,1,3,2,1600,4000
0,63,23,179,69,1,3,2,750,4000
0,61,22,185,75,1,3,2,725,1000
0,64,32,173,80,1,4,2,400,500
0,70,22,175,70,1,3,3,3600,5000
0,65,22,168,68,1,3,3,1500,500
0,66,20,175,65,1,3,3,1900,2000
0,64,21,191,82,1,2,3,900,1000
0,69,24,177,72,1,3,3,2200,17000
0,63,21,170,70,1,4,3,1100,4000
0,68,27,171,71,1,3,3,1300,500
0,66,22,177,74,1,3,2,1800,5000
0,77,24,190,86,1,2,2,14500,35000
0,74,22,188,78,1,3,2,9000,4000
0,64,22,174,65,1,3,2,1300,6000
0,65,18,180,73,1,3,2,1700,1000
0,66,20,168,60,1,4,3,1800,8000
0,71,32,182,80,1,4,4,1500,550
0,73,33,188,80,2,3,3,1900,17000
0,71,36,183,80,1,3,2,650,25000
0,62,20,185,76,1,3,3,775,500
0,65,21,175,65,1,3,3,1500,500
0,65,29,181,77,1,3,2,600,500
0,64,25,187,82,1,3,2,725,2000
0,69,25,173,67,1,3,4,1800,4000
0,65,34,183,73,1,4,2,350,1000
0,64,26,173,65,1,3,3,650,950
0,63,22,185,75,1,2,3,1100,1000
0,66,30,185,80,1,3,3,850,2000
0,77,26,193,84,1,3,2,11500,26000
0,69,20,185,68,1,3,2,2900,3000
0,71,32,183,82,1,2,3,1200,5000
0,67,25,177,68,1,4,3,925,5000
0,65,24,184,76,1,3,3,1000,2000
0,63,23,180,70,1,2,3,725,2000
0,65,20,178,68,1,3,4,1700,2000
0,64,22,176,81,1,3,3,950,500
2,62,23,177,74,1,3,2,600,1000
0,62,24,182,76,1,3,2,400,2000
0,70,25,193,81,1,3,2,2100,11000
0,64,24,185,78,1,3,2,800,3000
2,66,29,180,77,2,4,3,650,4000
0,67,21,178,64,1,2,3,2300,10000
0,71,30,191,90,1,3,2,1500,13000
0,70,19,183,75,1,3,2,3300,4000
0,63,25,184,78,1,3,3,575,2000
0,66,27,185,70,1,3,2,900,4000
0,70,27,173,58,1,2,3,1700,5000
0,63,18,178,70,1,3,2,1100,550
0,65,28,187,79,1,3,3,725,2000
0,58,17,175,65,1,3,3,240,600
0,64,23,178,75,1,3,2,875,500
0,60,24,186,76,1,3,2,300,2000
0,61,22,178,76,1,3,2,700,500
0,70,30,175,73,1,3,2,1300,6000
0,65,20,188,77,1,5,3,1700,14000
1,60,24,164,67,1,3,3,325,800
0,62,33,163,65,1,3,3,250,500
0,68,33,176,76,1,3,3,775,600
0,66,20,183,66,1,3,2,2000,7000
0,69,22,179,72,1,3,3,3400,30000
0,63,34,173,70,1,3,2,230,2000
0,66,23,179,77,1,3,2,1600,12000
0,63,22,175,71,1,3,3,1000,1000
0,69,26,185,76,1,3,2,1600,4000
0,64,19,178,71,1,3,2,1300,9000
0,68,26,175,65,1,3,3,1300,1000
0,68,22,192,75,1,4,2,0.0,0
0,71,23,181,78,1,3,3,2800,16000
0,65,24,172,72,1,3,3,1100,500
0,64,20,171,67,1,3,2,1300,8000
0,62,21,182,76,1,5,2,900,2000
0,64,26,183,77,1,3,2,675,2000
0,73,25,188,84,1,4,2,5500,7000
0,64,20,177,73,1,3,3,1400,5000
0,63,28,177,75,1,3,3,475,850
0,68,25,194,85,1,3,3,1600,500
0,62,25,183,75,1,3,3,500,2000
0,66,24,163,62,1,3,3,1300,3000
0,75,28,194,86,1,3,3,6000,27000
0,64,24,185,70,1,2,2,775,2000
0,65,23,188,81,1,3,2,1300,2000
0,64,20,188,72,1,2,3,1300,2000
0,70,22,183,73,1,3,3,3600,18000
0,65,22,178,74,1,5,3,1600,1000
0,63,22,182,74,1,3,2,1100,2000
0,64,23,187,76,1,3,2,775,3000
0,66,26,186,82,1,3,2,1100,2000
0,64,18,182,75,1,3,2,1900,5000
0,65,28,179,72,1,3,3,725,2000
0,66,25,170,61,1,2,2,1100,500
1,63,36,182,75,2,4,3,160,2000
0,61,22,185,75,1,4,3,725,850
0,73,28,191,87,1,4,2,2900,13000
0,59,19,177,71,1,4,2,575,1000
0,61,25,184,80,1,3,2,400,2000
0,68,21,178,72,1,2,4,3000,26000
0,66,25,182,83,1,3,3,1300,3000
0,65,27,182,78,1,3,3,750,1000
0,69,27,180,70,1,2,3,1500,19000
0,65,22,174,65,1,3,3,1600,500
0,65,18,180,63,1,3,2,1700,2000
0,64,31,175,68,1,3,2,400,3000
0,69,21,193,89,1,3,3,3200,12000
0,67,28,179,74,1,3,2,925,500
0,67,21,174,64,1,3,3,2200,2000
0,69,26,185,78,1,3,2,1500,6000
0,64,18,175,68,1,3,3,1500,3000
0,62,22,175,70,1,3,4,900,2000
0,64,22,180,75,1,3,2,1400,2000
0,71,19,173,65,1,3,4,4000,11000
0,65,21,172,68,1,3,4,1500,3000
0,63,19,180,70,1,3,3,1000,850
0,72,25,186,79,1,3,3,2900,15000
0,65,24,177,73,1,3,2,950,3000
0,68,28,176,74,1,2,2,1100,4000
0,64,20,182,78,1,3,2,1400,5000
0,74,21,180,77,1,3,2,8000,25000
0,67,20,184,74,1,3,2,2200,500
0,62,29,182,80,1,3,3,400,3000
0,61,35,176,72,1,3,2,90,500
0,67,21,177,72,1,2,2,2200,2000
0,79,34,188,77,2,4,2,5500,76000
0,63,21,181,72,1,3,3,1100,1000
0,72,24,192,83,1,4,3,3600,34000
0,72,24,183,79,1,3,3,3600,45000
0,62,20,170,64,1,3,2,875,6000
0,72,27,185,80,1,3,2,2400,10000
0,68,22,189,82,1,4,2,2500,9000
0,65,20,174,71,1,3,3,1700,2000
0,62,23,175,73,1,3,2,575,850
0,70,23,178,75,1,3,3,2500,750
0,70,39,180,87,2,3,2,275,10000
0,64,20,183,71,1,3,2,1300,1000
0,82,29,186,87,2,3,2,25500,65000
0,64,22,182,80,1,3,2,1200,2000
0,70,23,178,66,1,3,4,2400,26000
0,64,22,187,81,1,2,3,850,4000
0,65,26,184,78,1,4,2,0.0,0
0,63,19,174,66,1,3,2,975,600
0,62,22,182,72,1,4,2,800,2000
0,60,21,188,80,1,4,2,550,3000
0,64,18,185,75,1,5,2,1400,1000
0,62,22,179,73,1,3,3,375,2000
0,66,23,173,66,1,3,3,1900,3000
0,63,18,180,75,1,3,3,1100,600
0,67,31,170,63,1,2,2,725,2000
0,69,22,171,63,1,3,4,3100,500
0,64,22,172,73,1,3,2,1300,2000
0,63,22,170,65,1,3,3,750,3000
0,69,32,188,79,1,3,3,1100,28000
0,67,19,174,69,1,3,3,2600,4000
0,65,19,180,68,1,3,4,1800,6000
0,63,32,180,81,1,2,2,300,3000
0,69,21,183,75,1,3,2,3200,11000
0,75,34,186,74,3,2,3,1000,45000
2,63,20,177,72,1,3,2,1000,850
0,68,24,179,70,1,4,3,1500,5000
0,61,18,186,78,1,4,3,750,500
0,63,19,176,60,1,3,2,1100,3000
0,61,27,174,72,1,3,2,350,500
0,65,27,180,71,1,3,3,750,4000
0,64,31,184,73,1,3,3,425,2000
0,62,25,185,80,1,3,2,575,4000
0,61,21,173,66,1,3,2,700,700
0,68,19,182,78,1,2,2,2900,3000
0,60,21,180,75,1,3,2,600,1000
0,66,26,183,80,1,3,2,1100,2000
0,63,19,185,79,1,3,2,725,500
0,69,29,175,61,1,5,4,0.0,0
0,67,22,175,68,1,3,3,2200,3000
0,61,19,179,70,1,3,2,675,500
0,62,25,183,74,1,3,2,575,1000
0,64,23,175,74,1,4,3,875,5000
0,71,33,180,82,1,3,2,1200,3000
0,65,19,185,83,1,3,2,1500,500
0,62,28,184,72,1,4,3,400,1000
0,66,22,177,70,1,2,2,1300,500
0,66,22,186,76,1,3,3,1300,2000
0,71,22,172,62,1,3,4,4200,5000
0,72,24,181,79,1,4,3,3700,10000
0,61,21,155,66,1,3,2,725,2000
0,60,22,177,71,1,3,2,550,500
0,66,34,165,67,1,3,2,325,3000
0,60,19,190,75,1,3,2,550,1000
0,62,19,175,74,1,3,3,575,4000
0,67,24,186,84,1,3,3,1600,2000
0,65,22,174,69,1,2,3,1100,500
0,65,21,179,71,1,3,2,1500,2000
0,64,25,178,75,1,3,2,775,500
0,69,27,184,74,1,3,2,1600,500
1,75,30,183,83,1,3,2,4600,32000
0,65,25,178,77,1,3,3,1000,2000
0,67,31,181,87,1,3,2,475,15000
0,65,23,189,76,1,3,2,1600,3000
0,75,21,191,79,1,3,2,12000,27000
0,63,30,175,77,1,3,3,475,500
0,66,22,188,80,1,4,2,1300,2000
0,62,19,181,75,1,3,2,1000,3000
0,62,34,178,70,1,4,3,190,3000
0,79,23,185,73,2,2,2,22500,51000
0,78,28,193,78,2,3,2,13500,56000
0,70,24,188,80,1,4,3,3300,5000
0,75,22,190,82,1,3,2,12000,800
0,60,22,180,80,1,2,2,525,1000
1,68,33,187,78,1,4,2,575,4000
0,64,20,178,74,1,3,3,1300,4000
0,61,25,171,64,1,3,2,240,6000
0,67,34,181,83,1,2,2,325,500
0,66,26,185,73,1,3,2,950,6000
0,62,23,185,71,1,3,3,550,4000
0,64,24,178,70,1,3,2,875,3000
0,62,22,182,75,1,3,2,850,2000
0,77,26,189,75,1,3,2,11500,65000
0,66,31,185,81,1,2,3,0.0,0
0,65,23,172,75,1,3,3,1100,4000
0,71,20,181,77,1,3,4,4100,5000
0,66,20,195,79,1,3,2,1800,2000
0,65,20,183,71,1,3,2,1700,5000
2,66,27,175,70,1,3,2,925,2000
0,62,24,177,77,1,4,3,625,1000
0,68,22,174,69,1,4,3,1800,5000
0,64,28,172,68,1,3,3,575,500
0,66,25,168,72,1,2,2,0.0,0
0,66,19,175,69,1,3,3,2200,11000
0,61,21,174,70,1,3,2,800,3000
0,68,21,181,71,1,3,2,2600,7000
0,72,25,175,68,1,3,3,3100,12000
0,71,24,193,81,1,4,3,2900,6000
0,70,23,175,75,1,2,3,2400,7000
0,71,23,191,77,1,3,2,3000,33000
0,65,20,182,72,1,2,3,1700,10000
0,69,20,181,74,1,3,3,2200,9000
0,71,30,191,78,1,3,3,1800,30000
0,72,19,168,61,1,2,4,5500,8000
0,61,20,178,70,1,3,3,800,1000
0,66,25,185,72,1,2,2,1100,9000
0,63,31,180,77,2,3,2,120,4000
0,62,22,175,70,1,3,3,900,2000
0,73,25,182,79,1,3,3,4300,22000
0,65,22,177,75,1,4,3,1100,4000
0,63,25,165,63,1,3,3,625,500
0,66,22,178,71,1,4,3,1900,3000
0,63,19,177,72,1,3,3,1000,1000
0,67,28,166,73,1,4,3,1000,500
0,69,23,172,62,1,4,3,2800,7000
0,66,37,193,85,2,3,3,300,6000
0,68,24,174,70,1,2,3,2400,6000
0,78,31,185,80,1,3,2,9500,25000
0,66,29,186,83,1,4,2,850,5000
0,62,18,178,71,1,3,3,1000,700
0,65,24,176,73,1,3,2,1000,9000
0,73,26,190,78,1,3,2,3400,16000
0,67,26,175,76,1,3,3,1200,8000
0,71,20,188,77,1,4,2,3800,12000
0,62,19,180,70,1,3,4,1000,650
0,65,21,166,64,1,3,2,1600,2000
0,68,22,185,77,1,2,3,1800,8000
0,67,21,175,71,1,3,3,1500,500
0,70,22,170,75,1,3,3,3600,10000
0,69,28,172,70,1,4,4,1100,6000
0,64,19,182,70,1,3,3,1600,11000
0,61,22,178,70,1,3,3,725,2000
0,70,23,176,68,1,4,4,3200,9000
1,69,33,188,91,1,2,2,675,4000
0,66,22,177,73,1,3,3,1700,3000
0,63,23,186,78,1,3,3,1100,2000
0,67,24,170,68,1,2,3,1600,3000
0,63,29,185,75,1,4,2,475,2000
0,68,30,176,73,1,3,2,1200,3000
0,63,18,172,66,1,3,2,1000,500
0,59,22,172,65,1,3,2,500,2000
0,68,20,178,73,1,3,4,2700,4000
0,69,35,184,77,1,2,3,400,2000
0,64,20,180,74,1,3,3,1400,2000
0,69,25,184,82,1,3,3,1900,20000
0,68,22,183,79,1,3,2,2500,5000
0,68,27,192,85,1,2,2,1200,6000
0,66,23,175,70,1,2,2,1300,2000
0,64,22,182,70,1,3,2,1200,4000
0,64,25,182,78,1,3,3,725,500
0,63,26,178,67,1,3,3,525,2000
0,72,23,188,82,2,3,2,3700,13000
0,60,20,165,65,1,3,3,600,1000
0,68,21,181,78,1,2,2,2600,5000
0,66,22,186,72,1,2,3,1400,15000
0,60,34,170,68,1,5,3,120,2000
0,65,19,178,73,1,2,2,1700,500
0,68,26,188,78,1,2,3,1600,9000
0,71,25,184,84,1,3,3,2500,10000
0,63,26,183,74,1,3,2,525,2000
0,65,25,181,74,1,3,2,850,3000
0,72,22,175,71,1,4,4,4600,20000
0,78,25,189,83,2,3,2,15500,27000
0,62,24,176,69,1,3,2,600,500
0,65,22,185,75,1,3,3,1600,2000
0,65,18,180,75,1,3,2,1600,4000
1,63,20,188,75,1,3,3,1200,6000
1,65,28,174,72,1,2,3,725,2000
0,66,25,167,64,1,3,3,1100,500
0,65,22,184,78,1,4,3,1100,3000
0,71,21,184,78,1,4,4,2200,13000
0,65,24,183,73,1,2,2,1400,3000
0,58,16,176,72,1,3,3,550,500
0,69,26,183,80,1,3,3,1800,11000
0,61,28,182,78,1,3,3,325,500
0,62,28,180,80,1,4,2,300,500
0,61,26,183,76,1,2,2,425,750
0,62,18,173,69,1,3,3,875,500
0,64,21,180,75,1,3,2,1200,500
0,65,31,180,69,1,3,2,500,5000
0,59,19,176,71,1,3,3,475,500
0,64,21,170,67,1,3,2,1300,2000
0,63,20,177,75,1,3,3,1100,500
0,64,20,180,75,1,2,3,1400,2000
0,72,22,188,72,1,3,2,4400,600
0,61,23,176,68,1,3,2,425,500
0,62,20,176,62,1,3,3,875,11000
0,64,28,185,79,1,3,2,600,5000
0,63,20,176,76,1,4,3,1100,2000
0,68,21,174,71,1,3,2,2600,5000
0,69,20,180,71,1,3,4,3400,6000
2,63,29,175,69,1,4,2,425,1000
0,62,20,178,75,1,3,3,875,1000
0,72,25,182,76,1,4,3,3300,31000
0,79,34,191,86,2,3,2,5500,66000
0,67,23,182,75,1,2,2,2100,2000
0,77,27,195,94,2,3,2,11000,37000
0,63,20,172,68,1,3,3,1100,3000
0,65,24,184,78,1,3,3,1000,2000
0,61,30,172,70,1,3,2,325,1000
0,62,22,182,67,1,2,2,850,6000
0,68,24,190,80,1,3,2,1600,5000
0,63,20,185,76,1,3,2,1200,3000
0,65,21,176,70,1,3,3,1800,3000
0,63,24,178,70,1,3,2,950,1000
0,63,20,184,72,1,3,2,1000,6000
0,65,21,176,78,1,4,3,1600,6000
0,67,22,182,76,1,4,3,2300,5000
0,67,23,176,72,1,3,3,1500,4000
0,63,28,169,69,1,3,3,475,500
0,66,23,174,75,1,4,4,1200,1000
0,63,19,178,67,1,3,3,1200,6000
0,76,27,194,82,1,3,2,8000,18000
0,60,22,178,72,1,2,2,525,2000
0,67,20,178,67,1,3,3,2200,4000
0,67,20,184,73,1,3,2,2100,7000
0,67,20,182,73,1,3,2,2300,15000
0,70,23,180,72,1,3,3,2400,600
0,72,33,171,76,1,4,2,1500,800
0,70,27,177,74,1,4,4,1800,500
0,62,24,180,86,1,3,3,750,500
0,66,22,175,75,1,3,4,1700,2000
0,66,21,173,69,1,3,2,1600,500
0,66,30,184,74,1,3,3,825,3000
0,68,24,178,73,1,4,3,1700,14000
0,70,19,191,83,1,3,2,3500,22000
0,66,30,179,83,1,3,2,825,500
0,61,22,174,72,1,3,3,500,3000
0,68,21,175,74,1,3,4,2700,5000
0,71,27,185,83,1,3,2,2100,12000
0,64,23,184,78,1,3,3,1200,3000
0,62,18,171,61,1,3,3,825,500
0,60,24,170,72,1,3,2,500,1000
0,65,21,180,74,1,3,2,1800,3000
0,64,21,183,69,1,3,2,1400,1000
0,69,31,180,81,2,4,3,1200,8000
0,71,31,180,79,1,2,2,1600,850
0,63,20,180,71,1,3,2,1000,2000
0,62,24,182,62,1,3,3,350,2000
0,64,22,184,70,1,3,3,1300,16000
0,62,23,177,66,1,3,2,800,3000
0,71,20,182,72,1,2,2,4500,7000
0,70,27,179,75,1,2,3,1500,5000
0,67,30,189,85,1,3,2,850,5000
0,68,20,180,73,1,3,2,2800,7000
0,71,21,174,77,1,1,4,4200,3000
0,63,23,171,73,1,3,2,1100,1000
0,67,22,165,61,1,3,3,1600,3000
0,68,23,180,77,1,5,2,1800,5000
0,66,20,182,77,1,2,2,1900,500
0,66,19,180,67,1,3,2,1900,3000
0,60,27,185,77,1,3,2,275,1000
0,62,20,185,76,1,3,2,950,1000
0,63,20,187,77,1,4,3,1300,700
0,64,20,174,71,1,3,3,1400,2000
0,63,22,185,71,1,3,2,1100,1000
0,70,19,183,72,1,3,3,3800,12000
0,67,34,184,77,1,2,2,350,2000
0,63,28,178,64,1,3,3,325,2000
0,70,23,175,70,1,3,3,2400,2000
0,59,16,180,72,1,3,2,700,2000
0,69,19,182,70,1,5,3,3600,500
0,61,21,178,72,1,2,3,725,7000
0,73,23,187,73,1,3,3,4700,8000
0,66,28,182,76,1,3,2,775,3000
0,63,23,182,67,1,3,3,950,2000
0,66,24,171,72,1,3,2,1100,500
2,64,27,171,74,1,3,3,625,1000
0,70,23,188,85,1,4,4,2500,5000
0,64,21,178,65,1,3,3,925,2000
0,70,22,180,70,1,4,3,3600,18000
0,63,19,173,70,1,4,3,1000,500
0,61,18,175,75,1,3,2,750,3000
0,69,23,183,75,1,3,3,3000,7000
0,69,22,186,76,1,3,2,3000,4000
0,62,22,173,73,1,2,2,850,500
0,72,26,183,79,1,3,3,3100,23000
0,62,24,173,69,1,2,3,550,3000
0,69,31,182,76,1,3,2,0.0,0
0,66,28,186,75,1,3,3,0.0,0
0,64,20,173,68,1,3,2,1200,1000
0,64,21,170,65,1,2,2,1400,1000
0,64,26,173,70,1,2,3,450,3000
0,67,22,188,81,1,4,2,2300,10000
0,63,24,182,75,1,2,2,650,900
0,64,24,183,75,1,4,2,850,2000
0,67,23,175,71,1,3,3,2300,2000
0,62,29,185,80,1,3,2,350,2000
0,66,22,182,77,1,4,3,1900,3000
0,65,27,185,81,1,2,3,750,5000
0,61,19,173,64,1,3,4,775,1000
0,64,24,171,64,1,3,2,800,2000
0,66,20,164,62,1,3,2,1000,9000
0,70,22,172,61,1,3,3,2600,550
0,73,22,185,81,1,3,2,6500,28000
0,73,30,187,78,2,4,2,2500,23000
0,63,19,184,71,1,4,2,1000,2000
0,59,23,185,71,1,4,2,325,2000
0,64,31,174,78,1,3,2,475,1000
2,64,24,171,67,1,3,3,875,2000
0,64,19,173,68,1,4,3,1500,6000
0,71,23,187,80,1,4,2,3900,5000
0,65,26,179,72,1,4,3,775,2000
0,66,24,178,70,1,4,3,1200,2000
0,65,18,174,71,1,3,2,1600,500
0,69,32,183,78,1,3,2,0.0,0
0,76,31,185,83,2,3,2,5000,41000
0,65,22,184,70,1,2,3,1100,3000
0,64,18,185,70,1,4,4,1900,7000
0,63,22,184,78,1,5,3,1100,2000
2,73,33,189,90,1,4,2,1500,18000
2,71,28,182,76,1,4,2,1600,8000
0,63,25,186,79,1,5,3,625,2000
0,68,39,183,81,2,3,2,220,3000
0,70,27,179,64,1,2,2,1700,550
0,68,25,181,79,1,4,2,1400,7000
0,67,21,174,65,1,3,3,2200,4000
2,63,28,175,69,1,3,2,450,1000
0,69,22,174,68,1,3,3,3400,4000
0,60,18,180,77,1,3,3,675,1000
0,61,20,176,67,1,3,2,750,3000
0,62,20,184,78,1,3,2,950,2000
0,63,20,175,66,1,2,2,1200,12000
0,62,24,182,75,1,3,2,550,1000
0,70,26,176,82,1,3,2,1900,8000
0,59,22,176,70,1,3,2,350,500
0,70,27,180,84,1,3,3,1900,20000
0,65,24,177,58,1,4,2,1100,500
0,65,22,164,72,1,3,3,1600,500
0,70,23,191,85,1,3,2,2300,29000
0,67,29,178,75,1,3,2,900,3000
0,64,25,183,67,1,3,2,775,2000
0,64,26,178,73,1,3,2,750,500
0,64,29,170,71,1,3,2,450,550
0,64,22,189,84,1,3,3,1300,2000
0,61,20,182,75,1,3,3,675,500
0,65,30,186,81,1,3,2,700,4000
0,63,27,185,70,1,3,5,500,2000
0,63,23,173,65,1,3,3,725,500
0,67,19,170,60,1,3,3,2400,18000
0,69,35,183,77,3,4,4,575,1000
0,67,22,181,76,1,3,2,2200,3000
0,69,26,186,73,1,3,2,1500,8000
0,63,21,180,75,1,3,3,725,500
0,61,20,175,67,1,4,2,750,6000
0,64,29,188,75,1,3,2,500,2000
0,65,27,180,71,1,3,2,700,3000
0,61,26,175,75,1,3,3,375,500
0,68,31,178,75,1,3,4,1000,2000
0,69,19,185,74,1,3,3,3300,8000
0,68,22,180,72,1,3,3,2600,25000
0,69,21,180,84,1,4,2,3200,11000
0,64,22,183,75,1,3,2,1400,2000
0,67,19,175,62,1,3,3,2300,11000
0,70,38,174,74,3,5,4,190,30000
0,63,26,175,72,1,3,3,550,500
0,67,23,186,77,1,3,3,1600,500
0,64,21,183,84,1,3,2,1300,3000
0,64,20,168,70,1,3,2,1200,500
0,67,24,185,80,1,2,3,1300,7000
0,61,24,180,72,1,3,3,525,500
0,67,25,175,70,1,2,2,1400,750
0,66,21,180,78,1,2,3,2000,7000
0,67,20,170,68,1,3,3,2300,4000
0,66,22,183,73,1,3,2,1600,4000
1,64,26,184,70,1,3,2,675,3000
0,65,21,176,75,1,3,2,1400,1000
0,69,23,188,80,1,3,3,2800,5000
0,63,23,176,70,1,3,2,1100,2000
0,60,21,175,68,1,2,2,550,500
0,72,25,184,69,1,4,2,0.0,0
0,62,19,186,65,1,4,3,1100,8000
0,60,23,185,70,1,3,2,190,2000
0,66,20,188,86,1,5,2,1900,1000
1,65,27,180,75,1,3,2,450,3000
0,69,25,170,70,1,4,4,1700,10000
0,69,23,179,77,1,5,3,2100,20000
0,65,22,178,71,1,4,2,1600,500
0,64,19,175,71,1,4,3,1300,2000
0,73,19,186,81,1,2,2,6000,500
0,61,20,171,62,1,3,2,750,1000
0,68,30,180,72,1,3,3,1200,4000
0,61,20,180,72,1,3,3,800,8000
0,70,21,186,75,1,3,3,3900,18000
0,65,19,180,68,1,3,3,1700,3000
0,64,30,188,78,1,2,2,575,5000
0,68,24,185,81,1,3,3,1800,3000
0,66,21,175,74,1,3,3,2100,4000
0,68,27,191,80,1,3,3,1400,12000
0,71,20,182,70,1,4,3,4500,22000
0,63,18,181,73,1,4,2,1200,3000
0,67,26,178,76,1,4,3,1200,5000
0,65,23,166,57,1,4,2,1000,500
0,60,23,178,70,1,3,3,325,1000
0,75,30,188,87,1,3,2,0.0,0
0,65,25,184,78,1,3,2,1000,2000
0,68,21,175,72,1,2,3,3000,2000
0,61,20,175,71,1,3,3,650,500
0,63,23,169,72,1,3,3,1100,3000
0,73,21,178,76,1,3,3,7000,29000
0,69,21,182,77,1,4,2,2100,12000
0,65,35,186,75,1,2,2,190,500
0,61,23,175,72,1,3,3,425,500
0,60,19,175,70,1,3,3,525,500
0,63,20,178,72,1,4,2,1000,1000
0,68,30,180,75,1,3,2,1000,500
0,63,28,179,76,1,3,2,425,3000
0,65,22,188,77,1,3,3,1600,2000
0,59,20,170,65,1,3,3,475,500
0,67,26,172,64,1,2,3,1200,3000
0,68,19,169,60,1,4,4,3100,28000
0,64,28,178,78,1,3,3,575,500
0,64,20,188,76,1,4,3,1400,2000
0,68,25,184,80,1,3,3,1800,2000
0,63,25,174,66,1,3,2,700,1000
0,62,22,180,76,1,4,2,850,500
0,63,30,175,68,1,2,2,425,500
0,61,25,178,74,1,3,2,425,2000
0,64,24,170,67,1,3,2,800,500
0,66,22,181,75,1,2,2,1800,2000
0,60,27,173,73,1,4,3,275,2000
0,60,25,176,69,1,4,2,350,3000
0,66,24,179,69,1,4,2,0.0,0
0,67,20,178,76,1,3,2,2300,850
0,63,21,175,70,1,3,2,625,500
2,64,25,180,73,1,4,2,775,3000
0,64,25,175,72,1,3,3,775,4000
0,66,22,178,88,1,3,2,1800,2000
0,62,20,163,56,1,4,3,800,500
0,64,22,176,73,1,3,3,1300,5000
0,67,19,168,60,1,3,4,2600,4000
0,68,23,182,76,1,3,2,2700,11000
0,68,29,179,77,1,5,3,1200,4000
0,66,23,177,75,1,3,3,1700,1000
0,67,23,181,75,1,4,2,2100,4000
0,63,21,185,76,1,3,2,700,500
0,68,24,179,79,1,3,2,1800,5000
0,68,22,172,71,1,3,4,2700,3000
0,71,28,193,83,1,2,2,1800,21000
0,62,21,182,72,1,3,2,900,3000
0,65,20,179,77,1,4,3,1600,6000
0,70,21,182,76,1,3,3,3900,6000
0,62,21,176,66,1,2,2,775,3000
2,64,24,170,61,1,3,3,800,1000
0,67,22,177,65,1,3,2,2200,4000
0,61,20,182,69,1,3,2,725,700
0,70,26,178,78,1,3,3,1900,8000
0,65,26,172,63,1,2,2,850,4000
0,64,18,170,63,1,3,2,1400,700
1,64,26,186,73,1,3,2,0.0,0
0,69,24,186,82,1,3,2,2100,3000
0,63,21,178,72,1,3,2,1000,950
0,65,21,177,71,1,2,3,1500,500
0,64,28,176,70,1,3,3,600,1000
0,67,26,168,67,1,3,3,1200,500
0,68,21,178,69,1,3,3,2600,2000
0,66,27,180,73,1,3,3,900,500
0,63,27,180,75,1,3,2,475,1000
0,66,21,186,87,1,3,3,1900,2000
0,66,19,170,63,1,3,3,2000,2000
0,58,22,172,66,1,3,3,450,700
0,68,20,183,77,1,3,2,2500,500
0,70,23,185,75,1,3,2,3300,8000
0,61,31,196,87,1,3,2,275,1000
0,60,19,176,75,1,4,3,575,2000
0,67,26,182,79,1,2,3,1300,6000
0,63,22,184,78,1,3,4,1100,2000
0,61,19,179,78,1,3,2,375,500
0,63,18,178,78,1,3,3,1100,1000
0,61,19,183,80,1,3,2,675,1000
0,60,21,188,79,1,3,2,550,2000
0,64,23,183,73,1,3,2,1200,1000
2,66,24,177,65,1,3,3,1100,1000
0,60,19,186,78,1,3,3,575,750
0,69,26,182,80,1,2,3,1700,9000
0,63,22,178,68,1,3,3,1000,1000
0,66,29,180,83,1,3,3,850,500
0,60,24,180,74,1,3,2,350,600
0,76,33,175,80,3,4,3,3400,40000
0,70,26,190,89,1,3,2,2000,5000
0,63,19,180,65,1,3,3,1200,8000
0,62,19,176,76,1,3,2,850,2000
0,68,24,179,82,1,3,2,1800,500
0,65,24,179,69,1,3,2,1000,4000
0,64,26,168,63,1,3,3,700,500
0,59,21,176,70,1,3,2,500,1000
0,78,26,190,88,1,3,2,13500,37000
0,69,22,180,80,1,2,3,3200,11000
0,63,22,180,70,1,3,2,1000,5000
0,67,27,180,76,1,3,3,1100,5000
0,72,21,190,79,1,3,2,4800,700
1,62,21,173,67,1,3,3,975,900
0,70,21,180,76,1,2,2,3400,10000
0,65,29,192,86,1,3,2,600,2000
0,61,28,180,74,1,2,2,300,2000
0,65,21,173,70,1,2,4,1600,500
0,63,20,193,81,1,3,3,1200,500
0,70,34,183,80,2,3,3,925,27000
0,67,21,176,72,1,3,3,2200,500
0,68,24,181,72,1,4,2,1800,7000
0,62,30,184,75,1,4,3,375,500
0,68,30,180,83,2,3,2,675,8000
0,72,28,188,84,1,3,2,2300,4000
0,69,25,183,78,1,3,3,2000,24000
0,63,20,173,66,1,3,2,1100,700
0,64,21,188,80,1,4,2,1400,4000
0,67,30,185,78,1,3,2,1000,6000
0,65,24,189,85,1,3,2,1000,700
1,67,25,184,78,1,3,2,1200,3000
0,67,26,186,81,1,3,3,900,8000
0,74,30,191,86,1,3,2,4100,24000
0,60,22,175,70,1,3,3,500,500
0,67,18,180,67,1,3,3,2100,6000
0,67,31,175,60,1,4,4,850,500
0,70,22,173,75,1,3,2,3100,19000
0,64,26,183,70,1,3,3,775,3000
0,66,26,185,78,1,5,3,925,5000
0,69,24,180,72,1,3,2,2000,500
0,70,20,183,74,1,3,3,3800,11000
0,69,26,183,70,1,3,3,1700,6000
0,65,22,187,83,1,3,2,1500,500
0,68,24,180,81,1,3,2,1800,500
0,63,25,176,70,1,3,3,675,2000
0,63,20,181,77,1,3,3,1100,500
0,63,23,180,78,1,3,2,925,900
0,60,19,168,64,1,3,3,525,500
0,65,23,178,70,1,2,2,1300,2000
0,70,29,178,67,1,2,2,1500,7000
0,63,27,176,72,1,4,2,550,2000
0,74,26,195,74,1,2,2,4900,28000
0,63,20,184,77,1,3,2,1000,4000
0,61,22,180,63,1,3,4,700,1000
1,62,22,177,68,1,4,3,900,2000
0,62,21,175,73,1,3,2,775,500
0,63,24,187,81,1,2,2,725,1000
0,69,21,168,60,1,3,2,3000,5000
0,64,24,178,70,1,4,3,900,5000
0,65,23,176,68,1,4,3,1100,2000
0,63,21,170,70,1,3,3,1100,1000
0,62,21,177,69,1,2,2,800,2000
0,68,23,188,80,1,3,4,1800,10000
0,76,27,191,75,1,4,2,8500,51000
2,61,23,176,70,1,3,2,525,800
0,62,19,180,75,1,3,2,900,650
0,63,21,171,66,1,3,3,1200,600
0,73,21,168,64,1,3,3,7000,20000
0,71,22,189,75,1,3,2,3600,9000
0,69,21,188,76,1,3,2,3000,14000
0,60,21,170,65,1,3,3,550,500
0,66,25,179,71,1,3,2,1200,500
0,64,19,178,65,1,3,3,1400,500
0,69,19,167,58,1,3,3,3000,500
1,62,26,180,80,1,2,2,170,3000
0,65,20,180,65,1,3,2,1600,500
0,63,21,180,76,1,3,2,1000,2000
0,69,23,174,79,1,3,3,3100,11000
0,62,20,175,72,1,3,3,825,500
0,67,30,170,65,2,4,4,1000,4000
0,67,30,171,68,1,3,3,975,2000
0,66,24,191,83,1,3,2,1800,3000
0,65,19,180,72,1,3,2,1500,1000
0,66,20,173,61,1,3,3,1900,3000
0,64,31,173,70,1,4,4,475,500
0,73,22,186,86,2,3,2,5500,20000
0,72,25,176,68,1,3,4,3100,18000
0,62,19,177,68,1,3,2,950,2000
0,75,30,185,76,2,3,2,4600,10000
0,67,29,189,84,1,2,2,950,500
0,65,22,180,75,1,5,3,1600,500
0,63,24,169,69,1,3,3,650,500
2,61,22,160,60,1,3,3,750,900
0,68,22,180,74,1,2,2,2600,500
0,67,22,180,70,1,2,2,2000,12000
0,61,21,178,75,1,2,2,800,700
2,65,22,167,67,1,3,2,1100,2000
0,67,29,178,79,1,3,2,875,500
0,62,21,177,73,1,3,3,925,8000
0,64,22,171,60,1,3,3,1300,4000
0,62,29,175,74,1,3,2,350,1000
0,71,26,177,68,1,4,3,2200,12000
0,67,20,177,80,1,4,3,2200,11000
0,72,22,187,77,1,4,2,5000,27000
0,67,25,172,66,1,3,3,1200,2000
0,60,21,180,70,1,2,2,550,5000
0,69,29,183,78,1,4,3,1400,5000
0,66,26,180,76,1,5,2,1100,11000
0,63,27,186,85,1,3,3,550,4000
0,68,24,180,83,1,3,3,2400,9000
0,65,24,178,68,1,3,2,950,2000
0,73,20,191,85,1,3,2,7000,26000
0,68,22,190,79,1,4,2,2600,8000
0,63,28,182,73,1,3,3,425,2000
1,67,23,188,75,1,4,2,1500,500
0,64,20,173,68,1,3,3,1300,2000
0,60,20,177,72,1,3,2,550,500
0,66,26,182,79,1,2,2,1100,500
0,63,20,185,79,1,3,2,1000,2000
0,61,20,175,68,1,3,2,725,6000
0,58,20,192,82,1,3,3,525,7000
0,58,18,165,65,1,3,3,425,500
0,63,21,176,70,1,3,2,1100,800
0,67,22,183,72,1,3,2,2100,500
0,65,28,178,66,1,3,2,625,500
0,75,32,190,82,1,2,2,3600,15000
1,59,23,176,65,1,3,3,300,850
0,62,20,176,73,1,3,3,875,1000
0,66,25,173,71,1,2,2,1000,2000
0,70,26,181,74,1,4,3,1900,8000
0,66,19,181,82,1,3,3,2200,1000
0,64,21,181,79,1,3,2,1400,2000
0,60,24,175,65,1,2,3,300,1000
0,68,25,175,60,1,2,3,1400,10000
0,61,20,179,72,1,3,2,725,3000
0,68,24,189,90,1,4,3,2400,11000
0,63,23,172,70,1,3,2,725,4000
0,70,21,180,70,1,4,2,3600,9000
0,62,21,180,78,1,3,2,900,2000
0,63,20,178,70,1,3,2,1000,650
0,66,29,186,87,1,3,2,725,500
0,68,24,172,70,1,3,2,2300,8000
0,64,21,183,72,1,3,2,1200,5000
0,64,21,173,72,1,3,2,1200,500
0,61,20,170,69,1,3,2,725,500
0,64,26,178,67,1,3,3,625,500
0,60,21,180,78,1,3,2,525,900
0,63,18,175,68,1,3,3,1000,500
0,60,21,172,61,1,3,2,550,1000
0,64,27,170,72,1,3,2,625,3000
0,63,22,180,75,1,3,2,975,6000
0,63,21,183,72,1,3,2,1000,2000
0,61,19,178,70,1,3,3,850,1000
0,62,20,175,72,1,3,2,875,500
0,64,19,174,62,1,3,3,1400,7000
0,67,20,168,63,1,3,2,2100,3000
0,67,32,185,79,1,2,2,825,3000
0,64,26,184,82,1,3,2,650,9000
0,65,20,189,77,1,3,3,1600,2000
0,73,27,185,81,1,3,2,3500,36000
0,63,25,168,77,1,2,2,650,500
0,63,27,191,77,1,3,3,525,4000
0,66,26,172,66,1,3,4,1100,500
0,69,22,183,68,1,2,2,2700,4000
0,60,25,176,72,1,3,2,325,2000
2,65,25,172,62,1,4,2,575,2000
0,61,20,180,75,1,4,3,725,2000
0,62,20,177,70,1,3,2,925,2000
0,70,20,179,74,1,4,2,3500,30000
0,68,34,160,60,1,3,4,575,500
0,64,33,180,74,1,3,3,375,5000
0,67,24,191,82,1,2,2,1400,2000
0,65,21,179,76,1,3,2,1500,500
0,67,23,170,71,1,2,3,1600,5000
0,71,30,189,87,1,3,2,1500,9000
0,65,21,171,60,1,3,4,1000,500
0,59,17,174,66,1,4,3,550,500
0,60,19,181,81,1,3,3,625,1000
0,68,21,182,78,1,4,4,2700,500
0,61,19,183,75,1,3,3,700,900
0,63,18,174,75,1,2,2,1000,500
0,69,22,187,81,1,3,2,3000,500
0,65,21,168,65,1,4,3,1400,500
0,66,26,181,72,1,3,2,1100,6000
0,62,26,165,60,1,3,3,475,500
0,63,20,170,66,1,2,2,1000,500
0,62,24,170,61,1,4,2,800,1000
0,64,20,175,68,1,3,3,1300,3000
0,62,21,170,65,1,3,3,850,500
0,63,27,170,64,1,3,3,550,1000
0,69,19,173,72,1,4,4,3600,23000
0,62,27,185,68,1,3,3,375,3000
0,64,23,187,85,1,3,2,1200,2000
0,58,19,171,68,1,3,2,450,500
0,64,21,184,74,1,3,2,1200,4000
0,70,19,185,75,1,4,3,3800,24000
0,64,22,178,65,1,2,3,1300,3000
0,61,19,184,76,1,3,3,775,1000
0,68,29,177,74,1,2,2,1000,6000
0,71,28,185,81,1,3,2,825,15000
0,77,24,187,82,1,3,2,14500,20000
0,62,17,182,71,1,3,3,1200,1000
0,62,20,182,65,1,3,2,1000,2000
0,72,25,183,77,1,2,2,3300,6000
0,63,27,180,75,1,2,2,475,1000
0,64,24,178,80,1,3,3,875,3000
0,68,25,173,74,1,3,3,1600,500
0,74,31,183,81,1,2,2,2900,45000
0,65,27,173,71,1,3,3,825,500
0,69,26,172,65,1,3,2,1800,500
0,63,21,173,65,1,4,3,1000,2000
0,65,23,176,73,1,4,4,1100,2000
0,59,18,189,78,1,4,3,575,5000
0,63,20,174,73,1,4,4,1200,500
0,70,26,179,70,1,3,3,2000,8000
0,67,22,176,70,1,4,3,2300,500
0,68,19,172,64,1,4,4,2900,3000
0,64,21,185,78,1,3,2,1200,4000
0,64,20,175,72,1,3,3,1200,500
0,63,24,175,71,1,3,2,650,2000
0,65,18,181,70,1,3,3,1600,5000
0,64,20,180,80,1,3,2,1200,1000
0,64,20,186,71,1,2,2,1300,2000
0,63,22,185,73,1,1,2,725,1000
0,59,20,177,62,1,3,2,600,4000
0,70,27,185,77,1,5,3,1700,6000
0,65,25,186,74,1,3,2,900,500
0,62,21,162,51,1,3,2,900,6000
0,61,21,176,73,1,3,2,725,1000
0,71,21,201,83,1,3,3,4200,3000
0,61,19,175,62,1,3,3,775,2000
0,71,20,194,78,1,3,2,3800,34000
0,61,25,180,78,1,3,2,450,500
0,66,21,188,80,1,3,2,1400,2000
0,62,27,176,73,1,3,3,425,1000
0,59,19,177,71,1,3,3,475,500
0,64,32,175,74,1,3,2,375,500
0,66,27,178,72,1,4,2,900,3000
0,60,20,179,69,1,3,2,525,1000
0,58,18,178,71,1,3,3,475,500
0,75,28,187,81,1,2,2,5500,12000
0,68,21,174,68,1,2,2,2600,500
0,68,23,181,73,1,2,2,1700,7000
0,69,28,183,70,1,3,2,1300,13000
0,62,20,169,67,1,3,4,950,500
0,61,28,177,73,1,3,4,325,850
0,71,27,186,78,1,2,2,2000,3000
0,60,20,185,80,1,3,2,650,3000
0,62,20,175,75,1,3,3,875,850
0,65,19,184,72,1,3,3,1700,7000
0,63,21,175,75,1,3,3,1200,2000
0,69,22,180,75,1,3,3,3200,13000
0,62,21,175,70,1,2,2,850,1000
0,59,22,175,70,1,3,2,200,2000
0,69,24,184,83,1,3,2,2000,7000
0,69,22,187,78,1,3,2,2600,2000
0,62,25,170,71,1,2,3,525,2000
0,69,23,183,79,1,4,2,2600,6000
0,64,25,176,71,1,3,2,750,2000
0,67,36,171,71,1,3,2,200,500
0,73,30,185,71,2,3,2,2500,64000
0,67,27,170,66,1,2,2,1100,3000
0,64,23,179,74,1,5,2,575,4000
0,68,31,162,65,1,3,3,775,500
0,71,27,191,83,1,2,2,2100,6000
0,64,27,178,74,1,3,4,625,2000
0,77,25,194,92,2,3,2,14000,53000
0,64,25,179,71,1,3,3,700,850
0,68,23,194,80,1,3,2,2500,12000
0,70,25,185,78,1,4,3,0.0,0
0,60,27,177,74,1,3,3,250,500
0,61,17,173,71,1,3,2,650,500
0,62,22,183,74,1,3,2,900,7000
0,70,24,182,65,1,3,3,2400,8000
0,63,19,170,72,1,3,2,1000,2000
0,68,21,186,73,1,3,2,2500,2000
0,71,23,184,78,1,3,2,3900,8000
0,66,23,172,66,1,4,3,1900,3000
0,64,22,176,68,1,3,3,1300,3000
0,59,20,178,70,1,3,2,550,3000
0,75,24,193,89,2,3,2,7000,20000
0,65,23,167,61,1,3,3,1600,500
0,63,23,175,65,1,3,2,1000,2000
0,70,26,182,73,1,3,2,1500,6000
0,66,23,180,65,1,3,2,1200,500
0,65,21,184,80,1,3,2,1500,4000
0,69,23,184,77,1,3,3,2800,3000
0,63,22,180,73,1,3,2,1100,4000
0,72,24,186,78,1,3,2,3400,15000
0,67,23,175,72,1,3,4,1600,2000
0,63,21,179,69,1,3,2,1000,2000
0,66,20,172,61,1,3,2,1800,5000
0,62,26,186,71,1,3,2,500,500
0,62,22,193,85,1,3,3,900,700
0,65,18,192,80,1,3,2,2000,6000
0,63,29,185,78,1,3,2,400,550
0,68,26,180,70,1,2,2,1500,1000
0,65,20,183,75,1,3,3,1600,700
0,65,28,192,82,1,3,2,725,5000
2,60,18,172,65,1,3,2,525,500
0,65,27,180,82,2,3,3,775,2000
0,73,20,170,63,1,4,3,4300,24000
0,67,21,179,75,1,4,3,2300,7000
0,60,21,170,68,1,3,2,550,2000
0,64,27,186,76,1,3,3,625,4000
0,65,33,188,87,1,3,2,450,2000
0,67,19,187,79,1,3,2,2400,5000
0,68,20,170,67,1,2,3,2600,3000
0,68,24,179,73,1,3,3,1600,500
1,63,32,176,75,1,3,3,375,500
0,64,25,181,69,1,3,3,700,500
0,61,23,184,75,1,3,2,525,2000
0,66,21,174,70,1,2,2,1900,500
0,60,23,180,78,1,3,2,375,2000
0,60,21,175,68,1,4,3,600,8000
0,65,21,185,74,1,4,2,1700,2000
0,66,22,174,68,1,4,2,1800,12000
0,72,35,191,85,2,2,2,625,5000
0,71,28,193,82,1,2,2,1800,31000
0,66,23,172,65,1,4,3,1400,1000
0,65,21,187,78,1,3,2,1600,3000
0,75,29,199,96,2,4,2,4700,60000
0,70,27,185,72,1,4,2,1700,17000
0,63,22,180,75,1,3,2,700,2000
0,62,21,185,78,1,4,2,850,1000
0,64,21,183,75,1,3,3,1400,2000
0,70,22,184,75,1,3,3,3600,14000
0,65,23,183,68,1,3,2,1400,2000
0,62,19,183,70,1,4,3,1100,6000
0,65,22,181,74,1,3,3,1500,500
0,64,18,184,76,1,4,3,1500,2000
0,77,30,198,87,1,3,2,8500,69000
0,68,21,183,74,1,3,3,2700,4000
0,66,22,188,67,1,3,2,1800,10000
0,60,18,180,74,1,3,2,675,1000
2,65,24,180,74,1,4,3,1000,7000
1,65,26,169,60,1,4,3,850,2000
0,62,22,174,70,1,3,2,625,2000
0,72,24,193,91,1,2,3,3400,13000
0,61,20,183,75,1,3,3,800,1000
0,62,32,180,71,1,4,2,275,2000
0,66,27,175,66,1,3,2,975,500
0,62,34,171,71,1,3,2,140,500
0,66,19,187,80,1,4,3,2200,17000
0,64,25,181,79,1,3,3,725,500
0,62,26,180,70,1,3,3,475,500
0,68,26,185,85,1,4,3,1600,15000
0,63,26,178,74,1,4,3,600,2000
0,66,22,180,78,1,3,2,1900,1000
0,68,26,184,79,1,3,3,1500,2000
0,68,26,185,75,1,3,2,1400,6000
0,65,22,168,68,1,3,3,1600,2000
0,65,21,175,66,1,3,3,1800,2000
0,66,28,179,75,1,3,2,750,5000
0,65,26,184,79,1,3,3,900,1000
0,68,21,174,67,1,2,2,2600,4000
0,60,20,181,58,1,3,3,550,500
0,62,26,180,73,1,3,2,475,950
0,63,19,187,70,1,3,2,1200,4000
0,61,22,175,76,1,3,2,525,2000
0,67,26,178,77,1,3,2,1300,500
0,70,21,175,70,1,3,3,3600,10000
0,62,26,172,70,1,2,3,475,1000
0,66,21,183,77,1,4,2,2100,1000
0,65,18,171,66,1,5,3,1800,2000
0,60,25,173,59,1,4,2,325,3000
0,64,16,175,68,1,3,3,1500,500
0,65,19,186,74,1,3,2,1600,1000
0,76,27,190,84,2,3,2,7500,72000
0,65,20,183,78,1,4,3,1700,700
0,70,32,182,88,1,3,3,1300,7000
0,66,28,180,72,1,3,3,775,500
0,63,32,180,76,1,3,2,325,500
0,66,22,172,66,1,3,3,1900,4000
0,63,34,170,72,1,2,4,230,500
0,67,26,175,64,1,4,3,1200,6000
0,67,21,170,65,1,3,3,2200,2000
0,67,25,175,72,1,3,3,1300,5000
0,63,20,177,66,1,4,2,1300,2000
0,67,21,182,65,1,3,2,2200,4000
0,69,21,169,63,1,5,3,3100,8000
0,60,20,180,75,1,3,2,550,800
0,66,30,184,76,1,3,2,700,4000
0,67,23,178,72,1,3,2,1400,3000
0,69,23,177,72,1,2,2,2100,8000
0,67,20,177,76,1,3,3,2000,4000
0,65,24,182,72,1,3,2,1100,3000
0,72,32,186,84,1,3,2,1500,6000
0,69,20,183,74,1,3,2,3100,20000
0,66,21,189,74,1,3,2,2000,1000
0,62,23,180,74,1,2,2,575,1000
0,61,21,180,81,1,3,3,525,500
0,63,23,182,72,1,4,2,1000,4000
0,65,19,179,74,1,3,3,1800,2000
0,62,28,179,71,1,4,2,400,500
0,66,33,179,72,1,3,2,275,4000
0,62,20,178,72,1,4,3,875,10000
0,71,31,189,80,1,3,2,1300,4000
0,66,21,179,74,1,3,2,1900,3000
0,66,25,167,58,1,3,3,1100,2000
0,70,26,190,86,1,3,3,2100,13000
0,61,20,174,65,1,3,3,725,500
0,65,19,183,76,1,3,2,1600,1000
0,62,18,177,60,1,3,4,1000,500
0,69,22,188,83,1,3,3,3200,6000
0,69,29,175,70,1,3,3,1400,6000
0,66,22,183,75,1,3,3,1900,2000
0,64,25,174,74,1,3,3,750,3000
0,70,28,186,80,1,3,2,1600,8000
0,64,20,181,70,1,3,2,1200,2000
0,64,19,181,70,1,3,2,1300,3000
0,67,21,185,77,1,3,2,2100,3000
0,62,20,176,75,1,3,3,875,500
0,68,23,182,72,1,3,2,2300,10000
0,67,32,189,75,1,3,2,650,2000
0,67,28,178,70,1,3,2,925,11000
0,67,23,182,73,1,3,2,1400,4000
0,64,19,184,76,1,3,2,1500,500
0,65,22,182,78,1,3,3,1500,13000
0,63,20,178,67,1,3,3,1100,1000
0,68,24,189,75,1,3,3,1900,3000
0,64,21,183,82,1,3,2,1300,5000
0,61,30,170,66,1,3,2,325,1000
0,58,17,183,73,1,3,3,600,500
0,63,25,188,75,1,3,2,550,800
0,63,24,177,77,1,3,2,675,7000
0,60,21,175,70,1,3,3,500,500
0,67,25,183,79,1,2,2,1300,3000
0,62,20,179,70,1,3,3,825,1000
0,75,28,184,79,1,4,2,5500,15000
0,62,21,175,71,1,3,3,900,500
0,61,24,180,77,1,2,2,450,500
0,70,22,186,68,1,3,2,3300,7000
0,65,30,170,62,1,1,3,0.0,0
0,66,23,171,64,1,3,2,1400,4000
0,66,27,170,76,1,3,3,900,3000
0,61,25,183,84,1,2,2,275,2000
0,64,19,188,76,1,3,2,1200,1000
0,63,19,178,70,1,4,2,1100,4000
0,68,20,184,73,1,3,2,2800,10000
0,67,27,173,67,1,4,4,1100,5000
0,70,31,179,82,1,2,2,1200,550
0,60,22,183,66,1,2,2,550,1000
0,65,23,186,80,1,3,3,1600,500
0,76,32,187,83,3,2,2,4900,21000
0,73,35,190,79,1,3,3,1300,8000
1,60,22,186,85,1,2,2,375,1000
0,69,24,176,66,1,3,3,2100,5000
0,57,17,171,68,1,3,3,375,500
0,77,30,187,81,1,2,2,8500,15000
0,73,27,193,83,1,3,2,0.0,0
0,64,20,172,70,1,3,3,1400,3000
2,65,25,170,72,1,3,2,950,3000
0,66,23,184,89,1,3,2,1700,500
0,60,22,175,69,1,3,3,525,3000
0,65,24,181,79,1,3,2,950,2000
0,72,23,185,72,1,2,2,4900,3000
0,63,21,182,74,1,3,3,1100,950
0,60,20,180,79,1,3,2,600,950
0,64,28,176,73,1,3,2,525,1000
0,60,19,184,70,1,3,2,500,1000
0,63,22,170,67,1,3,2,750,2000
0,70,22,186,80,1,4,2,3300,500
0,65,21,181,76,1,3,2,1600,500
0,69,24,170,70,1,3,2,2000,3000
0,65,28,178,66,1,5,2,725,500
0,66,21,188,75,1,3,2,1800,10000
0,76,24,185,84,1,2,2,10000,36000
0,62,19,178,70,1,3,2,900,550
0,64,19,172,69,1,3,3,1300,650
0,64,24,167,68,1,3,4,725,500
1,65,31,180,73,1,4,4,600,2000
0,60,18,189,80,1,3,3,575,500
0,68,24,176,76,1,2,2,975,1000
0,69,29,175,70,1,4,2,1200,3000
0,68,21,183,73,1,4,3,2000,12000
0,66,28,183,75,1,3,2,800,4000
0,63,28,180,75,1,3,3,475,3000
0,71,21,177,69,1,4,3,4200,23000
0,63,20,176,71,1,3,3,750,2000
0,70,30,169,63,1,4,4,1500,3000
0,69,22,192,84,1,2,2,3000,4000
0,76,26,191,82,1,2,2,8000,40000
0,64,21,182,72,1,4,3,1300,1000
0,70,25,175,74,1,3,3,2100,5000
0,63,22,174,70,1,3,2,1000,850
0,70,30,170,70,1,3,2,1500,19000
0,65,23,174,64,1,3,2,1500,4000
0,64,21,187,70,1,3,2,1200,4000
0,61,23,175,69,1,3,3,525,2000
0,69,29,178,74,1,2,2,1200,11000
0,65,18,175,68,1,3,4,1700,650
0,61,27,173,70,1,2,2,325,2000
0,66,21,185,80,1,3,2,1800,2000
0,62,22,176,75,1,2,2,800,500
1,70,28,187,76,1,2,3,1600,6000
0,65,28,183,75,2,3,2,525,3000
0,60,20,180,75,1,3,2,550,3000
0,61,20,175,64,1,3,3,775,2000
0,63,24,181,76,1,3,3,700,2000
0,63,24,187,76,1,3,2,1000,500
0,62,21,176,75,1,2,3,975,2000
0,68,22,181,70,1,3,3,2500,6000
0,68,31,183,80,1,3,3,1000,4000
0,59,20,176,70,1,3,2,550,1000
0,64,21,185,81,1,3,3,1300,2000
0,60,20,184,74,1,3,2,550,6000
0,64,20,181,72,1,3,3,1300,500
0,60,22,180,68,1,3,2,500,3000
0,59,23,182,79,1,4,2,475,1000
0,65,24,186,79,1,3,2,975,2000
0,62,23,178,70,1,3,2,600,2000
0,63,23,169,67,1,3,3,975,8000
0,63,22,180,74,1,4,3,1100,1000
0,66,23,188,78,1,3,2,1900,6000
0,65,20,185,66,1,4,3,1700,10000
0,60,19,170,64,1,2,2,575,2000
0,61,23,184,80,1,2,2,675,2000
0,69,22,180,70,1,3,4,3100,12000
0,61,20,184,72,1,3,3,725,1000
0,60,23,176,79,1,3,2,525,2000
0,63,22,185,70,1,3,4,1100,1000
0,69,24,182,83,1,2,2,2000,500
0,64,26,178,68,1,3,2,675,2000
0,58,21,179,80,1,2,3,400,500
0,62,26,176,70,1,3,2,475,2000
0,65,21,167,64,1,3,3,1600,500
0,67,25,168,75,1,3,3,1300,2000
0,68,19,179,70,1,3,3,3100,5000
2,64,23,167,60,1,3,2,850,2000
0,58,20,167,73,1,3,2,450,1000
0,65,30,175,72,1,2,3,700,5000
0,64,19,190,84,1,3,2,1400,6000
0,65,20,165,70,1,3,2,1600,2000
0,63,23,175,72,1,3,2,700,900
0,65,22,186,75,1,3,3,1500,7000
0,62,22,174,71,1,3,2,800,500
0,62,20,187,79,1,3,3,900,4000
0,65,21,172,71,1,4,4,1600,10000
0,62,18,178,73,1,3,3,925,1000
0,67,25,174,71,1,3,3,1300,6000
0,58,26,175,75,1,2,3,150,2000
0,63,38,175,74,1,3,2,110,500
0,76,30,187,73,1,2,2,6000,34000
0,70,27,171,79,1,2,2,1500,5000
0,68,29,183,74,1,3,2,1000,13000
0,68,20,191,90,1,3,2,2500,8000
0,61,22,182,76,1,4,2,725,950
0,68,21,185,79,1,3,2,2500,6000
0,66,32,178,78,1,3,2,550,500
0,62,25,188,80,1,2,2,525,2000
0,67,26,176,71,1,3,2,1200,500
0,65,24,176,69,1,3,2,1000,500
0,65,22,183,75,1,3,3,1500,1000
0,64,26,181,76,1,4,2,650,2000
0,63,21,182,74,1,3,3,1100,4000
0,63,28,185,70,1,3,2,475,500
0,72,28,191,85,1,2,2,2400,20000
0,65,21,183,72,1,3,2,1500,2000
0,64,20,182,75,1,3,3,1300,4000
0,63,28,177,79,1,2,3,475,900
0,74,25,191,78,1,2,2,5500,11000
0,67,26,168,70,1,4,4,1200,4000
0,62,28,186,75,1,3,2,350,4000
0,69,22,179,74,1,3,2,1700,6000
0,64,29,171,65,1,4,2,500,500
0,67,27,189,76,1,3,2,1000,4000
0,61,23,179,69,1,3,3,725,2000
0,68,20,175,68,1,5,3,2700,8000
0,65,25,178,72,1,3,3,950,3000
0,60,28,173,68,1,3,2,250,2000
0,67,22,188,84,1,3,3,2300,5000
0,63,22,181,74,1,2,2,925,2000
0,65,37,171,65,2,5,4,0.0,0
0,65,25,176,68,1,5,3,950,2000
0,63,20,180,75,1,4,2,1200,2000
0,71,22,180,61,1,2,2,2500,15000
0,60,35,186,80,1,3,3,80,2000
0,73,30,187,80,1,3,2,2500,19000
0,63,20,168,64,1,3,3,1200,500
0,73,24,187,82,1,3,2,6500,11000
0,65,25,190,87,1,3,3,950,500
0,67,22,169,63,1,4,3,1600,5000
0,61,21,177,70,1,3,2,775,2000
0,58,17,178,66,1,3,2,500,500
0,65,30,190,83,1,3,2,700,850
0,67,29,170,69,1,4,2,1000,500
0,74,22,188,87,1,4,2,9000,34000
0,67,20,175,68,1,3,2,2700,500
0,67,22,182,72,1,3,2,2100,500
0,64,33,183,81,1,4,2,300,6000
0,65,28,189,82,1,3,2,625,750
0,63,18,173,67,1,2,3,1100,500
0,65,21,170,63,1,3,2,1500,500
0,59,18,181,76,1,3,2,475,500
0,60,20,168,71,1,4,3,525,900
0,67,24,178,75,1,3,2,1900,2000
0,65,28,173,65,1,3,3,725,2000
0,63,21,181,69,1,2,3,1100,3000
2,64,24,174,71,1,3,4,925,2000
0,63,22,178,69,1,3,2,1000,1000
0,60,20,181,74,1,3,2,475,1000
0,67,23,183,82,1,2,2,1500,4000
0,71,31,180,72,1,3,2,1300,10000
0,62,24,178,73,1,5,2,825,800
0,67,22,185,80,1,4,3,2300,7000
0,62,22,173,70,1,3,3,850,7000
0,65,18,175,66,1,3,3,1700,9000
0,63,30,185,78,1,3,2,400,1000
0,67,21,170,72,1,2,4,2300,2000
0,63,22,176,72,1,2,3,1100,2000
0,59,20,190,82,1,3,3,500,2000
0,58,26,190,83,1,3,2,250,2000
0,60,19,180,71,1,5,3,575,800
0,64,21,170,65,1,3,3,1200,7000
0,69,26,182,80,1,3,3,1700,8000
0,66,19,191,89,1,2,2,2100,3000
0,64,23,183,76,1,2,2,775,1000
0,67,26,180,70,1,4,4,1100,6000
0,64,32,184,82,1,3,3,475,500
0,68,24,185,88,1,3,3,1800,6000
0,64,26,173,70,1,3,2,0.0,0
0,62,17,178,63,1,3,2,1000,800
0,61,24,170,69,1,3,3,525,2000
0,63,29,169,67,1,3,2,475,500
0,75,31,194,86,1,3,2,3800,38000
0,63,21,175,69,1,3,2,1000,1000
0,74,24,183,92,1,3,2,8500,34000
0,64,21,173,70,1,2,4,950,3000
0,69,20,174,64,1,3,3,3400,13000
0,58,19,176,67,1,3,3,475,500
0,69,25,183,82,1,3,3,1900,500
0,60,18,179,62,1,4,2,575,2000
0,65,21,191,84,1,3,3,1500,5000
0,66,19,176,69,1,3,3,2000,2000
0,61,20,179,70,1,3,3,725,2000
0,65,23,170,70,1,3,3,1100,3000
0,62,29,173,69,1,2,2,350,1000
0,65,20,187,73,1,3,3,1600,2000
0,62,23,169,69,1,3,2,800,2000
2,63,34,184,76,1,2,2,230,1000
0,65,26,180,73,1,3,2,775,500
0,66,23,184,85,1,3,3,1700,5000
0,68,23,175,70,1,1,2,2600,13000
0,72,28,196,90,1,4,3,2400,16000
0,61,17,182,62,1,4,2,825,550
0,68,27,181,70,1,3,2,1300,3000
0,60,21,179,74,1,3,2,250,500
0,60,20,175,75,1,3,3,475,500
0,64,24,183,73,1,4,2,775,550
0,66,22,185,83,1,3,2,1600,5000
0,62,20,168,62,1,4,3,950,1000
0,73,27,200,101,1,3,2,3300,1000
0,71,24,191,75,1,3,2,2300,22000
0,67,22,182,81,1,2,2,2200,7000
0,70,21,186,78,1,3,2,3700,5000
0,61,18,178,66,1,3,3,800,500
0,67,24,181,66,1,3,2,1400,3000
0,67,24,184,74,1,2,3,1300,2000
0,64,21,173,71,1,2,2,1300,500
0,66,20,173,68,1,3,3,1900,3000
0,61,18,175,68,1,3,2,725,500
0,65,33,179,77,1,4,2,350,500
0,61,19,180,70,1,4,3,775,1000
0,69,19,183,80,1,3,3,3000,15000
0,61,20,172,68,1,3,3,725,500
0,65,30,182,76,1,4,2,575,2000
0,62,20,178,64,1,3,3,950,2000
0,71,24,190,86,1,3,2,2700,13000
0,64,18,181,80,1,3,2,1200,2000
0,65,25,177,74,1,3,2,850,500
0,63,27,187,78,1,4,2,500,1000
0,63,19,188,70,1,4,2,1100,2000
0,64,18,171,65,1,3,3,1400,2000
0,64,18,185,76,1,4,4,1500,500
0,60,23,172,65,1,4,3,400,3000
0,68,26,184,82,1,3,3,1300,4000
0,65,21,167,62,1,3,2,1600,3000
0,65,25,186,81,1,3,2,850,6000
0,69,23,178,66,1,3,3,2800,10000
0,61,20,175,72,1,3,3,725,500
0,64,25,180,78,1,3,3,700,2000
0,63,19,172,67,1,2,2,1200,750
0,73,25,189,78,1,3,2,4000,22000
0,66,21,172,67,1,3,2,1800,1000
0,60,21,176,73,1,3,2,550,2000
0,64,27,183,83,1,2,2,625,950
0,68,25,181,77,1,3,2,1500,4000
0,60,18,173,72,1,3,2,675,850
0,66,19,177,60,1,3,3,2000,3000
1,63,22,173,70,1,3,3,1100,1000
0,76,31,188,84,2,3,2,5000,27000
1,59,34,181,72,1,4,2,70,2000
0,68,33,183,78,2,2,2,575,3000
0,65,24,170,66,1,3,3,1100,4000
0,62,21,185,75,1,3,2,850,600
0,61,23,174,68,1,3,2,625,500
0,63,23,171,61,1,3,3,750,5000
0,63,22,184,73,1,3,2,1000,2000
0,62,26,177,72,1,3,3,500,850
2,64,21,166,60,1,3,2,1200,2000
0,64,19,186,79,1,3,3,1300,1000
0,69,25,186,81,1,3,2,1800,10000
0,71,39,193,87,1,3,3,650,500
0,56,17,170,63,1,3,3,375,1000
0,60,20,175,62,1,2,2,375,1000
0,63,23,174,65,1,3,2,975,2000
0,60,20,175,67,1,3,2,550,500
0,64,25,179,72,1,3,4,825,2000
0,62,22,171,63,1,3,2,900,1000
0,62,25,173,73,1,4,2,475,600
0,59,26,177,73,1,4,2,240,2000
0,62,21,180,76,1,3,3,900,2000
0,75,23,190,85,1,3,2,7500,23000
0,62,21,172,69,1,3,2,850,4000
0,74,29,195,89,1,2,2,4200,24000
0,61,19,175,69,1,3,2,725,900
0,75,22,184,79,1,3,2,10500,30000
0,60,20,179,73,1,3,2,500,900
0,67,26,172,69,1,4,3,1100,2000
0,62,22,178,66,1,2,2,650,500
0,66,23,178,75,1,3,2,1300,2000
0,69,20,188,73,1,3,2,3200,28000
0,62,23,180,73,1,3,3,875,10000
0,63,19,181,76,1,3,2,1100,1000
0,68,23,193,90,1,4,2,1800,10000
0,68,20,184,79,1,3,3,2600,5000
0,70,29,184,83,2,3,2,1300,7000
0,68,23,178,73,1,2,3,1900,3000
0,66,23,178,72,1,3,2,1600,2000
0,60,17,182,75,1,3,3,775,800
0,60,21,183,75,1,3,2,275,2000
0,64,21,184,78,1,3,2,1100,1000
0,63,19,178,72,1,3,4,1200,11000
0,63,26,173,70,1,4,3,525,4000
0,70,19,178,72,1,2,3,3400,8000
2,61,22,175,72,1,3,2,725,950
0,59,19,183,72,1,3,3,525,500
1,60,25,178,80,1,4,3,275,3000
0,63,20,175,64,1,3,3,1100,3000
0,63,28,176,78,1,3,2,425,500
0,69,21,186,82,1,3,2,2900,9000
0,63,23,180,76,1,3,3,975,3000
0,63,23,181,75,1,3,3,725,3000
0,66,23,175,75,1,3,3,1700,3000
0,64,22,173,63,1,2,3,1100,2000
0,70,20,185,72,1,3,3,3500,11000
0,63,20,181,74,1,3,2,1100,4000
0,64,17,168,61,1,3,3,1500,500
0,64,23,182,64,1,4,3,900,8000
2,69,19,170,60,1,3,3,3000,3000
0,66,24,181,75,1,5,3,1200,500
0,60,19,177,77,1,3,3,525,500
0,67,33,186,81,1,4,2,475,1000
0,65,20,178,68,1,3,2,1600,3000
0,64,32,184,78,1,3,3,475,2000
0,65,21,180,70,1,3,2,1600,2000
2,68,26,177,73,1,3,3,1300,6000
0,62,22,180,73,1,2,3,850,1000
0,77,23,191,85,1,3,2,22000,41000
0,59,19,177,74,1,3,3,475,500
0,67,19,186,76,1,3,2,2300,2000
0,63,22,177,75,1,3,3,1100,2000
0,58,17,182,68,1,4,3,475,500
0,61,21,180,70,1,4,2,725,1000
0,65,36,179,71,1,3,2,140,500
0,59,20,180,73,1,3,3,475,550
0,60,19,182,69,1,3,2,575,800
0,61,22,177,88,1,3,3,625,500
0,61,22,188,74,1,4,2,700,1000
0,66,20,185,72,1,3,2,1600,3000
0,64,25,165,66,1,3,3,525,500
0,73,28,193,85,1,4,2,3100,14000
0,59,20,174,62,1,3,3,450,500
0,64,30,171,74,1,3,2,575,500
0,72,25,185,83,1,3,3,2900,35000
0,62,23,180,75,1,3,2,525,500
1,61,23,182,74,1,2,2,525,850
0,66,22,182,80,1,2,2,1600,3000
0,66,24,180,79,1,3,3,1200,500
0,64,39,173,79,1,3,2,130,500
0,71,28,191,84,1,3,2,1600,700
2,64,33,182,73,2,3,2,275,2000
0,66,27,182,74,1,3,2,1000,3000
0,65,31,179,75,1,2,3,575,500
0,57,30,174,65,1,3,3,140,1000
2,62,19,176,70,1,3,2,850,550
0,64,24,187,77,1,3,3,775,1000
0,65,22,179,72,1,5,3,1600,1000
0,65,19,170,69,1,3,3,1700,500
0,60,20,178,72,1,3,2,550,2000
0,60,20,167,62,1,5,3,550,1000
0,66,26,177,69,1,2,2,1100,500
0,61,22,184,82,1,3,2,725,2000
0,70,24,180,73,1,3,4,2500,18000
0,68,37,194,85,1,4,2,220,4000
0,60,18,180,73,1,3,2,600,500
0,64,23,188,78,1,4,3,1200,2000
1,65,21,185,78,1,3,2,1700,2000
0,61,18,180,73,1,3,2,750,550
0,66,23,178,72,1,3,3,850,3000
0,60,25,173,70,1,3,2,300,2000
0,60,19,176,66,1,3,3,525,500
0,66,18,185,71,1,3,2,1900,500
0,66,22,177,73,1,2,2,1800,10000
0,74,30,187,83,1,3,2,3500,8000
0,58,19,175,74,1,3,3,475,500
0,62,25,174,75,1,2,2,475,500
0,69,22,175,73,1,3,2,2300,25000
0,69,21,189,81,1,3,2,2900,26000
0,64,21,174,67,1,3,2,1300,500
0,65,23,187,79,1,4,3,1100,900
0,60,26,175,68,1,3,2,300,2000
0,59,22,182,76,1,3,2,475,2000
0,70,34,193,93,2,3,3,775,12000
0,73,22,190,75,1,3,2,6500,19000
0,63,18,175,67,1,2,2,1100,500
0,64,24,170,65,1,3,4,800,500
0,63,21,189,83,1,3,2,1000,2000
0,64,20,180,72,1,3,3,1400,2000
0,61,18,172,69,1,2,2,825,550
0,62,21,180,75,1,3,2,900,2000
0,64,23,176,72,1,3,2,925,3000
0,60,24,175,74,1,3,2,375,500
0,65,22,188,80,1,3,3,1400,3000
0,67,17,166,64,1,3,3,2500,3000
0,70,31,186,86,1,5,3,1300,20000
0,65,23,177,77,1,3,2,1000,5000
0,61,22,178,68,1,3,2,725,2000
0,65,22,178,73,1,3,3,1100,2000
0,67,20,170,65,1,3,3,2300,9000
0,83,37,176,75,4,3,1,0.0,0
0,70,18,176,71,1,3,4,4000,5000
0,59,20,172,67,1,3,3,500,500
0,62,17,178,71,1,3,2,900,500
0,73,22,188,82,1,4,2,4400,9000
0,63,17,180,68,1,4,3,1300,4000
0,72,36,185,86,1,3,2,425,8000
0,62,32,178,72,1,4,2,250,2000
0,69,21,183,78,1,3,2,3200,16000
0,62,26,183,77,1,3,2,475,3000
0,63,24,186,74,1,2,2,750,8000
0,63,25,177,60,1,3,3,625,2000
0,66,33,175,74,1,3,3,525,2000
0,77,31,187,80,1,2,2,7000,33000
0,62,25,179,80,1,3,2,525,2000
0,66,24,177,72,1,2,3,1300,4000
0,66,29,174,68,1,3,2,850,3000
0,64,21,177,74,1,3,3,1300,950
0,59,33,172,70,1,3,2,140,2000
0,60,17,184,76,1,2,2,775,500
0,66,23,188,86,1,3,4,1900,6000
0,61,17,178,65,1,4,2,775,650
0,66,23,168,68,1,3,2,1600,3000
0,64,21,186,78,1,4,4,950,2000
0,62,23,177,72,1,3,2,875,2000
0,66,25,180,78,1,3,3,1100,500
0,67,24,183,78,1,4,2,1200,9000
0,66,22,173,69,1,3,2,1800,4000
0,71,30,190,86,1,2,2,1800,18000
0,67,23,179,77,1,2,2,1900,2000
0,66,21,182,72,1,5,3,1900,9000
0,65,25,179,83,1,3,3,950,2000
0,64,20,184,68,1,2,2,1300,2000
0,67,21,184,75,1,3,2,2100,11000
0,64,24,179,78,1,2,2,800,1000
0,65,33,175,76,2,4,2,240,2000
0,72,23,179,81,1,3,2,4400,10000
0,66,26,180,62,1,3,2,0.0,0
0,68,28,181,74,1,3,3,1200,600
0,61,19,178,65,1,3,2,775,4000
0,62,22,176,69,1,3,3,900,2000
0,63,24,178,69,1,3,3,950,2000
0,70,18,182,73,1,3,3,3700,7000
0,59,18,175,75,1,3,2,475,4000
0,63,22,184,77,1,3,3,1100,2000
0,77,31,186,81,1,3,2,7000,22000
0,62,19,174,69,1,3,2,825,2000
0,70,31,196,85,1,3,3,1300,8000
0,69,21,191,80,1,4,3,3200,10000
0,60,20,170,62,1,3,2,650,8000
0,65,23,178,66,1,2,3,1400,500
0,65,24,175,68,1,3,2,1000,2000
0,64,26,185,85,1,3,2,700,500
0,74,35,193,88,3,3,2,1100,20000
0,70,28,175,70,1,3,3,1400,15000
0,74,23,186,83,1,3,2,6000,20000
0,64,32,176,70,1,2,2,450,4000
0,67,21,189,83,1,3,3,2300,5000
0,70,22,176,69,1,3,3,2600,14000
0,61,20,185,80,1,3,2,775,2000
0,66,27,177,75,1,4,3,925,4000
0,68,22,179,74,1,4,4,2700,500
0,72,30,181,82,1,3,2,1900,15000
0,62,22,173,70,1,3,2,600,1000
0,68,21,175,73,1,3,2,2600,6000
2,64,25,183,75,1,3,2,725,1000
0,66,18,183,75,1,3,2,1900,1000
0,65,26,173,72,1,3,2,775,500
0,62,21,180,79,1,3,2,575,500
0,63,20,183,78,1,3,2,1000,2000
0,60,18,187,77,1,2,2,600,1000
2,64,19,175,66,1,3,2,1300,750
0,64,21,175,68,1,3,2,1300,700
0,62,32,177,79,1,3,3,325,900
0,61,22,176,63,1,4,2,675,500
0,70,21,185,79,1,3,3,3600,17000
0,63,24,178,66,1,3,2,925,500
0,64,27,182,74,1,3,3,625,2000
0,64,19,183,74,1,3,2,1300,2000
0,68,23,183,76,1,3,3,2700,4000
0,65,20,188,72,1,3,2,1700,5000
0,62,27,176,69,1,3,3,425,2000
0,58,18,174,64,1,3,3,475,500
0,67,29,179,72,1,3,2,850,500
1,61,21,173,65,1,4,3,725,6000
0,66,20,180,74,1,3,3,2200,6000
0,60,22,170,67,1,3,3,500,500
0,62,18,176,62,1,3,2,825,3000
0,60,22,174,67,1,3,2,400,1000
0,67,23,175,66,1,3,3,2300,2000
0,60,25,173,70,1,3,3,300,1000
0,62,22,167,71,1,5,2,850,2000
0,62,30,178,72,1,3,2,350,750
0,64,26,188,84,1,3,2,700,2000
0,64,20,179,71,1,3,3,1300,900
0,64,21,184,82,1,3,3,1300,3000
0,58,21,173,67,1,3,2,425,1000
0,61,27,177,76,1,3,2,375,500
0,60,32,185,76,1,4,2,190,550
0,62,22,181,72,1,3,2,550,2000
0,60,20,175,65,1,3,2,550,1000
0,66,23,180,76,1,3,2,1800,3000
0,68,21,189,83,1,3,2,2700,4000
0,60,23,168,65,1,3,2,500,6000
0,65,18,190,78,1,2,2,1700,3000
0,62,20,170,66,1,3,3,875,500
0,69,22,187,70,1,3,3,3200,12000
0,72,22,186,78,1,3,2,3300,750
0,60,20,165,67,1,3,2,600,1000
0,67,31,175,72,1,3,3,850,500
0,76,26,190,88,1,3,2,8500,16000
0,64,23,170,67,1,3,4,850,500
0,62,21,173,66,1,2,2,900,1000
0,70,28,177,65,1,3,3,1600,6000
0,63,25,180,75,1,3,2,625,2000
0,67,26,185,76,1,4,3,1300,6000
0,63,22,183,82,1,3,2,700,2000
0,68,19,176,70,1,3,3,3100,11000
0,68,25,190,81,1,3,2,1400,7000
0,60,20,184,78,1,3,2,525,2000
0,74,33,191,83,1,3,2,2000,13000
0,82,30,189,83,3,2,2,25000,2000
0,64,23,168,65,1,3,3,1300,5000
0,69,25,170,66,1,3,4,1800,9000
0,70,27,184,77,1,3,2,1700,9000
0,67,28,176,72,1,3,2,975,500
0,62,23,175,72,1,3,2,875,600
0,59,19,172,70,1,4,3,575,500
0,68,27,189,80,1,3,2,1200,500
0,63,20,170,67,1,3,2,1100,2000
0,66,22,177,68,1,3,2,1800,3000
0,63,26,182,76,1,3,3,575,500
0,64,18,175,70,1,4,3,1500,7000
0,74,26,193,85,1,3,3,5500,12000
0,64,28,173,68,1,3,2,525,3000
0,63,21,180,78,1,3,2,1100,2000
0,65,20,183,67,1,3,3,1700,2000
0,66,22,170,68,1,3,3,1900,4000
0,69,25,180,73,1,3,3,0.0,0
0,64,24,177,66,1,3,2,775,2000
0,69,25,178,70,1,3,3,1800,10000
0,60,17,167,61,1,4,2,425,500
0,64,28,196,88,1,3,2,600,2000
0,60,19,175,66,1,3,2,575,500
0,61,20,175,63,1,3,2,750,3000
0,65,27,185,90,1,3,2,825,500
0,64,22,180,75,1,3,2,1200,1000
0,68,26,172,67,1,4,3,1300,7000
0,67,20,183,78,1,3,2,2300,19000
0,65,25,181,78,1,3,2,800,500
0,62,19,177,67,1,3,3,1000,1000
1,62,20,178,69,1,3,2,900,1000
0,68,24,168,70,1,3,2,1800,500
0,71,31,196,94,1,3,2,1300,5000
0,62,25,184,74,1,2,2,475,3000
2,60,28,172,64,1,3,2,250,900
0,74,23,183,77,1,3,2,6000,11000
0,71,25,189,90,1,3,2,2600,15000
0,59,32,179,79,1,4,2,180,1000
0,74,28,193,88,1,3,2,4000,23000
0,62,19,180,75,1,3,2,1100,700
0,62,25,179,75,1,3,2,500,650
0,58,20,168,70,1,3,3,400,500
0,66,23,181,77,1,3,3,1600,500
0,62,19,183,69,1,3,3,825,500
0,58,21,185,82,1,3,2,450,500
0,60,25,189,70,1,2,2,325,850
1,60,20,173,73,1,3,2,550,6000
0,65,29,178,75,1,3,2,475,1000
0,68,22,185,76,1,3,2,2500,7000
0,66,35,171,67,1,2,3,350,1000
0,61,18,181,65,1,3,3,825,5000
0,71,24,187,77,1,3,2,3500,11000
0,64,21,175,70,1,3,3,1400,4000
0,62,23,175,74,1,3,2,750,1000
0,60,20,175,67,1,3,3,550,1000
0,63,25,179,72,1,2,2,575,2000
0,68,21,181,74,1,4,3,3000,6000
0,67,21,175,63,1,3,2,2000,4000
0,61,18,175,72,1,3,2,750,1000
0,69,21,186,80,1,3,2,3000,2000
0,64,20,177,71,1,3,2,1200,1000
0,66,29,191,81,1,4,3,850,2000
0,61,21,168,63,1,3,2,675,950
0,60,18,185,79,1,3,2,625,3000
0,62,19,187,85,1,4,3,650,5000
0,63,28,170,65,1,3,2,425,2000
0,64,23,178,70,1,4,2,1200,500
0,63,24,182,80,1,3,3,650,1000
0,72,23,186,79,1,3,2,3200,15000
0,58,20,173,71,1,3,2,450,2000
0,67,21,170,65,1,4,3,2300,2000
0,60,19,172,68,1,3,2,525,2000
0,65,19,174,65,1,3,3,1800,4000
0,72,21,187,76,1,3,2,5500,9000
2,63,25,181,72,1,4,2,600,1000
0,68,24,167,69,1,4,3,1700,500
0,65,18,176,64,1,2,2,1600,600
0,67,26,176,76,1,3,3,1200,500
0,63,19,180,72,1,3,3,525,1000
0,71,22,178,68,1,3,3,3000,7000
0,66,22,175,60,1,4,2,2100,2000
0,65,20,177,70,1,4,3,1700,8000
0,60,26,187,79,1,2,2,300,500
0,67,20,180,79,1,3,3,2300,3000
0,63,21,174,74,1,3,2,975,4000
0,58,21,180,71,1,2,3,450,500
0,60,19,177,80,1,2,3,525,3000
0,65,21,180,72,1,3,3,1800,4000
0,64,24,174,68,1,3,2,800,500
0,64,33,185,75,1,3,2,300,500
0,59,19,179,65,1,4,3,525,500
0,65,21,178,73,1,3,3,1600,2000
0,61,23,171,64,1,3,3,725,2000
0,66,24,179,74,1,3,4,1200,4000
0,64,27,179,72,1,3,2,625,5000
0,69,27,189,88,1,3,2,1600,12000
0,61,22,180,72,1,3,3,525,500
0,61,19,178,73,1,3,2,775,4000
0,61,18,178,69,1,2,2,800,850
0,68,22,171,65,1,3,3,2700,10000
0,63,19,173,62,1,3,3,1100,650
1,60,19,173,66,1,2,3,575,500
0,62,21,172,71,1,3,2,975,500
0,65,27,177,71,1,2,2,825,2000
0,61,23,170,74,1,3,2,350,500
0,60,22,179,65,1,4,3,550,1000
0,67,25,187,83,1,3,2,1200,5000
0,64,24,184,83,1,3,2,875,500
0,61,20,177,65,1,3,2,725,2000
0,66,25,175,69,1,2,2,1200,3000
0,65,20,170,65,1,3,2,1600,17000
0,58,26,180,75,1,3,2,275,1000
0,65,21,180,72,1,3,2,1600,1000
0,67,26,187,72,1,5,2,1100,4000
0,65,31,185,77,1,4,3,600,2000
0,67,21,183,79,1,3,3,2300,2000
0,63,21,168,72,1,3,3,1100,3000
0,58,23,185,74,1,3,2,450,5000
0,65,24,180,71,1,5,2,1100,950
0,59,19,177,68,1,4,2,575,1000
0,65,23,185,78,1,2,2,1500,2000
0,60,19,174,65,1,3,3,575,900
0,68,23,166,67,1,3,2,2600,4000
0,64,30,176,68,1,4,2,575,2000
0,69,30,180,64,1,3,3,1400,17000
0,66,30,192,90,1,3,2,700,5000
0,66,23,178,69,1,4,3,1900,7000
0,61,19,167,59,1,3,2,850,2000
2,63,22,182,78,1,3,2,675,2000
0,64,17,183,67,1,3,3,1600,2000
0,74,24,185,80,1,3,2,5500,16000
0,64,22,180,73,1,3,3,1300,1000
0,66,21,172,62,1,3,3,1600,2000
0,58,17,186,79,1,3,2,475,500
0,57,30,169,65,1,3,2,160,900
0,67,22,182,71,1,3,3,2300,4000
0,64,21,176,68,1,2,2,1100,6000
0,61,21,185,75,1,3,3,725,2000
1,65,24,184,75,1,3,2,1300,2000
0,62,26,189,79,1,2,2,475,900
0,71,24,194,91,1,3,2,2400,9000
0,66,20,178,75,1,3,2,0.0,0
0,68,26,183,73,1,2,2,1600,500
0,61,18,168,62,1,3,2,750,2000
0,66,25,173,65,1,3,2,1000,2000
0,65,24,186,75,1,2,3,1000,1000
0,70,23,185,76,1,3,3,3000,11000
0,60,20,177,70,1,3,2,600,4000
0,69,24,188,81,1,2,3,2200,5000
0,65,21,180,82,1,4,2,1500,4000
0,60,20,185,73,1,3,2,650,2000
0,68,22,187,76,1,3,2,2700,5000
0,61,19,179,75,1,3,2,675,500
0,64,29,178,72,1,3,3,575,4000
0,64,19,173,65,1,3,2,1400,500
0,63,19,178,78,1,3,3,1200,500
0,66,18,185,76,1,3,2,1900,3000
0,65,20,177,70,1,2,3,1500,2000
0,67,34,181,80,1,3,2,500,500
0,60,26,187,82,1,3,3,325,650
0,65,28,169,62,1,3,3,725,500
0,69,30,184,77,1,2,2,1100,500
0,65,22,176,71,1,3,4,1600,500
0,62,19,170,66,1,4,4,950,900
0,62,23,186,73,1,3,2,850,2000
0,61,18,184,66,1,3,2,825,4000
0,70,23,187,79,1,3,2,3600,6000
0,64,17,180,73,1,3,4,1600,1000
0,60,22,180,75,1,3,3,550,2000
0,62,19,180,74,1,4,3,1000,5000
0,65,26,184,80,1,3,2,800,500
0,70,23,173,68,1,4,3,2400,5000
0,58,18,177,79,1,3,3,475,500
0,65,17,175,66,1,3,4,1700,500
0,65,23,183,75,1,3,2,925,2000
0,67,32,181,78,1,3,2,650,3000
0,58,18,172,69,1,3,2,475,500
0,70,30,185,87,2,3,2,1300,8000
0,62,24,181,75,1,3,3,625,2000
0,69,22,176,71,1,4,2,2900,30000
0,65,28,174,64,1,3,2,0.0,0
2,65,22,173,64,1,3,2,1000,2000
0,63,23,175,71,1,3,3,750,3000
0,64,23,172,70,1,4,3,1300,3000
0,63,33,173,72,1,2,2,140,3000
0,60,19,183,78,1,3,2,500,850
0,58,20,180,75,1,2,2,475,8000
0,62,24,183,85,1,4,3,500,2000
0,65,23,179,77,1,3,4,1400,5000
0,61,21,177,70,1,3,3,700,650
0,66,30,170,66,1,3,2,725,500
0,61,20,170,66,1,3,3,725,500
0,65,19,173,71,1,5,2,1700,1000
0,60,21,186,71,1,3,2,575,3000
0,60,21,185,78,1,3,2,550,600
0,61,29,174,69,1,3,2,325,500
0,68,32,185,83,1,2,2,775,9000
0,58,19,181,77,1,3,3,450,850
0,61,26,186,71,1,3,3,350,700
0,64,25,184,81,1,3,2,750,1000
0,65,24,185,81,1,2,2,775,500
0,61,27,176,75,1,4,4,350,500
0,67,25,187,73,1,3,2,1300,10000
0,66,23,175,65,1,3,3,1400,4000
0,59,18,178,71,1,3,2,525,500
0,66,23,180,72,1,3,2,1800,1000
0,61,18,180,72,1,2,2,650,750
0,61,23,195,78,1,5,2,725,1000
0,69,22,172,64,1,2,2,3100,1000
0,63,19,180,77,1,3,2,1000,950
0,68,25,187,84,1,3,2,1400,7000
0,60,18,173,63,1,3,2,625,1000
2,61,23,167,68,1,3,2,525,800
0,64,21,184,75,1,3,2,1400,2000
0,62,16,179,65,1,3,3,1000,500
0,66,19,172,59,1,4,3,2000,2000
0,62,29,180,75,1,3,3,400,600
0,65,19,181,73,1,2,2,1500,2000
0,64,35,188,72,1,3,2,160,2000
0,62,20,170,65,1,3,3,875,500
0,63,26,187,77,1,2,2,575,5000
0,65,25,177,74,1,3,3,950,2000
1,63,24,175,70,1,3,3,675,900
0,61,26,175,73,1,3,2,375,2000
0,57,19,172,67,1,3,2,350,1000
0,65,25,174,75,1,3,3,950,3000
0,77,22,196,90,1,3,2,14500,39000
0,64,21,170,68,1,2,2,1300,3000
0,72,28,174,70,1,3,2,2400,1000
0,64,34,175,78,1,3,4,275,500
0,61,17,177,68,1,3,3,775,500
0,65,22,175,69,1,2,3,1600,2000
0,62,19,187,70,1,3,2,950,5000
0,64,24,174,73,1,3,2,775,2000
0,75,24,196,80,1,3,2,11500,38000
0,65,22,190,88,1,3,3,1600,3000
0,65,21,173,65,1,2,3,1600,2000
0,67,23,191,81,1,3,3,1600,21000
0,65,22,175,70,1,3,2,1100,4000
0,65,23,180,79,1,1,2,975,2000
0,62,22,175,75,1,3,3,900,1000
0,59,18,174,73,1,3,2,500,500
0,58,23,188,82,1,3,2,300,550
0,62,19,175,65,1,3,3,950,2000
0,64,20,168,60,1,3,3,1400,2000
0,56,19,175,67,1,3,2,300,2000
0,62,18,176,71,1,4,3,1100,500
0,69,25,183,79,1,3,2,1800,3000
0,64,19,176,69,1,3,3,1400,2000
0,64,29,178,77,1,3,3,575,500
0,63,23,178,72,1,2,3,1100,500
0,68,20,191,84,1,3,2,2700,13000
0,64,23,186,76,1,3,3,925,3000
0,62,22,172,70,1,3,3,900,2000
0,64,27,187,82,1,3,2,600,1000
0,63,24,179,73,1,3,2,675,1000
0,60,17,175,65,1,3,2,500,500
0,68,20,185,79,1,3,2,2700,500
0,62,18,174,60,1,3,3,1000,4000
0,60,18,175,61,1,3,2,600,4000
0,67,24,172,70,1,3,3,1400,8000
0,63,21,188,80,1,3,3,700,1000
0,63,27,172,71,1,3,2,525,500
0,62,21,175,72,1,3,2,850,1000
0,66,21,174,64,1,2,3,1900,3000
0,63,20,188,75,1,3,2,1100,2000
0,61,18,177,68,1,3,3,750,2000
0,67,22,179,75,1,2,2,2200,4000
0,64,24,180,69,1,3,3,850,5000
0,58,21,184,73,1,2,2,450,2000
0,62,30,170,67,1,4,4,375,500
0,59,24,173,70,1,3,3,275,2000
0,66,28,185,75,1,3,2,875,500
0,73,27,188,80,1,2,2,2800,31000
0,66,23,176,68,1,3,2,1700,3000
0,64,20,170,72,1,3,3,1300,2000
0,63,20,185,72,1,3,2,975,2000
0,66,22,175,65,1,2,2,1600,3000
0,74,22,192,91,1,3,2,6000,19000
0,61,20,171,60,1,4,3,775,3000
0,62,21,171,68,1,4,2,850,1000
1,61,23,189,90,1,4,3,475,2000
0,62,22,175,70,1,3,4,475,2000
0,67,24,180,68,1,4,3,1400,9000
0,68,21,176,72,1,3,3,3000,5000
0,66,19,180,75,1,3,4,1800,4000
0,70,25,189,83,1,3,2,2000,10000
0,68,28,168,63,1,4,3,1200,3000
0,66,24,177,74,1,3,3,1400,3000
0,63,23,182,75,1,2,3,950,6000
0,61,28,179,74,1,3,2,180,3000
0,69,23,180,77,1,3,2,0.0,0
0,59,20,184,70,1,3,3,500,1000
0,63,24,179,74,1,2,2,525,500
2,63,25,172,65,1,3,2,600,2000
0,66,23,183,75,1,2,2,1300,500
2,61,25,177,73,1,3,2,450,800
0,66,24,179,77,1,3,2,1200,2000
0,68,22,190,89,1,3,2,2300,5000
2,61,23,179,70,1,3,2,475,1000
0,65,20,177,70,1,3,4,1600,3000
0,63,22,187,73,1,3,2,750,2000
0,63,21,181,79,1,3,2,925,2000
2,64,22,171,65,1,3,3,1300,22000
0,64,20,171,60,1,3,3,1400,3000
0,65,32,188,90,1,3,3,575,4000
0,59,21,177,70,1,3,2,500,950
0,61,20,183,76,1,3,2,775,3000
0,61,23,176,68,1,2,2,500,1000
0,68,25,184,80,1,3,2,1600,3000
0,64,23,193,80,1,2,2,1200,700
0,59,19,180,72,1,3,2,525,500
0,68,30,190,82,1,3,3,1200,2000
0,62,19,183,74,1,3,2,775,950
0,59,19,164,62,1,3,3,525,500
0,64,27,174,65,1,2,2,625,1000
0,62,32,188,87,1,2,2,325,3000
0,60,18,183,79,1,3,2,575,600
0,57,18,170,68,1,3,3,375,500
0,67,24,170,67,1,3,3,1300,4000
0,62,20,175,70,1,3,3,875,500
0,76,25,197,90,1,4,2,9500,1000
0,68,25,171,66,1,3,3,1600,35000
0,58,19,178,88,1,3,2,475,1000
0,68,26,191,82,1,3,2,1500,5000
0,72,29,189,81,1,3,2,2200,10000
0,75,33,184,84,1,4,2,2700,16000
0,66,22,184,78,1,3,3,1900,6000
0,77,31,188,87,2,3,2,7000,41000
0,60,16,173,65,1,4,3,775,2000
0,63,19,183,80,1,3,3,1100,1000
0,57,23,175,70,1,3,2,230,500
0,65,25,183,75,1,3,2,850,4000
0,65,21,181,69,1,4,4,1600,2000
0,65,28,175,69,1,2,2,625,3000
0,65,20,174,64,1,3,3,1600,3000
0,67,28,172,77,1,3,3,1000,500
0,63,25,180,76,1,3,3,625,2000
0,60,25,169,59,1,3,2,325,2000
0,68,23,185,73,1,2,2,2200,7000
0,63,25,175,68,1,3,3,575,500
0,65,26,183,79,1,3,2,850,4000
0,58,17,179,63,1,3,2,500,750
0,66,20,167,58,1,3,3,2100,2000
0,64,27,183,65,1,3,3,0.0,0
0,61,21,190,85,1,3,2,700,600
0,63,24,184,75,1,3,2,625,1000
0,67,20,180,72,1,3,3,2300,3000
0,64,19,172,62,1,4,3,1500,500
0,81,25,187,81,1,3,2,34000,36000
0,76,31,191,87,1,3,2,5000,40000
0,64,21,178,72,1,3,2,1300,2000
0,62,20,177,72,1,3,3,875,500
0,62,18,177,71,1,3,2,975,500
0,63,21,181,70,1,3,2,1000,2000
0,64,26,187,77,1,3,2,625,3000
0,66,22,180,73,1,3,3,1200,4000
0,56,19,170,63,1,2,2,350,850
0,66,23,182,76,1,3,3,1700,2000
0,62,20,178,70,1,4,3,950,4000
0,60,20,178,66,1,3,3,550,2000
0,72,37,201,75,2,3,2,900,30000
0,61,23,183,83,1,2,2,475,1000
0,68,20,188,82,1,4,2,2500,5000
0,60,24,175,72,1,4,2,325,2000
0,63,22,170,70,1,2,2,0.0,0
0,63,22,183,77,1,3,3,700,8000
0,60,17,180,70,1,3,2,775,1000
0,58,21,187,84,1,3,2,450,5000
0,58,19,181,79,1,3,2,525,2000
0,62,19,185,73,1,3,2,950,1000
0,66,23,175,68,1,2,2,1600,5000
0,64,25,185,76,1,3,2,725,3000
0,68,30,179,77,1,3,3,1000,500
2,62,26,178,70,1,2,2,475,1000
0,63,20,180,77,1,4,3,1100,3000
0,63,36,178,74,1,3,3,160,1000
0,65,25,175,70,1,2,2,825,6000
0,69,26,191,85,1,2,3,1700,6000
0,64,24,181,71,1,3,2,850,2000
0,64,17,167,58,1,3,3,1300,3000
0,61,18,181,76,1,2,2,700,1000
0,69,27,178,71,1,3,2,1600,5000
2,58,21,167,64,1,3,2,400,650
0,64,28,181,77,1,3,2,525,2000
0,59,16,175,73,1,3,3,550,500
0,58,19,180,70,1,3,2,475,1000
0,65,25,176,69,1,4,3,900,2000
0,62,23,182,74,1,2,2,850,1000
0,62,21,183,75,1,3,3,900,3000
0,60,22,186,71,1,3,3,550,550
0,75,21,193,81,1,3,2,10500,41000
0,61,20,181,72,1,3,2,675,3000
0,65,22,175,66,1,4,3,1800,4000
0,63,24,186,70,1,3,2,675,2000
0,66,28,184,73,1,3,2,850,2000
0,64,32,184,74,1,3,3,400,2000
0,67,22,174,72,1,4,3,2300,10000
0,62,21,175,68,1,3,2,850,2000
0,75,30,186,95,1,3,2,4600,38000
0,68,21,178,70,1,3,2,2300,13000
0,67,19,182,64,1,3,4,2200,4000
0,62,27,186,80,1,3,2,425,950
0,60,24,180,64,1,3,2,375,2000
0,59,20,188,81,1,3,3,550,700
0,63,34,176,73,1,2,2,180,2000
0,64,20,183,77,1,3,2,1200,2000
0,64,20,182,75,1,3,3,1300,2000
0,64,23,180,77,1,2,2,1100,3000
0,63,23,178,71,1,4,2,650,500
0,68,24,182,73,1,2,2,1700,3000
0,63,21,184,75,1,3,3,975,1000
0,67,22,182,74,1,3,3,2100,10000
0,60,19,180,72,1,4,4,625,6000
0,64,21,178,75,1,3,2,1300,500
0,65,18,178,73,1,3,2,1600,1000
0,56,22,175,71,1,3,2,300,3000
0,68,23,180,72,1,3,2,2600,3000
0,67,20,183,77,1,3,2,2500,500
0,74,27,190,80,1,2,2,4200,45000
0,62,23,180,70,1,3,2,600,2000
0,59,20,178,76,1,3,3,600,1000
0,67,21,183,75,1,3,2,2100,500
0,61,18,180,67,1,2,3,825,2000
0,68,20,186,85,1,2,2,2300,11000
0,62,29,187,80,1,3,2,350,550
0,60,19,167,59,1,2,2,525,500
0,59,19,181,71,1,3,2,500,2000
0,57,19,180,73,1,3,2,350,1000
0,58,19,167,69,1,3,3,475,500
0,62,22,188,78,1,3,2,850,7000
0,61,21,178,76,1,3,2,700,2000
0,75,35,193,86,3,3,2,550,25000
0,64,20,182,72,1,3,2,1300,15000
0,77,27,190,78,1,3,2,12000,26000
0,59,19,188,85,1,3,2,575,4000
0,67,22,168,71,1,4,3,2300,2000
0,62,23,184,72,1,3,2,750,650
0,63,21,187,79,1,4,2,1100,6000
0,58,21,174,73,1,3,2,500,2000
0,70,26,173,70,1,4,3,1800,11000
0,64,22,185,78,1,3,2,1400,2000
0,60,20,175,72,1,3,3,550,2000
0,62,18,178,73,1,3,3,1000,900
0,62,21,185,75,1,2,2,825,1000
0,67,26,172,67,1,3,3,1200,500
0,72,32,188,77,1,3,2,1500,9000
0,64,19,175,73,1,3,4,1500,500
0,62,19,174,59,1,2,3,950,500
0,69,37,182,76,1,3,2,70,8000
0,67,21,168,66,1,3,4,2500,500
0,78,26,184,80,1,2,2,16500,24000
0,68,23,171,64,1,4,3,1900,4000
0,61,26,182,87,1,3,2,400,500
0,65,21,184,76,1,3,2,1500,2000
0,66,27,184,77,1,2,2,975,3000
0,66,28,187,82,1,3,2,825,4000
2,65,25,174,68,1,3,2,850,3000
0,62,20,175,72,1,2,3,875,2000
0,57,17,176,77,1,3,3,400,500
0,67,30,184,85,1,2,2,825,6000
0,69,23,183,77,1,2,2,2000,5000
0,63,22,175,68,1,3,2,1000,5000
0,62,22,176,74,1,3,2,900,500
0,59,21,171,64,1,4,2,550,1000
0,63,19,181,70,1,3,2,1000,500
0,65,21,179,77,1,3,2,1600,5000
0,58,18,171,67,1,3,2,475,600
0,59,21,175,70,1,3,3,500,1000
0,60,20,176,75,1,3,3,550,500
0,63,25,185,78,1,3,2,650,2000
0,70,29,188,83,1,3,2,0.0,0
0,62,27,180,73,1,2,3,425,1000
0,63,22,176,65,1,3,2,1000,1000
0,72,24,173,66,1,5,4,3000,56000
0,65,24,183,75,1,3,2,1000,1000
0,62,20,184,71,1,3,2,875,1000
0,71,21,171,63,1,4,4,4200,500
0,63,21,181,77,1,3,3,1000,500
0,63,22,176,73,1,3,2,925,2000
0,64,26,183,73,1,4,3,700,3000
0,60,19,170,68,1,3,3,525,500
0,63,22,186,82,1,3,2,925,1000
0,62,19,174,73,1,3,2,900,1000
0,63,32,173,70,1,2,2,100,3000
0,62,18,186,77,1,3,3,925,850
0,63,24,186,83,1,3,2,700,1000
0,71,23,190,88,1,3,3,3800,27000
0,62,21,173,58,1,2,2,850,550
0,63,20,179,72,1,2,2,1100,3000
0,64,24,184,74,1,3,2,1100,2000
0,61,17,177,69,1,4,3,825,1000
0,70,19,185,78,1,3,2,3200,3000
0,66,21,193,85,1,3,3,1900,4000
0,63,24,166,61,1,3,3,725,900
0,66,27,184,77,1,3,2,875,5000
0,65,20,179,71,1,3,2,1700,4000
0,70,30,186,85,2,3,3,1600,4000
0,60,18,166,60,1,3,2,300,900
0,66,27,183,70,1,3,3,925,4000
0,70,26,194,91,1,3,3,2000,3000
0,64,19,188,78,1,3,2,1400,4000
0,64,17,174,65,1,3,3,1500,2000
0,63,19,183,70,1,3,3,1100,2000
0,66,19,179,67,1,3,3,2000,13000
0,62,33,180,71,1,3,2,250,1000
0,60,22,187,77,1,3,2,550,1000
0,60,22,167,69,1,3,3,550,2000
0,66,21,172,68,1,3,2,1800,3000
0,62,21,180,75,1,3,2,900,2000
0,66,22,179,75,1,2,2,1800,4000
0,60,21,180,70,1,3,2,550,550
0,65,28,168,66,1,2,2,650,500
0,68,30,178,83,1,4,3,1200,500
0,67,22,184,70,1,2,2,2200,12000
0,71,30,186,80,1,2,2,1500,3000
0,64,32,185,78,1,3,2,400,1000
0,60,21,180,70,1,3,2,525,1000
0,64,25,175,71,1,3,3,0.0,0
0,62,24,183,73,1,3,2,525,1000
0,71,28,192,82,1,3,2,1900,6000
0,66,25,187,77,1,4,3,1000,3000
0,65,17,172,64,1,3,2,1600,1000
0,73,25,183,79,1,2,2,3800,25000
0,61,21,183,75,1,3,2,725,1000
0,75,24,191,84,1,3,2,7000,18000
0,61,20,178,66,1,3,3,675,500
0,61,20,170,70,1,2,3,725,2000
0,60,19,185,70,1,5,2,525,1000
0,59,21,186,81,1,3,3,550,2000
0,76,34,190,83,2,3,2,2400,21000
0,67,25,169,65,1,3,3,1100,8000
0,59,20,180,72,1,3,2,550,600
0,61,31,188,76,1,3,2,220,500
0,60,20,166,64,1,3,2,600,5000
0,59,19,182,75,1,3,3,500,500
0,64,21,182,76,1,3,2,875,500
0,60,24,170,73,1,3,2,375,1000
0,61,19,180,71,1,3,2,775,1000
0,62,22,179,72,1,3,2,850,2000
0,76,30,190,77,2,4,2,6000,27000
2,61,23,182,77,1,3,2,425,750
0,58,23,180,76,1,3,2,400,500
0,62,30,198,92,1,3,2,325,4000
0,72,25,192,84,1,3,2,2900,900
0,63,28,170,63,1,4,2,475,500
0,66,21,182,74,1,3,2,2000,3000
0,65,18,185,80,1,3,3,1700,4000
0,63,30,175,77,1,2,2,425,500
0,62,32,182,80,1,4,3,170,3000
0,65,25,179,71,1,3,2,575,5000
0,64,24,178,75,1,3,3,775,700
0,62,21,188,78,1,3,3,900,850
0,60,17,186,80,1,3,2,600,500
0,64,16,175,70,1,5,3,1600,800
0,65,22,177,74,1,2,2,1400,2000
0,63,26,182,84,1,4,3,400,3000
0,71,23,188,80,1,2,2,2300,6000
0,64,26,177,72,1,4,4,650,500
0,63,20,175,77,1,3,2,1100,8000
0,64,23,171,72,1,2,2,1200,2000
0,67,22,179,72,1,4,3,1600,3000
0,65,21,175,65,1,3,3,1800,5000
0,67,23,186,82,1,2,3,2300,4000
0,64,22,180,72,1,3,2,1300,5000
0,65,21,169,65,1,3,3,1600,500
0,62,22,180,72,1,3,3,850,500
0,65,23,177,75,1,3,3,1600,10000
0,60,24,175,68,1,4,2,325,1000
0,62,27,178,68,1,3,2,425,1000
0,67,29,178,71,1,2,2,900,500
0,67,20,177,71,1,3,3,2300,5000
0,66,27,185,78,1,3,2,925,3000
0,63,22,182,68,1,3,3,1100,5000
0,62,32,182,85,1,2,3,325,500
0,72,30,185,80,1,2,2,1900,800
0,63,21,175,72,1,3,2,925,500
0,60,17,169,67,1,3,3,625,500
0,66,20,183,73,1,3,3,2100,12000
0,60,20,181,72,1,2,2,550,750
0,65,24,184,85,1,3,3,1000,500
0,73,22,188,78,1,3,2,6500,17000
0,59,22,178,70,1,3,2,500,1000
0,74,21,192,89,1,2,2,9000,8000
0,58,20,172,68,1,3,2,450,500
0,65,21,180,75,1,3,3,1600,2000
0,65,25,180,73,1,4,3,950,4000
2,65,39,170,73,2,4,3,240,2000
0,63,23,170,64,1,2,3,750,2000
0,71,24,182,78,1,3,2,2600,21000
0,63,25,192,82,1,3,2,725,4000
0,65,21,170,67,1,2,2,1100,500
0,70,25,180,75,1,3,3,2200,550
0,58,21,187,82,1,3,2,450,1000
0,71,25,192,86,1,3,2,3400,13000
0,70,29,185,84,1,3,2,1300,10000
0,70,32,185,80,1,3,2,1100,14000
0,59,18,175,72,1,3,3,525,500
0,64,29,176,72,1,3,3,575,500
0,66,21,171,67,1,2,2,1800,500
0,61,20,182,69,1,2,2,725,500
0,59,19,180,72,1,3,2,525,1000
0,62,26,168,65,1,3,3,475,4000
0,70,21,178,73,1,2,2,3400,15000
0,66,29,180,73,1,3,2,750,4000
0,58,19,177,62,1,3,3,475,500
0,60,19,180,79,1,2,3,550,650
0,67,21,188,83,1,3,3,2300,3000
0,61,21,178,74,1,2,2,700,500
0,62,21,170,66,1,3,2,775,3000
0,60,27,178,77,1,3,2,275,2000
0,59,19,177,67,1,3,2,575,7000
0,63,22,187,76,1,2,2,1100,4000
0,61,34,182,76,1,3,2,110,500
0,64,25,190,80,1,3,2,875,500
0,63,26,185,78,1,3,2,550,2000
0,68,22,180,71,1,3,2,2600,3000
0,59,21,166,70,1,3,2,500,2000
0,58,18,165,65,1,3,2,525,500
0,63,21,184,72,1,2,2,900,500
0,62,20,178,76,1,4,2,1000,10000
0,58,19,186,70,1,3,2,525,6000
0,64,26,186,85,1,3,3,700,1000
0,59,21,173,63,1,3,2,500,2000
0,58,16,181,66,1,3,2,500,500
2,58,18,186,70,1,3,2,450,500
0,65,19,181,73,1,3,3,1700,3000
0,60,20,175,68,1,2,2,550,3000
0,63,20,164,63,1,3,3,1100,2000
0,65,24,177,76,1,3,2,1000,500
0,64,22,195,79,1,3,2,1200,4000
0,60,19,192,87,1,3,3,600,500
0,65,30,181,73,1,3,2,700,500
0,63,21,179,71,1,3,3,1100,1000
0,68,22,185,89,1,3,2,2500,3000
0,63,24,175,74,1,3,3,650,2000
0,66,27,188,75,1,3,2,875,6000
0,67,33,185,85,1,2,2,475,6000
0,69,35,183,83,2,3,2,80,7000
2,65,28,187,79,1,4,3,725,4000
0,62,26,181,81,1,3,2,450,2000
0,67,26,183,75,1,5,3,0.0,0
0,56,17,175,70,1,3,3,375,500
0,67,25,175,72,1,5,3,1500,4000
0,68,23,183,81,1,3,2,2400,10000
0,63,23,177,73,1,3,3,975,1000
0,61,17,180,73,1,3,2,775,500
0,65,20,183,77,1,2,2,1500,2000
0,62,22,175,67,1,3,2,850,2000
0,63,25,174,72,1,3,2,625,500
0,65,23,172,63,1,3,3,1400,5000
0,69,22,183,71,1,3,3,3200,20000
0,63,26,181,80,1,3,2,525,4000
0,62,22,174,66,1,3,2,600,1000
0,63,22,180,70,1,3,2,1000,8000
0,59,22,179,78,1,2,2,425,2000
0,66,25,185,74,1,3,3,1300,2000
0,64,25,170,75,1,2,3,700,2000
0,63,19,187,80,1,2,2,1100,2000
0,65,20,170,69,1,2,3,1700,4000
0,59,17,171,70,1,3,2,550,500
0,57,20,175,70,1,3,2,230,500
0,63,24,174,67,1,3,3,0.0,0
0,62,19,173,73,1,3,2,900,4000
0,68,23,194,90,1,3,3,2400,500
0,62,20,185,72,1,3,3,950,5000
0,60,19,186,69,1,3,2,575,1000
0,64,26,180,74,1,3,3,650,3000
0,64,22,177,69,1,3,3,1300,3000
0,59,20,173,65,1,3,2,550,850
0,63,22,189,83,1,3,2,925,4000
0,70,24,192,80,1,2,3,2200,26000
0,68,22,187,75,1,2,2,2600,2000
0,67,22,188,78,1,3,2,2400,17000
0,62,21,185,82,1,3,3,900,800
0,58,19,180,74,1,3,2,475,700
0,58,19,183,78,1,3,2,475,3000
0,59,18,175,60,1,3,2,575,500
0,63,25,185,78,1,3,3,650,500
0,64,20,168,61,1,3,3,1300,2000
0,63,22,169,69,1,3,2,775,500
0,62,20,179,73,1,3,3,950,1000
0,64,25,189,80,1,3,2,725,2000
2,60,25,177,73,1,3,2,325,900
0,63,19,168,55,1,3,3,1100,5000
0,68,29,185,86,1,4,2,1000,8000
0,65,25,173,75,1,3,3,925,500
2,69,27,186,72,1,3,2,1400,6000
0,62,18,188,80,1,3,2,1000,2000
0,62,19,185,75,1,3,2,900,2000
0,60,22,172,73,1,2,2,525,700
0,64,18,187,75,1,3,3,1500,4000
0,65,26,176,68,1,4,3,850,500
0,61,18,182,75,1,5,2,825,800
1,64,20,168,69,1,3,3,1400,1000
0,63,19,175,65,1,3,2,1100,4000
0,69,27,188,77,1,3,3,1600,22000
0,62,21,186,75,1,3,2,825,2000
0,63,28,182,80,1,4,2,475,700
0,62,25,178,75,1,3,3,575,800
0,62,28,180,78,1,4,3,400,500
0,64,25,176,80,1,2,2,750,3000
0,64,20,171,68,1,3,3,1300,3000
0,59,20,180,69,1,3,3,500,500
0,62,21,177,66,1,3,2,900,1000
0,67,21,174,72,1,3,2,1500,3000
0,63,24,178,75,1,3,2,900,1000
0,60,21,178,72,1,3,2,525,3000
0,62,20,175,68,1,3,3,875,500
0,64,22,183,70,1,3,2,1200,500
0,60,19,165,62,1,3,2,525,500
0,62,21,177,77,1,2,2,850,500
1,55,29,177,74,1,3,2,120,2000
0,61,23,179,71,1,2,3,500,500
0,63,19,183,75,1,3,2,1100,800
0,69,25,181,76,1,3,2,1900,4000
0,59,21,181,76,1,3,2,475,500
0,62,20,176,71,1,3,2,825,5000
0,67,24,176,69,1,3,3,1400,500
0,81,33,190,88,3,3,2,7500,80000
0,67,25,190,79,1,3,2,1300,2000
0,63,21,175,69,1,4,3,1200,2000
0,63,20,176,70,1,3,3,1100,1000
0,64,18,188,78,1,5,3,1500,2000
1,57,22,170,65,1,3,2,90,3000
0,62,21,168,56,1,3,3,800,2000
0,68,24,189,82,1,3,2,1800,5000
0,60,18,184,74,1,3,2,550,500
0,62,29,178,66,1,3,3,400,4000
0,62,19,185,75,1,3,2,900,2000
0,70,31,172,65,1,2,2,1100,500
0,61,18,164,62,1,3,2,750,800
0,74,27,189,79,1,3,2,3900,1000
0,66,21,170,64,1,3,3,1900,3000
0,60,20,169,69,1,2,2,600,500
0,54,19,182,78,1,3,2,160,1000
0,62,20,175,73,1,2,3,875,1000
0,61,19,180,75,1,3,3,700,850
0,67,22,182,75,1,3,2,2200,6000
0,59,20,178,77,1,3,2,325,6000
0,56,19,176,70,1,3,2,350,2000
0,63,25,179,63,1,3,4,575,500
0,68,20,185,72,1,3,3,2700,14000
2,57,24,174,75,1,3,2,230,2000
0,64,26,187,80,1,3,2,525,500
0,74,28,185,78,1,2,2,0.0,0
0,58,22,177,72,1,3,2,300,500
0,58,20,180,78,1,2,3,500,3000
0,62,28,180,80,1,3,2,350,2000
0,61,19,173,75,1,3,2,700,4000
0,64,21,181,78,1,3,2,900,2000
0,61,21,179,71,1,3,2,700,1000
0,62,28,171,69,1,2,3,350,800
0,62,19,181,76,1,3,2,900,1000
0,67,19,179,77,1,3,3,2400,2000
0,60,21,189,83,1,3,2,500,500
0,71,27,188,90,1,3,2,2200,6000
0,61,23,185,73,1,3,2,725,1000
0,61,21,185,76,1,3,2,725,2000
0,65,29,178,77,1,3,2,600,500
0,60,20,170,67,1,3,2,550,1000
0,67,25,168,65,1,3,3,1300,9000
1,57,21,190,80,1,3,2,325,1000
0,65,23,184,78,1,3,2,1000,2000
0,64,19,175,70,1,3,3,1400,2000
0,66,22,178,78,1,3,3,1900,2000
0,60,20,171,66,1,3,2,600,3000
0,64,19,171,64,1,3,3,1400,1000
0,60,18,180,69,1,3,2,575,500
0,66,22,178,77,1,3,2,1900,5000
0,61,21,170,66,1,2,2,800,1000
0,65,25,180,80,1,3,3,950,5000
0,64,19,173,69,1,4,4,1500,2000
0,59,24,178,66,1,3,2,325,550
0,63,23,173,66,1,3,2,725,3000
0,60,19,179,71,1,3,2,600,500
0,59,20,178,71,1,3,2,475,550
2,62,23,172,62,1,3,2,625,1000
0,63,25,182,74,1,2,2,625,750
0,68,19,190,88,1,2,2,1900,500
0,57,18,175,69,1,3,3,375,500
0,60,18,175,72,1,3,2,575,550
0,65,19,175,72,1,2,2,1700,500
0,64,21,175,69,1,3,3,950,900
0,57,21,180,75,1,2,2,375,2000
0,60,20,186,75,1,2,2,550,3000
0,64,20,179,66,1,3,2,1300,2000
0,55,17,189,88,1,3,2,350,500
0,64,21,178,74,1,4,3,1300,2000
0,68,22,187,76,1,4,3,2500,25000
0,61,21,182,78,1,3,2,725,700
0,63,19,177,65,1,4,2,1100,4000
0,60,20,177,73,1,2,2,625,2000
0,61,20,182,74,1,3,2,675,850
0,57,18,182,70,1,3,2,350,2000
0,64,20,172,65,1,3,2,1300,500
0,72,19,193,77,1,3,2,4700,500
0,62,19,175,65,1,3,3,950,1000
0,59,19,175,70,1,2,2,450,500
0,64,25,179,76,1,3,2,700,500
0,67,23,174,70,1,2,2,1500,7000
0,63,23,175,70,1,2,2,975,1000
0,62,23,169,66,1,4,2,550,2000
0,63,22,175,70,1,4,3,975,5000
0,66,26,183,78,1,2,2,1100,6000
0,62,21,186,75,1,3,2,825,2000
0,66,22,177,72,1,3,3,1900,6000
0,67,31,175,72,1,3,2,750,500
0,57,22,170,70,1,3,2,250,500
0,60,20,180,75,1,3,2,550,1000
0,67,25,189,85,1,3,3,1400,500
0,65,22,178,74,1,2,2,1100,9000
0,60,20,181,72,1,2,2,600,3000
0,63,27,170,71,1,4,3,500,4000
0,71,33,185,78,1,3,2,900,8000
0,63,19,173,61,1,3,2,1100,2000
0,63,21,191,91,1,3,2,1000,3000
0,58,22,188,79,1,3,2,425,2000
0,62,29,179,76,1,2,2,350,500
2,64,23,161,59,1,4,3,800,2000
0,64,19,170,63,1,3,3,1400,1000
0,61,21,172,70,1,2,3,800,3000
0,65,25,179,72,1,3,3,1100,2000
0,61,20,178,70,1,3,3,800,1000
0,62,20,173,69,1,3,3,975,500
0,61,39,180,80,1,3,2,60,500
0,61,22,173,69,1,3,2,700,1000
0,59,20,181,74,1,3,2,500,1000
0,64,28,180,78,1,4,2,475,3000
2,61,20,178,72,1,4,3,725,2000
0,63,27,182,78,1,3,2,500,1000
0,58,19,178,66,1,3,2,475,2000
0,64,29,185,81,1,3,3,575,500
0,58,19,183,71,1,3,2,475,2000
0,64,17,171,59,1,4,4,1500,500
0,59,21,176,74,1,3,2,550,1000
0,61,19,178,80,1,3,3,725,500
0,66,33,178,79,1,2,2,450,500
2,70,24,190,80,1,3,2,2200,8000
0,62,21,173,70,1,3,4,900,1000
0,64,27,176,70,1,3,2,625,1000
0,68,31,186,77,1,3,2,825,6000
0,64,27,175,68,1,3,3,625,650
0,66,19,183,76,1,3,3,2000,9000
0,61,23,179,74,1,3,2,725,4000
0,60,29,182,80,1,3,2,210,500
0,71,27,185,77,1,3,2,0.0,0
0,65,24,176,75,1,3,3,1100,4000
0,66,22,193,86,1,3,3,1900,3000
0,64,24,180,66,1,3,2,800,2000
0,65,22,175,70,1,3,3,1100,3000
0,60,27,180,70,1,3,3,250,700
0,66,22,175,60,1,3,3,1800,2000
0,65,24,173,64,1,4,2,1100,3000
0,64,21,186,80,1,4,2,1200,2000
0,62,27,184,79,1,3,2,425,550
0,62,17,176,66,1,3,3,1200,750
0,62,26,184,84,1,3,3,525,900
0,61,21,170,68,1,3,3,725,1000
0,60,19,180,73,1,3,3,600,5000
1,57,25,172,68,1,2,2,100,2000
0,64,20,186,70,1,3,2,1300,6000
0,58,20,184,74,1,3,2,450,550
0,64,19,175,70,1,3,2,1400,4000
0,68,23,171,75,1,3,2,1800,500
0,62,21,175,67,1,4,2,850,2000
0,61,19,167,62,1,2,2,775,2000
0,65,24,181,71,1,3,2,950,2000
0,62,18,170,71,1,3,3,925,500
0,61,22,184,80,1,3,3,675,850
0,67,24,177,72,1,4,3,1400,3000
0,63,28,184,74,1,3,2,425,2000
0,62,21,178,64,1,3,4,975,6000
0,60,19,178,78,1,3,2,525,500
1,72,33,190,87,2,3,2,0.0,0
0,63,32,173,73,1,3,2,375,500
0,61,22,188,83,1,4,2,750,2000
0,67,23,176,70,1,3,3,2300,2000
0,67,25,178,78,1,4,3,1300,500
0,70,32,198,94,1,3,2,1300,16000
0,64,26,184,75,1,3,2,775,2000
0,69,22,186,82,1,3,3,3200,5000
0,56,21,169,65,1,3,2,230,500
0,60,20,174,66,1,3,3,600,1000
0,74,30,193,76,1,3,2,3500,45000
0,59,21,183,73,1,2,2,500,650
0,68,26,180,73,1,2,2,1500,500
0,63,18,172,70,1,3,2,1200,2000
0,61,22,171,65,1,3,3,750,2000
0,72,26,188,76,1,3,2,2700,4000
2,66,20,167,67,1,3,3,600,4000
0,64,21,181,78,1,2,2,1400,2000
0,65,23,185,79,1,3,2,1000,2000
0,64,28,192,80,1,3,4,600,2000
0,64,21,183,75,1,3,2,1300,2000
0,64,26,180,67,1,4,3,700,3000
0,64,27,193,83,1,3,2,625,2000
0,66,22,175,84,1,3,2,1900,500
0,73,24,191,72,1,3,2,4400,18000
0,58,19,183,79,1,3,3,450,500
0,65,22,189,80,1,3,3,1500,4000
0,67,22,173,70,1,2,3,2300,14000
2,62,19,174,74,1,3,2,825,1000
0,66,25,181,83,1,2,2,1100,500
0,62,22,187,75,1,3,2,900,2000
0,61,21,176,61,1,3,2,775,3000
0,62,21,178,75,1,2,2,900,3000
0,61,19,190,79,1,3,3,850,2000
0,59,18,172,70,1,3,3,575,1000
0,58,21,178,76,1,3,2,425,2000
0,66,24,188,70,1,3,2,1800,4000
0,61,21,170,60,1,3,3,500,500
0,67,23,175,67,1,3,3,2300,3000
0,64,22,170,68,1,3,2,1200,3000
0,58,26,185,76,1,3,2,275,3000
0,73,32,193,85,1,2,2,2000,5000
0,64,25,173,73,1,2,3,800,500
0,62,21,172,68,1,2,2,850,1000
0,58,17,171,69,1,4,3,475,500
0,68,22,186,76,1,3,2,2500,3000
0,66,29,181,73,1,2,2,725,500
0,68,20,175,70,1,3,3,2700,8000
0,64,20,184,70,1,3,2,1300,6000
0,61,18,184,72,1,3,2,725,2000
0,63,23,178,66,1,3,3,775,6000
0,61,20,174,76,1,3,2,850,500
0,60,22,183,77,1,2,2,400,2000
0,58,20,174,69,1,3,3,450,500
0,60,31,176,73,1,2,3,200,2000
0,61,22,178,69,1,4,2,725,2000
0,64,22,175,71,1,2,3,1200,3000
0,63,25,170,67,1,4,3,625,500
0,70,24,178,73,1,2,3,2500,8000
0,67,23,172,65,1,2,2,1500,2000
0,61,18,165,62,1,3,3,725,500
0,68,23,180,66,1,3,3,2400,4000
0,74,23,187,71,1,2,2,6000,18000
0,61,26,173,70,1,3,2,350,1000
0,65,25,182,71,1,2,2,825,500
0,61,26,178,70,1,3,2,375,800
0,58,20,175,64,1,3,2,425,1000
0,64,35,181,80,1,3,2,150,500
0,59,26,180,70,1,3,2,150,2000
0,60,18,180,80,1,3,3,550,500
0,71,23,188,74,1,3,2,3500,17000
0,64,18,163,65,1,3,3,1500,5000
0,65,23,168,61,1,1,2,0.0,0
0,62,19,180,77,1,3,2,950,550
0,63,28,178,78,1,3,2,475,1000
0,60,21,176,70,1,3,3,550,1000
0,59,18,174,64,1,3,2,525,800
0,67,22,174,75,1,2,2,2200,5000
0,75,28,187,80,2,3,2,4800,47000
0,66,23,173,60,1,5,4,1900,3000
0,59,18,189,80,1,3,2,575,2000
0,64,21,180,75,1,4,2,1400,2000
0,60,28,172,74,1,3,2,250,900
0,59,17,175,65,1,2,2,500,500
0,65,21,181,73,1,2,2,1500,500
0,63,24,181,73,1,3,2,650,550
0,63,18,176,73,1,3,2,1100,500
0,62,22,190,72,1,3,2,850,1000
0,67,28,183,75,1,3,2,1000,6000
0,61,21,189,82,1,3,2,725,2000
0,60,21,184,77,1,3,3,350,1000
0,72,31,186,72,1,3,2,1600,8000
0,60,19,171,70,1,3,3,525,500
0,63,21,182,68,1,3,2,1100,2000
0,62,24,182,77,1,3,2,525,500
0,71,22,182,75,1,3,3,3800,650
1,65,29,183,80,1,2,2,600,5000
0,65,24,178,73,1,2,2,1400,500
0,61,22,196,86,1,3,2,700,1000
0,75,22,191,78,1,3,2,10500,39000
0,69,26,188,78,1,2,3,1800,21000
0,61,21,178,70,1,3,2,725,2000
0,63,21,173,68,1,3,3,1200,1000
0,65,23,173,66,1,3,3,1600,2000
0,61,30,181,72,1,3,3,275,850
0,65,19,185,79,1,4,2,1500,500
0,63,28,179,71,1,3,2,475,2000
0,68,22,189,83,1,3,3,2700,9000
0,67,22,182,81,1,3,2,2300,7000
0,61,21,181,78,1,4,4,750,3000
0,68,22,173,68,1,3,2,1800,6000
0,61,23,184,76,1,3,3,475,2000
0,63,30,179,70,1,3,2,475,1000
0,71,25,187,88,1,2,2,2600,11000
0,64,20,186,72,1,4,3,1400,500
0,58,17,176,65,1,3,3,475,500
0,59,23,177,77,1,3,2,425,700
0,63,19,175,73,1,2,3,1100,2000
0,58,21,175,65,1,3,2,500,2000
0,62,29,185,78,1,3,2,400,550
0,63,21,182,75,1,3,2,1100,2000
0,64,18,163,59,1,3,3,1500,4000
0,59,18,170,69,1,3,3,525,500
0,70,32,185,76,1,2,2,1000,7000
0,64,25,176,75,1,2,2,500,500
0,65,20,175,63,1,3,3,1700,8000
1,62,21,180,73,1,3,2,975,1000
0,68,25,185,86,1,3,2,1700,5000
0,65,25,165,65,1,3,3,950,500
0,60,20,183,70,1,3,2,525,2000
0,62,23,180,75,1,3,2,750,2000
0,65,23,182,66,1,3,2,1000,2000
0,74,23,188,83,1,3,2,8500,9000
0,58,19,186,73,1,3,2,525,4000
1,63,22,178,75,1,3,2,625,2000
0,65,17,192,82,1,3,2,1700,500
0,60,20,186,82,1,3,2,550,2000
0,58,20,190,85,1,3,2,500,6000
0,59,18,179,64,1,3,3,625,6000
0,64,22,175,66,1,3,2,950,2000
0,60,20,175,72,1,3,2,500,500
0,60,20,180,70,1,3,3,600,1000
0,66,21,173,69,1,5,4,1900,2000
0,64,32,176,77,1,2,2,400,500
0,60,22,169,65,1,3,3,350,1000
0,64,22,180,73,1,3,2,1300,2000
0,64,26,183,72,1,2,2,700,2000
0,59,25,182,72,1,3,2,325,5000
0,61,20,185,79,1,3,2,725,1000
0,58,21,177,72,1,3,2,425,1000
0,66,28,178,70,1,3,2,850,500
0,60,18,172,64,1,2,2,575,2000
0,62,20,180,70,1,3,2,925,3000
0,58,19,164,69,1,3,3,475,500
0,65,23,180,79,1,3,2,1000,2000
0,68,18,175,69,1,3,2,2700,11000
0,62,22,181,74,1,3,3,900,1000
0,58,19,181,75,1,4,3,475,1000
0,55,22,179,72,1,3,2,275,500
0,64,23,184,82,1,3,2,1200,500
0,63,19,174,63,1,3,2,1200,1000
0,62,23,176,73,1,3,3,600,1000
0,63,18,190,76,1,3,2,1200,2000
0,62,24,173,68,1,3,2,550,2000
0,67,22,180,81,1,3,2,2100,8000
0,63,18,187,74,1,3,2,1100,600
0,65,20,175,67,1,4,2,1700,2000
0,67,23,177,70,1,3,3,2300,3000
0,63,18,185,75,1,2,3,1200,3000
0,59,20,168,71,1,2,2,500,500
0,63,24,180,76,1,3,2,725,1000
1,58,21,189,75,1,5,3,450,650
0,66,22,178,75,1,3,3,1900,3000
0,58,20,183,75,1,3,2,425,500
0,60,22,181,72,1,3,3,550,1000
0,61,20,178,72,1,3,2,675,950
0,59,20,176,71,1,3,2,500,3000
0,64,35,175,72,1,2,2,160,500
0,64,31,178,79,1,4,2,475,2000
0,74,26,191,87,1,3,2,5000,21000
2,65,23,178,69,1,3,2,1000,2000
0,71,25,196,98,1,3,2,2400,16000
0,66,22,188,76,1,3,2,1900,500
0,66,23,177,68,1,3,4,1300,500
0,62,20,180,71,1,2,2,750,500
0,68,20,185,79,1,3,2,2700,14000
0,61,19,175,70,1,3,2,700,3000
0,67,23,190,83,1,4,2,1600,6000
0,62,20,176,69,1,3,2,950,1000
0,62,19,176,64,1,2,3,900,6000
0,67,25,186,84,1,3,2,1300,4000
0,62,21,166,67,1,3,2,850,2000
0,58,20,175,68,1,3,2,450,6000
0,62,19,174,70,1,3,2,900,4000
0,59,20,173,72,1,3,2,500,600
0,63,20,170,65,1,3,3,1000,500
0,58,21,170,64,1,3,2,500,3000
0,69,26,185,86,1,2,3,1500,6000
0,61,18,182,69,1,3,3,700,500
0,68,22,174,76,1,2,3,2700,5000
0,57,22,184,72,1,2,2,240,500
0,59,22,180,73,1,2,2,500,2000
0,60,22,172,64,1,2,2,475,650
0,64,18,190,78,1,3,2,1300,650
0,61,22,180,75,1,4,2,525,1000
0,59,24,178,73,1,3,3,475,2000
0,56,18,176,62,1,2,2,325,4000
0,59,21,178,69,1,3,2,500,6000
0,64,22,182,71,1,3,3,1300,2000
0,58,22,180,75,1,3,2,325,1000
0,60,21,178,70,1,3,2,375,1000
0,61,18,178,68,1,3,3,800,3000
0,65,21,173,75,1,3,3,1800,9000
0,63,20,180,70,1,3,2,1100,1000
0,65,26,178,70,1,3,2,850,3000
0,63,27,194,84,1,3,2,550,650
0,63,25,182,74,1,3,2,625,1000
0,66,22,187,71,1,3,3,1400,3000
0,63,23,180,70,1,3,3,725,2000
0,65,21,167,65,1,3,3,1500,2000
0,64,26,185,70,1,3,3,675,2000
0,59,18,180,75,1,2,2,525,650
0,58,20,173,66,1,4,3,475,900
0,56,19,175,69,1,4,2,350,2000
0,67,26,183,83,1,3,2,1300,1000
0,61,20,183,76,1,4,2,725,700
0,67,27,191,88,1,4,2,1200,11000
0,64,27,178,70,1,5,3,625,2000
0,72,25,187,83,1,3,2,4300,30000
0,60,20,169,67,1,3,2,550,500
0,61,18,175,69,1,3,2,825,500
0,59,20,180,70,1,3,2,500,6000
0,60,18,182,63,1,3,2,600,4000
0,65,19,178,69,1,2,2,1600,500
0,63,20,184,74,1,3,3,1100,500
0,63,22,182,72,1,2,2,925,1000
0,65,23,185,80,1,3,2,1100,2000
0,63,21,172,64,1,3,2,1000,1000
0,60,21,174,68,1,3,2,550,500
0,59,22,174,68,1,4,3,450,2000
0,66,24,190,82,1,4,2,1200,2000
0,62,20,189,81,1,3,2,925,3000
0,58,19,180,66,1,3,2,575,8000
0,67,31,178,69,2,3,3,850,2000
0,64,28,177,78,1,3,2,575,500
0,63,26,190,82,1,2,2,550,1000
0,62,19,180,72,1,3,2,1000,10000
0,60,21,174,65,1,3,4,550,500
0,64,20,172,68,1,4,3,1500,2000
0,64,23,177,72,1,3,3,875,2000
0,65,21,191,78,1,3,3,1800,1000
0,61,21,173,77,1,3,2,700,2000
0,59,18,182,73,1,3,2,575,1000
0,62,23,160,57,1,3,3,875,2000
0,64,29,184,78,1,3,2,525,2000
0,65,29,164,69,1,2,2,625,2000
0,59,21,178,75,1,3,2,500,2000
0,62,18,175,63,1,3,2,925,550
0,60,22,171,65,1,3,3,525,2000
0,68,23,193,80,1,3,2,2200,5000
0,70,23,184,76,1,2,2,3300,500
0,59,21,185,73,1,3,2,500,2000
0,59,18,170,69,1,4,3,600,500
0,68,36,180,69,1,3,2,220,5000
0,57,19,177,68,1,3,2,325,500
0,65,21,177,72,1,2,2,1100,2000
0,59,17,178,66,1,4,2,500,500
0,62,32,187,88,1,2,2,325,2000
0,64,25,183,73,1,3,2,725,3000
0,62,21,180,72,1,3,2,850,2000
0,57,19,171,67,1,3,3,400,500
0,72,26,189,79,1,2,2,3100,17000
0,59,29,180,74,1,3,3,220,3000
0,60,28,188,80,1,3,2,240,850
0,64,18,181,76,1,3,2,1400,2000
0,67,22,172,71,1,3,3,0.0,0
0,64,25,185,80,1,2,2,725,500
0,61,27,180,75,1,2,2,350,1000
0,63,20,177,68,1,3,3,1100,2000
0,62,22,164,64,1,3,3,650,500
0,65,23,181,76,1,2,2,1500,3000
0,61,19,176,73,1,3,2,775,850
0,67,34,182,77,1,3,2,110,3000
0,57,20,179,73,1,2,2,250,500
0,59,21,182,71,1,3,2,500,2000
0,61,26,175,60,1,3,2,350,3000
0,65,19,173,67,1,3,3,1700,6000
0,69,23,188,85,1,3,3,3100,9000
2,62,19,180,70,1,4,3,950,1000
0,66,27,176,70,1,3,2,900,6000
0,56,20,172,67,1,4,3,275,500
1,60,21,173,68,1,3,3,600,850
0,65,19,178,67,1,3,3,1700,3000
0,62,27,176,73,1,3,2,450,750
1,59,22,176,71,1,3,2,300,850
1,67,22,193,85,1,4,2,2300,2000
0,61,24,178,70,1,2,2,525,2000
0,61,23,185,77,1,3,2,675,4000
0,63,19,179,69,1,4,4,1100,2000
0,66,23,190,82,1,3,2,1400,4000
0,65,25,176,72,1,3,3,1000,2000
0,61,19,174,62,1,3,3,775,550
0,64,19,182,76,1,3,3,1400,5000
0,64,21,183,77,1,3,2,875,2000
0,65,21,178,70,1,4,2,1600,3000
0,64,24,183,79,1,3,3,925,1000
0,61,21,184,79,1,2,3,725,500
0,64,21,168,67,1,2,3,1300,3000
0,66,20,181,72,1,3,3,1900,6000
0,62,25,180,81,1,4,3,525,1000
2,63,24,173,70,1,3,2,675,2000
0,63,21,184,72,1,2,2,1000,1000
1,62,23,188,85,1,3,2,750,850
0,66,29,187,82,1,4,2,850,4000
0,69,27,190,102,1,3,3,1500,500
0,70,22,186,76,1,2,2,3300,500
0,62,22,186,75,1,3,2,900,3000
2,61,35,180,70,1,3,2,90,600
0,68,33,191,90,1,2,2,775,4000
0,63,19,182,69,1,3,2,1000,4000
0,60,18,186,81,1,2,2,600,550
0,64,20,185,75,1,3,3,1400,2000
0,63,23,188,84,1,3,2,1000,900
0,60,19,187,72,1,3,2,575,800
0,69,24,186,80,1,3,2,2600,2000
0,60,23,185,79,1,4,2,350,1000
0,67,21,170,70,1,3,3,2500,5000
0,65,19,178,75,1,2,2,1700,500
0,63,23,175,66,1,2,2,925,500
0,62,21,186,76,1,2,2,850,1000
0,62,20,175,63,1,3,3,875,500
0,66,19,173,66,1,4,3,2000,5000
0,64,21,177,65,1,3,2,1300,3000
2,64,22,174,63,1,2,3,1300,1000
0,68,21,190,83,1,3,2,2500,14000
0,64,28,172,69,1,3,2,600,750
1,60,22,167,62,1,3,2,550,9000
0,61,18,171,77,1,2,2,725,650
0,68,23,185,82,1,2,2,2500,6000
0,65,22,175,73,1,4,2,1500,2000
0,63,22,189,79,1,2,2,725,500
0,68,19,182,77,1,3,3,2600,5000
0,57,18,180,73,1,3,3,450,3000
1,64,26,175,70,1,3,3,700,5000
0,63,26,179,75,1,3,2,550,1000
0,67,20,192,80,1,3,2,2300,7000
0,58,18,176,66,1,3,2,250,3000
0,63,21,194,85,1,3,2,1000,2000
0,70,25,187,72,1,2,2,2000,9000
0,65,25,175,69,1,3,4,850,500
1,66,23,180,80,1,4,3,1700,3000
0,62,23,175,73,1,2,2,600,12000
0,68,29,196,81,1,3,2,1100,500
0,64,18,174,65,1,5,4,1500,500
0,65,20,180,70,1,3,2,1500,3000
0,55,20,178,75,1,3,2,300,600
1,56,23,172,68,1,4,2,300,500
0,62,24,185,77,1,3,2,625,1000
0,63,17,180,70,1,4,3,1500,2000
0,63,21,172,70,1,4,4,1100,2000
0,62,20,175,75,1,4,2,925,3000
0,63,23,173,67,1,3,2,725,500
0,67,22,186,87,1,4,2,2100,2000
0,64,30,182,70,1,3,2,475,3000
0,67,25,174,65,1,3,2,1300,500
0,60,19,183,77,1,3,2,575,500
0,65,21,175,76,1,3,3,1800,2000
0,57,20,183,82,1,3,2,400,1000
0,63,22,178,74,1,4,2,1100,4000
0,75,32,193,86,2,2,2,3600,28000
0,65,29,177,73,1,5,3,0.0,0
0,65,20,190,80,1,3,2,1500,2000
1,60,21,177,68,1,3,2,525,500
0,56,19,165,64,1,3,2,350,2000
0,61,20,178,71,1,3,2,725,3000
0,66,23,185,77,1,3,2,1200,2000
0,59,19,184,80,1,3,2,550,2000
0,65,22,177,66,1,3,2,1000,5000
0,63,26,185,76,1,3,3,625,3000
0,59,21,173,69,1,3,3,500,500
0,62,18,170,64,1,3,3,1000,500
0,71,25,185,76,1,3,2,2200,7000
0,59,19,171,77,1,3,2,425,500
0,61,19,170,61,1,2,3,675,2000
0,70,22,182,78,1,3,2,2300,19000
2,63,27,181,78,1,3,2,550,1000
0,60,22,180,76,1,3,2,550,4000
0,62,29,168,79,1,3,2,400,500
0,59,18,178,68,1,3,3,250,650
0,61,19,191,81,1,3,2,800,2000
0,55,22,189,82,1,3,2,275,1000
0,66,23,185,78,1,4,3,1400,3000
0,58,18,183,75,1,3,2,400,500
0,63,19,180,75,1,3,2,1100,2000
0,60,21,186,72,1,3,2,575,1000
0,61,24,191,82,1,2,2,675,1000
0,69,34,180,73,1,3,2,450,2000
0,84,33,185,77,3,4,1,0.0,0
0,59,23,181,70,1,3,2,325,1000
0,57,20,186,78,1,3,2,400,2000
0,63,21,170,69,1,3,4,675,850
0,67,27,181,79,1,3,3,1100,3000
0,62,22,180,70,1,3,3,650,1000
0,63,21,170,72,1,3,2,1000,500
0,64,22,175,80,1,3,3,1300,500
0,61,21,174,71,1,3,3,700,500
0,62,22,174,60,1,3,2,900,500
1,68,21,183,77,1,3,3,2000,7000
2,58,20,180,68,1,3,2,500,1000
0,63,20,175,70,1,3,2,1100,2000
2,65,22,173,68,1,3,3,1500,3000
0,60,20,175,67,1,3,2,550,2000
0,64,34,174,70,1,3,3,275,500
0,61,20,176,67,1,3,2,725,1000
0,69,23,184,83,1,5,2,2600,6000
0,67,17,175,70,1,3,4,2800,2000
0,61,21,184,79,1,2,2,625,3000
0,64,34,186,86,1,3,2,200,2000
0,64,18,175,70,1,4,3,1400,700
0,63,26,173,74,1,3,3,525,500
0,65,20,183,77,1,3,3,1600,2000
0,64,21,168,67,1,3,2,875,1000
0,65,22,170,69,1,3,3,1500,3000
0,60,20,183,72,1,2,2,575,1000
0,66,21,176,76,1,4,3,1900,7000
1,60,18,181,73,1,3,2,550,650
0,61,20,183,78,1,3,3,775,1000
0,64,22,182,75,1,3,2,1300,2000
0,57,17,186,78,1,4,2,375,500
0,65,22,171,57,1,2,3,1500,2000
0,59,27,175,74,1,2,2,240,500
0,60,20,186,78,1,3,2,525,1000
0,64,24,185,81,1,3,2,1100,3000
0,65,19,169,66,1,4,3,1700,5000
0,58,20,176,70,1,3,2,200,3000
0,63,23,185,79,1,3,3,725,2000
0,67,23,172,70,1,3,2,2000,500
0,62,19,186,75,1,3,4,850,1000
0,60,17,175,70,1,2,2,0.0,0
0,57,20,178,76,1,2,2,400,7000
0,62,28,174,65,1,4,2,400,500
0,63,19,183,76,1,2,2,1200,5000
0,66,21,189,73,1,3,2,1800,6000
0,60,20,178,72,1,2,2,575,1000
0,65,19,183,72,1,3,2,1600,3000
0,62,22,182,70,1,3,2,900,3000
0,67,19,182,68,1,3,3,2200,500
0,67,26,183,80,1,3,2,1200,2000
1,56,21,179,78,1,3,2,325,1000
0,62,22,180,74,1,2,2,425,850
0,65,30,180,74,1,3,3,700,500
0,60,17,170,69,1,2,2,550,500
0,61,20,180,74,1,5,2,775,3000
0,65,21,188,80,1,3,2,1600,500
0,66,21,178,75,1,3,3,2100,3000
0,68,28,193,87,1,2,2,1200,8000
0,58,20,175,70,1,3,2,450,3000
0,65,20,183,75,1,4,4,1600,2000
0,62,28,191,75,1,4,3,400,4000
0,63,23,180,77,1,2,2,1100,2000
1,65,23,179,73,1,2,3,975,5000
0,64,20,181,70,1,4,2,1400,5000
0,64,23,176,70,1,3,3,875,1000
0,66,24,165,68,1,3,3,1300,1000
0,56,23,191,83,1,3,2,275,950
0,60,20,182,74,1,2,2,625,2000
0,62,24,183,78,1,3,3,550,500
0,62,23,180,75,1,3,2,600,2000
0,57,20,172,65,1,2,3,350,2000
0,60,22,175,70,1,4,3,500,2000
1,65,21,179,78,1,3,2,1700,2000
0,60,18,180,70,1,4,2,625,4000
0,62,21,180,75,1,3,2,450,2000
0,58,17,175,75,1,3,3,475,500
0,60,19,175,64,1,2,3,575,500
0,60,20,170,65,1,3,3,550,1000
0,63,18,189,74,1,3,2,1000,5000
0,61,25,180,72,1,2,2,425,500
0,63,24,174,68,1,3,2,725,2000
0,64,20,185,71,1,3,2,1200,1000
2,66,23,181,75,1,3,2,1200,2000
0,65,27,179,78,1,2,2,475,500
0,64,25,184,82,1,2,2,775,2000
0,64,28,189,78,1,2,2,600,3000
0,64,23,168,63,1,3,3,875,3000
0,74,24,193,97,1,3,2,5500,28000
0,71,23,184,80,1,3,2,3900,5000
0,65,20,171,68,1,3,2,1700,500
0,57,22,181,76,1,2,2,240,500
0,61,18,171,68,1,3,2,650,650
0,62,19,183,78,1,3,3,950,1000
0,64,27,173,74,1,4,3,625,2000
0,59,18,176,72,1,2,3,500,500
0,69,22,189,78,1,2,2,2600,6000
0,69,33,186,82,1,4,2,675,2000
0,59,18,179,75,1,3,2,550,500
0,66,25,174,69,1,3,4,1100,4000
0,58,21,179,71,1,3,2,500,750
0,61,19,184,72,1,3,2,725,1000
0,67,23,200,85,1,3,2,1400,5000
0,57,18,176,69,1,3,2,375,2000
0,62,22,181,72,1,3,3,900,2000
0,65,24,172,64,1,3,2,975,5000
0,62,21,188,75,1,3,2,850,2000
0,57,20,172,67,1,2,2,350,2000
0,61,19,175,67,1,3,2,675,500
0,67,32,197,85,1,4,3,825,6000
0,71,40,191,93,1,3,3,0.0,500
0,69,24,180,70,1,3,3,2000,4000
0,60,19,190,80,1,4,2,500,900
0,66,24,180,77,1,2,2,1200,2000
0,60,19,175,71,1,3,2,525,3000
0,66,26,181,73,1,2,3,1000,500
0,60,24,178,73,1,3,2,350,1000
0,61,24,184,75,1,3,2,475,2000
0,89,28,188,86,3,3,1,88000,210000
0,60,20,172,65,1,3,3,600,10000
0,62,18,165,56,1,2,3,925,3000
0,60,20,155,72,1,3,2,525,500
0,63,19,175,70,1,4,4,1100,3000
0,71,20,190,82,1,3,2,4200,16000
0,60,21,175,60,1,3,3,325,1000
0,66,25,179,71,1,3,3,950,2000
0,68,21,170,67,1,3,3,2600,6000
0,58,23,175,70,1,3,2,325,2000
0,63,18,174,70,1,4,2,1100,5000
0,63,19,170,67,1,3,3,1100,500
0,61,19,186,74,1,3,2,775,2000
0,59,21,187,81,1,3,2,500,1000
0,68,26,173,66,1,3,4,1400,6000
0,66,29,180,86,1,3,2,750,500
0,71,32,182,75,1,3,2,1200,13000
0,67,26,183,83,1,3,2,1300,11000
0,60,26,175,76,1,2,2,240,500
1,58,20,181,76,1,3,2,450,500
0,61,17,176,67,1,3,3,825,500
0,67,28,183,79,1,2,2,0.0,0
0,65,33,174,76,1,3,3,0.0,0
0,60,20,185,70,1,3,2,550,4000
0,58,23,182,70,1,3,2,300,3000
0,66,22,165,64,1,2,3,1900,3000
0,60,19,182,75,1,3,2,500,750
0,65,27,174,68,1,5,3,575,2000
0,54,18,180,67,1,3,2,275,3000
0,60,18,181,77,1,3,2,575,750
0,64,20,182,72,1,3,2,1300,3000
0,62,22,170,65,1,3,3,425,2000
0,66,27,180,77,1,3,2,825,500
0,64,18,180,74,1,3,3,1300,900
0,62,21,169,63,1,3,2,850,2000
0,62,30,170,67,1,2,2,325,2000
0,64,22,170,72,1,3,3,875,700
0,66,19,177,70,1,3,3,1800,2000
0,58,21,183,70,1,3,2,450,600
0,65,17,179,70,1,3,3,1700,500
0,69,21,194,84,1,3,2,2900,8000
0,58,22,179,71,1,2,2,300,500
0,68,21,191,80,1,3,2,2300,4000
0,67,20,184,83,1,4,3,2300,4000
0,60,19,187,77,1,3,2,550,1000
0,62,21,185,77,1,3,2,825,2000
0,65,19,180,71,1,3,2,1600,4000
0,59,20,185,76,1,2,2,300,1000
0,61,19,177,67,1,3,2,700,4000
0,63,20,178,66,1,3,3,1200,1000
0,56,20,180,74,1,3,2,300,6000
0,69,21,193,86,1,2,2,2900,6000
0,60,36,176,72,1,3,2,50,1000
0,66,23,181,76,1,3,3,1700,950
0,61,29,178,75,1,4,2,300,2000
0,63,29,172,68,1,3,2,425,2000
0,59,22,176,74,1,2,2,475,500
0,60,23,180,74,1,2,2,400,2000
0,61,19,179,70,1,3,2,825,6000
0,60,21,178,70,1,4,3,550,1000
0,60,19,172,60,1,3,3,450,500
0,64,23,180,73,1,4,2,925,3000
0,61,17,178,72,1,3,2,775,500
2,62,17,167,63,1,3,3,875,500
0,60,23,182,73,1,3,2,0.0,0
0,60,23,181,71,1,3,2,400,850
0,69,22,188,80,1,3,2,2900,11000
1,65,23,192,88,1,3,2,1300,2000
0,60,20,178,68,1,2,2,550,850
0,65,22,172,68,1,2,2,1500,6000
0,64,27,181,75,1,3,2,625,3000
0,70,20,177,73,1,3,4,3800,46000
0,63,20,170,63,1,3,3,1100,2000
0,63,25,172,60,1,3,2,575,1000
0,63,36,185,78,1,2,2,90,500
0,62,26,182,76,1,3,2,450,1000
0,78,36,202,106,3,3,1,0.0,0
0,79,25,186,81,1,2,2,22000,28000
0,64,21,177,69,1,3,3,725,3000
0,61,20,165,60,1,3,2,725,500
0,70,27,179,82,1,3,2,1900,13000
0,66,20,163,68,1,2,4,2100,5000
0,56,18,173,71,1,2,2,325,800
0,63,21,188,73,1,3,3,550,2000
0,64,20,182,76,1,2,2,1300,2000
0,64,20,191,75,1,3,2,1300,12000
0,72,20,189,80,1,3,2,4800,7000
0,64,23,174,68,1,3,3,1300,4000
0,59,22,187,78,1,3,2,475,2000
0,63,23,180,69,1,4,3,1100,1000
0,61,22,180,70,1,3,2,725,4000
0,65,22,172,70,1,3,4,1600,4000
0,67,29,188,88,1,2,2,850,3000
0,64,33,176,70,1,2,3,300,500
0,64,26,189,87,1,3,2,600,3000
0,65,31,190,90,1,3,2,500,500
0,60,20,178,70,1,2,3,600,1000
0,65,30,172,77,1,2,3,700,500
0,61,21,189,77,1,4,2,700,2000
0,69,25,175,72,1,3,3,1800,600
0,63,28,166,67,1,3,2,475,500
0,63,16,172,68,1,3,3,1300,500
0,59,20,180,70,1,2,2,325,500
0,64,19,178,72,1,3,2,1400,3000
0,65,26,180,83,1,2,2,800,500
0,67,22,180,77,1,3,3,1600,5000
0,73,29,185,81,1,3,2,2800,18000
0,70,30,192,86,2,3,2,700,6000
0,61,22,179,70,1,3,3,525,750
0,64,22,177,66,1,3,2,1300,2000
0,62,25,172,72,1,3,2,525,850
0,60,20,177,70,1,2,2,525,500
0,64,23,186,76,1,3,2,725,1000
0,64,25,186,86,1,3,2,725,500
0,64,31,182,76,1,3,3,500,500
0,66,22,190,83,1,3,3,1900,4000
0,60,20,169,66,1,2,2,575,500
0,64,22,182,75,1,3,2,1200,500
0,69,26,194,93,1,3,2,1700,5000
0,60,22,181,74,1,3,3,600,1000
0,64,20,177,70,1,3,2,1200,4000
0,61,25,179,73,1,2,3,400,3000
1,65,28,185,83,1,1,2,625,6000
0,66,22,190,79,1,3,2,1600,2000
0,62,20,180,75,1,3,2,925,7000
0,56,20,170,64,1,3,2,350,7000
1,59,20,179,69,1,4,3,600,1000
0,59,18,179,66,1,3,2,575,2000
0,67,25,172,69,1,2,3,1300,3000
0,62,19,176,70,1,3,2,975,6000
0,69,23,185,77,1,2,2,2900,6000
0,58,19,178,70,1,3,3,475,500
0,60,21,173,69,1,3,2,550,500
0,62,18,184,79,1,3,2,800,550
0,66,18,187,77,1,3,3,2000,2000
0,64,21,189,75,1,3,2,1100,3000
0,65,24,188,72,1,3,2,1000,2000
0,72,27,192,88,1,3,2,2500,14000
0,69,27,184,82,1,3,2,1400,500
0,62,26,176,79,1,3,3,475,500
0,64,24,178,63,1,3,3,850,2000
0,61,24,178,70,1,3,3,525,1000
2,64,18,171,68,1,2,4,1200,1000
2,61,20,170,63,1,3,3,725,700
0,63,20,175,66,1,2,2,1200,2000
0,65,35,182,82,1,3,2,190,2000
0,68,19,184,78,1,3,2,2600,3000
0,70,24,187,80,1,3,2,2200,6000
0,68,23,184,79,1,4,2,2700,5000
2,63,21,170,63,1,3,3,1100,2000
0,65,22,180,70,1,2,2,1500,3000
0,66,21,177,72,1,3,3,1900,500
0,66,29,188,76,1,3,2,800,2000
0,61,17,173,64,1,3,3,775,500
0,61,22,177,68,1,3,3,725,2000
0,64,23,186,81,1,3,3,925,1000
0,64,19,175,55,1,3,3,1400,4000
0,64,24,169,64,1,4,4,925,3000
0,64,25,184,83,1,1,2,750,500
0,61,24,174,65,1,2,2,525,500
0,73,29,196,89,1,3,2,2800,43000
0,60,20,175,70,1,3,3,600,500
0,62,20,172,68,1,3,2,825,500
0,67,24,187,90,1,3,3,1600,3000
0,62,19,186,80,1,3,2,900,3000
0,59,18,179,72,1,2,2,475,1000
0,64,23,178,66,1,4,3,1300,5000
0,59,19,175,72,1,3,3,525,500
0,62,19,185,73,1,2,3,950,8000
0,65,22,170,70,1,3,2,1400,2000
0,66,20,177,69,1,3,3,1900,2000
2,61,23,175,70,1,3,2,475,850
0,64,20,164,63,1,3,3,1400,3000
0,66,21,180,67,1,3,2,1800,2000
0,65,22,188,92,1,2,3,1100,1000
0,61,24,181,73,1,3,2,650,750
0,57,20,169,61,1,3,2,350,2000
0,73,22,191,89,1,3,2,6500,26000
0,66,22,178,88,1,3,3,1900,2000
0,66,20,188,75,1,2,2,1800,7000
0,65,26,168,62,1,3,2,775,500
0,60,19,175,66,1,3,2,575,850
0,62,20,180,68,1,3,2,825,2000
0,60,17,186,89,1,3,4,575,500
0,57,20,180,70,1,2,2,425,2000
0,62,30,186,78,1,2,3,400,2000
0,61,21,185,70,1,3,2,700,950
0,60,25,181,71,1,3,2,300,3000
0,57,26,176,71,1,3,2,190,2000
0,66,21,180,79,1,3,2,1800,2000
0,63,27,181,73,1,3,3,500,500
0,65,29,182,77,1,3,2,600,3000
0,63,23,177,73,1,3,2,700,500
0,65,32,189,83,2,3,2,475,4000
0,66,23,181,73,1,3,3,1900,7000
0,57,17,170,68,1,3,2,375,500
0,58,17,175,65,1,3,2,500,500
0,60,19,192,80,1,3,2,550,3000
0,61,18,173,64,1,3,2,825,4000
0,75,28,193,87,2,3,2,5500,60000
0,58,20,182,78,1,2,2,500,750
0,57,23,170,69,1,3,3,375,500
0,62,20,186,77,1,3,2,825,500
0,69,21,188,80,1,3,3,2900,15000
0,64,33,177,75,1,2,2,375,2000
0,60,21,191,72,1,3,2,475,1000
0,60,20,176,69,1,3,2,550,600
0,57,19,173,70,1,3,2,400,650
0,65,30,173,75,1,3,2,600,500
0,58,23,188,80,1,3,2,450,750
0,62,23,173,66,1,3,2,825,750
2,63,25,182,78,1,3,2,600,1000
0,60,19,177,74,1,3,2,550,2000
0,62,20,172,63,1,4,2,975,5000
0,65,24,183,83,1,3,3,1100,3000
0,64,20,173,60,1,4,3,1500,2000
0,75,30,192,88,2,2,2,4600,23000
0,60,20,178,72,1,3,2,550,1000
0,76,37,177,75,4,4,1,0.0,0
0,56,21,175,70,1,2,2,350,550
0,60,21,180,74,1,3,2,575,500
0,57,21,168,60,1,3,2,375,750
0,57,18,186,76,1,3,2,375,500
0,58,20,183,73,1,4,2,200,2000
0,58,21,173,66,1,4,2,425,2000
0,59,22,175,74,1,3,2,120,2000
0,56,19,184,74,1,2,2,210,4000
0,62,21,180,70,1,3,2,600,1000
0,61,20,177,70,1,3,3,725,2000
0,63,30,180,96,2,3,2,240,4000
0,58,21,182,74,1,3,2,300,500
0,56,18,178,72,1,5,2,350,500
0,63,22,180,71,1,3,3,1000,1000
0,61,21,180,74,1,3,2,725,1000
0,64,26,173,75,1,3,2,700,2000
0,66,18,185,79,1,2,2,2100,700
0,66,20,189,76,1,4,2,1900,2000
0,67,20,188,82,1,3,2,2100,500
0,63,21,181,74,1,3,3,1100,4000
0,60,21,171,70,1,2,2,500,650
0,61,19,175,75,1,3,3,725,500
0,64,22,190,80,1,3,2,875,5000
0,62,19,181,71,1,3,2,950,5000
0,61,29,167,67,1,4,3,325,3000
0,65,20,182,82,1,3,2,1700,3000
0,61,22,183,75,1,3,2,750,1000
0,60,20,180,69,1,3,3,550,500
0,60,21,186,73,1,3,2,325,1000
0,65,24,188,70,1,3,2,975,2000
0,63,24,194,85,1,3,2,700,1000
0,62,26,175,70,1,2,2,425,3000
0,63,24,173,69,1,2,2,650,2000
0,66,21,177,73,1,3,2,1700,3000
0,62,22,180,75,1,3,2,600,900
0,59,18,180,75,1,3,2,575,4000
0,62,33,172,68,1,4,2,210,1000
0,58,18,179,67,1,3,2,525,800
0,69,21,172,58,1,3,3,3400,3000
0,59,20,169,71,1,2,3,500,500
0,64,19,173,62,1,3,3,1500,4000
0,58,18,180,75,1,2,2,475,650
0,61,20,178,73,1,3,2,725,700
0,69,23,187,85,1,4,2,2600,11000
0,72,27,188,82,1,3,2,2700,8000
0,60,21,171,65,1,2,3,600,2000
2,64,22,177,70,1,2,2,850,2000
0,55,21,177,70,1,4,2,190,500
0,62,25,180,70,1,3,3,550,3000
0,63,24,177,70,1,3,2,725,500
0,65,18,185,75,1,3,4,1700,1000
0,58,20,183,69,1,5,3,450,2000
0,73,20,190,87,1,5,2,6000,26000
0,66,27,173,68,1,2,2,900,500
0,59,20,185,71,1,3,3,500,500
0,69,22,167,64,1,3,3,3100,17000
0,70,31,184,80,1,2,2,1100,500
1,65,24,173,68,1,3,3,850,4000
0,58,23,168,62,1,3,3,180,600
0,67,20,175,65,1,3,3,2500,14000
0,62,20,189,75,1,3,2,825,1000
0,61,26,175,70,1,3,2,375,800
0,67,20,178,70,1,4,3,2500,18000
0,63,20,185,74,1,2,2,1100,1000
0,60,20,180,70,1,2,2,525,900
0,63,32,179,79,1,4,2,0.0,0
0,59,25,180,73,1,3,2,300,2000
0,61,19,178,68,1,2,2,700,750
0,63,21,173,78,1,3,3,1100,3000
0,57,26,179,83,1,3,2,200,500
0,62,20,178,72,1,3,2,825,2000
0,58,20,186,73,1,2,2,475,750
0,63,24,185,76,1,2,2,575,2000
0,61,18,174,70,1,3,3,875,500
1,57,21,181,73,1,3,2,350,1000
0,62,19,183,70,1,3,2,900,2000
0,61,22,177,68,1,3,2,700,1000
0,62,26,185,77,1,3,2,500,950
0,59,19,176,67,1,3,3,550,3000
0,62,33,182,79,1,2,2,200,1000
0,70,24,188,91,1,4,2,2100,500
0,67,19,183,82,1,3,3,2400,7000
0,63,21,182,72,1,3,2,1100,1000
0,64,21,173,64,1,3,3,1300,950
0,62,23,193,88,1,3,2,575,1000
0,65,22,180,75,1,3,3,1100,4000
0,67,20,175,71,1,2,4,2200,8000
0,61,26,184,78,1,4,2,350,500
0,67,24,170,67,1,2,2,1900,4000
1,59,23,180,65,1,3,2,350,1000
0,64,19,174,65,1,2,3,1500,10000
0,66,19,186,80,1,4,2,2200,17000
0,63,20,174,69,1,4,3,1100,1000
0,59,20,185,80,1,2,2,475,1000
0,59,21,188,75,1,2,2,475,1000
0,55,21,175,70,1,3,2,300,650
0,63,22,190,78,1,2,2,1100,650
0,62,17,169,69,1,3,2,900,500
0,63,24,186,80,1,2,3,650,1000
0,63,21,179,70,1,3,2,1100,2000
0,57,19,177,73,1,3,3,350,500
0,67,23,185,70,1,3,2,1900,9000
0,58,17,186,71,1,3,2,500,500
0,59,20,186,80,1,3,3,550,2000
0,60,20,182,77,1,3,3,325,3000
0,59,21,177,68,1,3,2,500,3000
0,62,23,182,75,1,3,2,625,750
0,62,30,179,73,1,2,3,375,1000
0,64,29,178,74,1,3,2,550,500
0,61,17,173,69,1,3,3,650,500
0,66,26,186,83,1,3,3,1100,5000
0,63,19,186,70,1,3,3,1100,7000
0,65,24,185,82,1,2,2,875,2000
0,60,23,181,72,1,5,2,550,1000
0,61,21,178,66,1,3,3,725,1000
0,63,29,185,80,1,2,2,475,1000
0,68,24,181,79,1,3,3,1800,7000
2,59,22,165,66,1,3,3,500,850
0,57,19,178,65,1,2,2,400,1000
0,57,21,191,84,1,3,2,250,1000
0,60,19,196,75,1,3,2,625,3000
0,67,19,194,90,1,3,2,2400,6000
0,68,25,189,81,1,3,2,1600,12000
0,60,19,185,78,1,3,3,575,1000
0,63,22,184,76,1,2,2,925,750
0,67,29,180,84,1,3,2,1000,500
0,64,26,184,80,1,3,2,675,2000
0,62,22,175,66,1,2,2,900,500
0,56,22,168,64,1,3,2,325,500
0,68,26,184,78,1,3,3,1600,4000
0,62,28,171,65,1,3,2,375,500
0,70,22,182,80,1,3,2,3300,6000
0,64,22,191,83,1,2,2,1300,2000
0,65,28,177,77,1,3,3,725,1000
0,72,29,192,88,1,3,2,2000,23000
0,57,16,177,67,1,3,2,450,500
0,64,21,175,62,1,3,3,1400,1000
0,64,27,189,76,1,2,3,625,4000
1,59,26,170,66,1,3,3,275,550
0,56,20,186,75,1,3,2,200,2000
0,60,22,170,64,1,3,3,550,2000
0,64,21,174,67,1,3,3,1300,2000
0,61,22,174,70,1,2,3,700,1000
0,65,21,197,97,1,3,2,1600,2000
0,62,24,176,64,1,3,4,550,2000
0,66,23,175,73,1,2,3,1300,3000
0,67,25,180,76,1,2,2,1400,2000
0,63,30,171,71,1,3,2,425,3000
0,64,20,178,71,1,3,3,1400,2000
0,59,30,172,75,1,3,2,220,500
0,63,28,180,77,1,4,2,425,2000
0,61,18,182,75,1,3,3,825,500
0,67,27,193,78,1,3,2,1000,5000
0,70,22,185,78,1,3,2,3300,22000
0,65,26,180,70,1,3,2,750,3000
0,59,22,172,63,1,3,2,350,6000
0,63,19,183,72,1,4,2,1100,2000
0,59,20,173,64,1,3,3,500,500
0,65,20,172,70,1,3,3,1700,2000
2,60,24,178,73,1,2,2,350,700
0,62,19,173,66,1,3,3,1000,6000
0,60,22,176,67,1,2,2,550,950
2,63,25,164,61,1,3,2,525,1000
0,62,18,174,67,1,2,3,925,1000
0,60,21,195,84,1,3,2,525,1000
0,60,21,175,70,1,3,3,550,2000
0,62,21,168,65,1,3,3,900,1000
0,62,21,179,71,1,3,3,650,850
0,63,25,183,73,1,3,2,625,1000
2,61,25,168,72,1,3,3,450,1000
0,62,20,181,78,1,3,3,825,8000
0,66,25,190,72,1,3,2,1100,2000
0,58,17,175,70,1,3,2,500,500
0,62,19,178,69,1,3,3,1000,900
0,64,30,185,73,1,3,2,500,2000
1,58,20,183,78,1,3,2,425,1000
0,63,26,180,75,1,3,3,625,2000
0,63,26,180,74,1,3,2,0.0,0
0,59,21,181,70,1,2,3,525,6000
0,61,20,177,70,1,3,3,650,500
0,64,23,181,74,1,3,2,1200,1000
0,71,31,191,88,1,2,2,0.0,0
0,60,22,180,73,1,2,3,500,2000
0,64,20,172,60,1,3,4,1300,3000
0,62,23,179,74,1,3,2,600,500
0,63,20,181,75,1,2,2,1200,2000
0,64,23,172,72,1,3,4,925,3000
0,65,25,190,84,1,3,3,950,2000
0,64,24,177,73,1,2,3,925,950
0,60,22,183,70,1,2,4,550,600
0,71,22,183,88,1,3,2,3900,9000
0,66,21,185,75,1,3,2,1800,8000
0,62,29,183,75,1,4,3,400,2000
0,63,20,182,75,1,3,3,1300,3000
0,60,19,180,73,1,5,3,625,800
0,62,25,173,70,1,3,3,500,500
0,66,24,183,75,1,2,2,1200,500
1,63,28,180,71,1,4,3,475,1000
0,65,29,179,71,1,3,2,700,4000
0,61,17,179,67,1,4,3,650,500
0,58,19,181,67,1,2,2,525,600
0,65,24,172,63,1,3,3,1100,2000
0,55,17,182,73,1,3,2,400,500
0,58,25,184,78,1,3,2,275,2000
0,67,19,175,65,1,3,3,2600,2000
0,57,18,178,67,1,2,3,425,500
0,62,18,175,67,1,3,2,975,500
0,60,18,170,69,1,3,3,575,1000
0,60,20,174,70,1,3,2,475,2000
0,61,21,183,69,1,3,3,800,4000
0,62,24,192,81,1,3,2,575,2000
0,60,19,172,74,1,3,2,575,500
0,66,22,188,80,1,3,2,1600,4000
0,58,18,165,59,1,2,2,475,1000
0,67,22,180,79,1,4,3,2300,13000
0,61,21,181,76,1,3,2,700,950
0,58,26,174,73,1,3,3,250,2000
0,66,22,190,77,1,3,2,2000,4000
0,59,19,172,65,1,3,2,475,2000
0,65,23,177,77,1,3,2,1100,2000
0,56,20,176,76,1,2,2,350,2000
1,58,21,186,75,1,4,2,425,500
0,60,24,177,72,1,2,2,350,1000
0,63,25,175,70,1,2,2,625,1000
0,58,18,179,75,1,5,3,525,850
0,62,18,181,75,1,3,2,1200,2000
0,68,27,187,75,1,4,2,1200,4000
0,68,24,193,84,1,4,2,1800,5000
0,59,20,185,85,1,3,2,500,1000
2,64,20,185,75,1,3,2,1200,2000
0,62,22,160,60,1,3,3,900,1000
0,68,26,188,78,1,2,2,1600,6000
0,58,19,186,75,1,2,2,475,500
0,61,22,191,68,1,3,2,675,500
0,61,18,186,72,1,3,2,825,1000
0,61,21,186,77,1,3,2,725,500
0,59,20,175,79,1,3,3,550,6000
0,60,18,168,60,1,3,3,575,1000
0,64,23,185,77,1,2,2,1300,2000
0,61,24,172,68,1,3,3,650,2000
0,59,18,171,65,1,3,2,575,1000
0,61,20,180,82,1,3,2,800,500
0,60,17,170,70,1,4,2,400,700
0,66,21,177,79,1,4,3,1300,500
0,60,22,182,81,1,3,2,275,1000
0,62,23,182,74,1,2,2,600,650
0,59,19,178,70,1,3,3,525,1000
0,68,22,193,85,1,2,2,1800,500
0,68,26,185,72,1,2,2,1400,4000
0,60,18,182,75,1,3,2,550,850
0,61,26,183,71,1,3,2,350,2000
0,61,19,175,66,1,3,3,550,1000
0,61,22,175,77,1,3,2,625,500
0,57,22,181,72,1,3,3,375,2000
0,61,19,178,70,1,2,2,600,1000
0,60,20,172,80,1,2,2,600,500
0,65,24,180,70,1,3,2,1000,500
0,58,17,183,70,1,3,2,525,500
0,58,17,178,70,1,3,3,475,500
1,58,22,176,70,1,4,3,300,600
0,63,22,191,80,1,4,3,975,18000
0,54,20,180,72,1,3,2,250,500
0,63,19,180,69,1,3,3,1100,3000
0,59,19,188,78,1,3,2,500,700
0,62,19,178,67,1,3,3,950,500
0,59,26,171,69,1,3,2,300,500
0,62,21,183,67,1,3,3,900,500
0,60,19,178,70,1,2,2,500,3000
0,57,18,183,74,1,3,2,525,1000
0,63,20,176,73,1,3,2,1200,2000
0,62,21,175,65,1,3,3,900,9000
0,65,25,181,73,1,1,3,900,2000
0,66,30,180,77,1,4,4,850,3000
0,61,19,175,78,1,3,2,725,700
0,64,23,177,75,1,3,3,925,2000
0,60,19,176,68,1,3,3,575,850
0,61,20,193,80,1,3,3,800,2000
0,62,20,180,75,1,2,2,925,600
0,63,18,176,70,1,3,2,1100,600
0,64,20,190,84,1,2,2,1200,500
1,60,24,175,68,1,3,2,375,950
1,58,31,163,66,1,2,2,150,500
0,70,21,185,80,1,2,2,3300,16000
0,59,22,177,61,1,3,2,450,850
0,60,17,180,75,1,3,2,775,500
0,63,24,186,85,1,3,3,500,1000
0,66,22,172,63,1,2,2,1900,5000
0,64,20,179,67,1,3,3,1300,500
0,65,19,194,84,1,3,2,725,5000
0,58,18,173,67,1,4,3,525,1000
0,61,22,171,63,1,2,2,700,2000
0,71,22,188,100,1,4,2,4200,21000
0,60,17,175,63,1,3,2,650,500
0,60,19,172,63,1,3,3,625,800
0,63,19,175,64,1,3,3,1000,4000
0,64,28,181,77,1,3,2,550,1000
0,62,20,177,64,1,3,3,925,3000
0,62,21,175,69,1,3,2,900,500
0,59,19,174,67,1,3,3,550,500
0,67,23,186,78,1,2,2,1900,500
0,57,19,178,70,1,3,2,400,3000
0,71,31,193,85,2,3,2,1300,9000
0,66,37,187,80,2,3,2,45,2000
0,59,24,168,63,1,3,2,425,2000
0,60,22,187,80,1,3,3,500,1000
0,63,21,182,66,1,2,2,1000,2000
0,62,19,176,71,1,3,2,950,650
0,67,27,191,87,1,2,2,1200,5000
0,60,19,172,69,1,3,3,525,500
0,62,20,176,65,1,3,3,875,2000
0,61,27,189,83,1,2,2,325,500
0,65,19,187,78,1,3,3,1900,500
0,72,30,192,85,1,3,2,1900,11000
0,60,18,175,67,1,4,2,575,1000
0,64,19,177,78,1,3,3,1400,3000
0,56,23,173,71,1,3,2,230,500
0,58,17,177,69,1,3,2,475,500
0,63,33,180,80,1,3,2,250,500
0,56,18,180,72,1,3,3,325,700
0,56,20,186,83,1,4,2,300,2000
0,60,18,172,64,1,3,3,625,500
0,60,18,182,76,1,2,3,600,3000
0,63,18,176,68,1,4,3,1100,3000
2,63,21,168,66,1,4,3,1200,2000
0,60,22,177,70,1,2,2,525,4000
0,60,19,175,71,1,3,2,550,700
0,64,22,175,65,1,2,3,625,2000
0,62,21,180,73,1,3,2,400,850
0,59,19,180,70,1,3,2,525,500
0,55,20,178,73,1,3,2,275,1000
0,64,22,172,63,1,2,2,1300,4000
0,62,27,169,67,1,3,2,425,600
1,61,19,174,70,1,3,3,750,750
0,64,20,174,74,1,2,2,1300,2000
0,62,19,190,76,1,3,2,950,2000
0,65,25,190,76,1,3,2,1300,10000
0,65,23,187,82,1,3,3,1600,4000
0,58,19,181,77,1,3,3,525,2000
2,60,18,180,65,1,3,2,575,500
0,66,35,183,80,1,3,2,230,700
0,65,24,193,91,1,3,3,825,500
0,63,39,184,80,1,2,2,160,500
0,65,20,183,74,1,3,2,1600,500
0,65,27,180,75,1,4,2,825,2000
0,60,26,187,84,1,3,2,250,500
0,55,19,177,72,1,4,2,275,500
0,66,19,175,67,1,3,3,2400,17000
0,57,16,173,65,1,3,3,500,2000
0,60,23,182,75,1,3,3,500,500
0,64,28,183,79,1,3,3,600,500
0,60,22,182,70,1,2,2,525,700
0,65,21,187,73,1,2,2,1800,500
0,65,20,181,74,1,3,2,1600,2000
0,68,22,190,85,1,4,2,2500,6000
0,62,21,184,76,1,4,3,650,3000
0,59,20,180,70,1,3,2,550,1000
0,60,19,180,76,1,2,2,550,550
0,58,18,173,70,1,3,2,525,950
0,68,20,191,80,1,3,2,2700,20000
0,60,21,171,66,1,4,2,550,500
0,64,31,186,73,1,3,2,450,6000
0,60,21,174,70,1,3,2,550,2000
2,65,20,180,77,1,3,2,1500,2000
0,59,26,183,80,1,3,3,250,1000
0,56,20,180,72,1,3,2,275,2000
0,63,22,174,65,1,3,3,975,1000
0,56,21,182,72,1,2,3,300,800
0,59,19,187,72,1,3,2,450,1000
0,62,20,180,72,1,3,3,950,1000
0,57,17,178,72,1,3,3,200,500
0,61,27,189,81,1,4,2,350,2000
0,64,24,165,68,1,3,2,675,500
0,62,21,170,68,1,3,2,850,5000
0,61,19,178,64,1,3,2,700,1000
0,59,21,172,64,1,3,2,500,850
0,58,22,172,68,1,3,2,425,2000
0,60,21,183,79,1,3,2,525,550
0,60,20,178,71,1,2,2,575,2000
0,66,20,187,78,1,3,2,2100,6000
0,72,20,193,87,1,3,2,4800,11000
0,65,22,180,79,1,2,2,1500,500
0,60,19,180,74,1,3,2,500,2000
0,65,21,174,66,1,3,3,1800,3000
0,64,21,186,80,1,3,2,1300,700
0,64,23,180,72,1,3,2,1100,2000
0,63,23,168,66,1,3,2,925,3000
0,64,24,178,75,1,2,2,925,2000
0,55,18,172,65,1,2,2,325,3000
0,67,24,187,90,1,3,2,1300,500
0,59,19,174,69,1,3,2,450,3000
0,56,21,167,63,1,4,2,300,2000
0,66,19,188,78,1,3,2,1900,2000
0,68,20,188,74,1,2,2,2500,2000
0,72,38,180,79,1,3,2,0.0,20000
0,63,22,179,71,1,3,2,975,500
0,62,25,183,80,1,3,2,475,900
0,60,20,183,75,1,3,2,650,2000
0,73,23,185,81,1,4,2,6500,650
0,64,23,185,82,1,3,2,850,2000
0,58,18,194,79,1,3,2,525,2000
0,61,18,172,70,1,3,3,750,500
0,61,21,176,73,1,3,2,525,700
0,63,22,178,70,1,3,2,1100,1000
0,63,20,171,65,1,3,3,1100,3000
0,61,19,172,65,1,3,2,700,1000
0,63,29,175,73,1,3,2,425,500
0,60,19,175,69,1,4,3,625,500
0,59,22,168,65,1,3,3,350,500
0,62,21,184,84,1,3,2,825,500
0,61,19,176,68,1,4,3,850,4000
0,62,28,180,76,1,2,2,350,1000
0,62,23,171,72,1,3,2,750,2000
0,63,18,168,64,1,3,3,1300,4000
0,60,18,183,74,1,2,2,550,500
0,61,22,177,62,1,3,2,700,650
0,64,23,173,67,1,3,3,875,3000
0,58,21,178,80,1,3,2,425,5000
0,62,20,174,69,1,3,3,600,1000
0,64,20,170,70,1,3,2,1200,500
0,57,19,165,60,1,3,2,400,2000
0,58,19,181,80,1,3,3,525,500
0,60,25,169,62,1,3,3,325,500
0,58,18,170,68,1,3,3,525,500
0,66,24,178,73,1,5,3,1200,2000
0,61,18,169,68,1,4,3,800,2000
0,57,21,174,73,1,3,2,350,1000
0,63,19,173,68,1,2,3,1000,2000
0,60,21,180,69,1,3,3,550,1000
0,63,20,185,80,1,3,2,1100,3000
0,64,20,183,73,1,2,2,1300,3000
0,60,25,183,77,1,3,3,325,2000
0,59,24,180,77,1,2,2,325,1000
0,67,25,182,73,1,3,2,1400,4000
0,59,22,175,74,1,3,2,375,2000
0,58,16,174,70,1,2,2,475,500
0,65,26,177,76,1,4,2,950,2000
1,57,19,180,70,1,3,2,350,500
0,66,26,175,71,1,3,2,975,4000
2,65,27,183,80,1,3,2,775,2000
0,57,20,183,77,1,3,2,350,1000
0,63,23,182,70,1,2,2,775,2000
0,55,19,174,65,1,2,2,250,500
0,69,27,192,80,1,2,2,1500,7000
0,62,20,176,60,1,3,3,875,5000
0,61,21,189,64,1,3,2,775,1000
0,70,32,182,80,1,3,2,1300,9000
0,63,20,183,72,1,4,2,1200,4000
0,62,24,186,77,1,3,2,550,1000
0,54,22,183,70,1,3,2,240,2000
0,58,26,175,75,1,3,2,275,650
1,60,20,180,73,1,4,3,600,1000
0,62,21,175,65,1,3,2,850,1000
0,61,24,181,78,1,4,3,675,2000
2,61,23,169,65,1,3,2,475,900
0,58,19,185,82,1,3,2,450,500
0,60,21,173,66,1,3,3,525,1000
0,55,18,185,86,1,3,2,325,500
0,63,22,175,69,1,2,2,725,500
0,63,21,180,75,1,3,2,925,500
0,65,23,187,78,1,3,3,1100,3000
0,63,22,183,78,1,3,3,750,2000
0,61,19,168,79,1,2,2,775,1000
0,64,25,193,93,1,2,2,825,2000
0,60,20,179,73,1,3,2,550,500
0,59,20,182,75,1,2,2,325,500
0,64,36,178,85,1,3,2,100,500
0,61,20,170,70,1,3,2,800,2000
0,58,17,179,71,1,3,2,550,500
0,60,22,177,74,1,5,2,475,500
0,61,19,175,65,1,3,3,850,2000
0,58,19,186,70,1,3,3,475,500
0,68,21,196,87,1,3,2,2500,4000
0,68,25,186,75,1,2,2,1600,6000
0,65,19,197,90,1,3,2,1600,1000
0,62,23,175,65,1,2,3,800,1000
0,55,20,185,70,1,3,2,325,600
0,78,34,177,78,3,4,1,0.0,0
0,60,19,182,72,1,2,2,500,500
0,65,18,174,60,1,4,3,1800,1000
0,59,22,180,75,1,4,2,500,500
0,59,23,168,67,1,3,2,350,500
0,62,21,185,80,1,3,2,900,1000
0,59,19,187,80,1,3,2,525,2000
0,60,21,169,67,1,3,2,550,2000
0,62,19,174,74,1,3,3,950,2000
0,65,21,178,73,1,4,3,750,1000
0,55,19,178,67,1,3,2,300,2000
0,58,25,176,71,1,2,2,250,500
0,65,19,181,75,1,3,2,1600,3000
0,62,21,182,77,1,3,2,975,4000
0,61,29,181,80,1,3,2,325,1000
0,62,23,185,76,1,3,3,625,750
0,63,18,182,81,1,3,2,1200,1000
0,72,36,193,90,3,3,3,800,7000
0,65,19,180,71,1,3,3,1700,18000
0,60,20,182,78,1,3,2,600,850
0,64,22,173,79,1,3,2,1300,500
0,67,35,183,75,1,3,2,275,2000
0,66,20,186,84,1,3,4,1900,6000
0,65,22,189,84,1,3,2,1700,3000
0,62,21,181,73,1,3,2,900,3000
0,66,18,192,81,1,3,2,2000,2000
0,67,22,190,82,1,4,2,2100,500
0,63,21,170,66,1,2,2,1100,2000
0,63,21,177,70,1,3,2,1200,500
0,63,19,180,66,1,3,3,1100,850
0,61,19,170,68,1,3,2,775,2000
0,63,20,180,71,1,3,2,975,500
0,64,24,179,72,1,2,2,825,500
0,59,20,182,72,1,3,2,550,650
0,63,28,177,73,1,4,3,425,3000
0,54,18,179,67,1,3,2,275,500
0,76,26,189,77,1,2,2,9000,44000
0,62,23,180,70,1,3,2,850,4000
0,59,26,180,70,1,3,2,190,2000
0,59,24,180,73,1,3,2,425,600
0,64,20,179,73,1,4,2,1300,2000
0,60,19,184,75,1,3,2,525,1000
0,62,22,172,77,1,4,2,0.0,0
0,60,21,180,74,1,3,2,575,4000
0,63,22,184,77,1,3,2,925,1000
0,63,20,172,71,1,4,3,1300,4000
0,60,19,179,69,1,3,3,600,1000
0,65,24,185,82,1,3,2,1000,2000
1,63,19,178,76,1,3,4,1300,1000
0,63,18,175,67,1,3,3,550,650
0,59,20,173,70,1,3,2,475,1000
0,62,20,179,75,1,3,2,925,2000
0,56,19,175,70,1,3,2,375,500
0,61,22,180,70,1,3,3,750,1000
0,60,21,177,64,1,3,3,525,950
0,64,28,183,75,1,4,3,600,2000
0,62,18,172,69,1,3,3,925,950
0,58,17,171,72,1,3,2,500,500
0,69,35,183,77,3,4,2,0.0,0
0,63,24,187,79,1,3,2,0.0,0
2,56,21,174,69,1,3,2,325,2000
0,62,25,183,80,1,3,2,500,3000
0,76,33,178,71,2,4,1,0.0,0
0,62,21,168,63,1,3,3,900,500
0,62,24,170,72,1,3,3,500,500
0,63,23,173,69,1,3,2,1100,500
2,58,23,168,65,1,3,2,325,1000
0,64,20,170,69,1,3,3,1400,8000
0,64,22,176,65,1,3,3,0.0,0
0,59,22,180,71,1,3,3,500,1000
0,60,21,180,67,1,3,2,525,2000
0,55,19,184,75,1,3,2,275,1000
0,61,18,185,75,1,2,2,700,2000
0,62,22,185,81,1,4,3,650,2000
0,62,22,175,70,1,3,2,650,500
0,59,21,172,68,1,3,2,475,550
0,60,29,180,80,1,3,2,220,2000
0,62,26,175,68,1,3,2,475,500
0,56,20,181,73,1,3,3,350,500
0,64,28,176,74,1,2,2,600,4000
0,65,28,177,67,1,4,2,725,4000
0,58,24,180,78,1,3,2,300,3000
0,65,20,184,74,1,3,3,1600,9000
0,64,20,175,75,1,3,3,1300,1000
0,56,17,178,73,1,3,3,450,2000
0,65,20,165,61,1,3,4,1900,3000
0,63,23,186,84,1,3,2,775,2000
0,57,20,175,73,1,2,2,350,1000
2,66,25,163,59,1,4,4,1100,5000
0,64,25,176,84,1,2,2,825,500
0,63,24,176,67,1,3,2,650,500
0,67,28,184,89,1,3,2,1000,500
0,74,34,195,81,2,2,2,1400,35000
0,60,19,168,62,1,2,3,600,5000
0,62,26,180,73,1,3,2,425,550
0,62,24,173,67,1,3,3,600,1000
0,64,20,189,80,1,4,2,1300,2000
0,61,19,180,75,1,3,3,775,550
0,62,29,183,74,1,3,2,400,3000
0,78,35,184,78,3,3,2,1400,15000
0,70,28,183,69,1,3,2,1400,9000
0,60,25,180,70,1,3,3,275,2000
0,64,22,174,73,1,3,3,1200,3000
0,61,19,181,71,1,4,2,775,850
2,60,23,174,67,1,2,2,350,700
0,63,27,174,73,1,3,2,450,500
0,63,21,178,69,1,2,2,1200,5000
0,74,24,193,88,1,2,2,6000,21000
0,63,26,186,80,1,3,2,625,2000
0,63,21,175,73,1,3,4,1100,1000
2,62,25,175,72,1,3,2,525,1000
0,57,28,175,72,1,3,2,140,500
0,58,19,188,76,1,3,2,450,800
0,69,32,180,74,2,3,2,575,10000
0,61,25,193,86,1,3,2,600,1000
0,61,18,171,65,1,3,2,800,2000
0,59,18,170,63,1,2,3,525,500
0,63,27,173,68,1,4,3,500,500
1,60,19,178,70,1,3,3,625,550
1,55,21,169,68,1,3,2,275,500
0,64,20,170,62,1,2,3,1400,6000
0,66,22,184,71,1,3,2,1900,5000
0,60,21,178,75,1,2,2,575,1000
0,65,22,189,78,1,3,2,1500,4000
0,71,22,186,86,1,2,2,2700,13000
0,66,22,179,78,1,2,2,1600,3000
0,63,30,165,59,1,3,3,475,500
0,62,20,179,71,1,3,2,625,7000
0,64,27,192,84,1,3,2,625,2000
0,62,21,178,73,1,3,2,950,2000
2,58,26,177,75,1,3,3,220,900
0,56,21,183,72,1,3,2,300,550
1,65,23,171,73,1,3,4,1100,1000
0,63,21,174,62,1,4,3,1100,2000
0,65,22,186,78,1,2,2,1300,500
0,60,22,167,63,1,3,2,550,600
0,60,20,175,68,1,2,2,600,2000
0,59,17,166,65,1,3,3,525,850
0,58,19,177,67,1,3,2,525,4000
0,66,29,178,77,1,3,3,850,3000
0,59,19,177,63,1,3,3,525,800
0,60,21,187,82,1,3,2,525,500
0,63,23,175,68,1,3,2,650,3000
0,62,22,181,85,1,3,3,825,650
0,59,16,178,69,1,3,3,500,500
0,63,24,165,62,1,3,2,600,500
0,64,20,178,70,1,5,3,1400,4000
0,69,20,192,78,1,3,2,2900,5000
0,61,25,178,70,1,2,2,600,800
0,62,23,180,69,1,3,3,875,3000
0,70,25,179,80,1,2,2,2000,4000
0,60,20,175,70,1,3,3,600,5000
0,62,21,188,76,1,2,3,900,650
0,66,23,188,82,1,3,2,1700,2000
0,59,20,178,71,1,4,3,525,850
0,65,21,178,72,1,3,2,1500,500
0,70,24,188,75,1,4,2,2200,15000
0,55,25,170,67,1,2,2,100,1000
0,60,20,191,78,1,3,2,550,1000
0,55,18,176,71,1,3,2,325,750
0,74,33,190,83,2,3,2,2000,57000
0,57,22,175,67,1,3,2,350,1000
0,60,21,180,75,1,3,2,500,2000
0,63,22,181,75,1,2,3,1100,2000
0,57,17,179,72,1,2,2,375,500
0,66,26,194,84,1,4,2,1100,5000
0,63,20,179,73,1,3,2,1100,2000
0,62,38,169,62,1,4,3,130,500
0,56,18,181,74,1,3,2,400,500
0,66,20,171,69,1,3,3,1900,1000
0,69,25,188,81,1,2,2,1700,8000
0,59,17,178,72,1,3,2,550,600
0,61,21,178,75,1,3,3,750,1000
0,67,21,184,77,1,3,4,2500,3000
0,58,22,180,71,1,4,2,450,2000
0,59,19,177,75,1,3,2,500,4000
0,55,18,175,70,1,3,2,300,950
2,59,19,179,67,1,4,2,475,950
0,65,25,180,78,1,3,2,1000,500
0,65,28,176,72,1,2,3,725,5000
0,68,20,187,90,1,2,2,2700,7000
0,67,30,184,92,1,3,2,825,500
0,62,18,175,66,1,2,3,925,2000
0,61,19,177,69,1,3,2,775,1000
0,56,21,180,70,1,2,2,350,3000
0,58,20,173,70,1,3,2,500,2000
0,72,32,183,75,2,3,2,1500,8000
0,63,18,170,60,1,3,3,1200,1000
0,63,21,180,74,1,2,2,925,1000
0,62,21,185,76,1,3,2,850,500
0,59,20,175,68,1,3,2,475,1000
0,67,21,190,79,1,3,2,2100,950
0,64,23,182,85,1,3,3,925,2000
0,60,22,170,64,1,2,3,550,2000
0,63,23,188,83,1,3,2,650,1000
0,61,21,183,79,1,2,2,625,500
1,59,31,185,75,1,3,2,160,500
0,64,19,195,63,1,3,2,1400,3000
0,65,25,187,75,1,3,2,950,3000
0,59,20,181,72,1,2,2,500,1000
0,68,23,190,81,1,3,2,1600,3000
0,59,19,186,77,1,2,2,525,2000
0,61,19,181,74,1,2,2,825,7000
0,60,25,186,78,1,4,3,325,2000
0,61,21,176,71,1,3,3,700,950
2,64,32,180,70,1,3,2,450,1000
0,60,19,182,76,1,3,2,550,3000
0,66,22,170,60,1,2,2,1300,500
2,66,27,180,74,1,2,2,850,1000
0,62,22,185,80,1,3,2,900,5000
0,55,18,165,62,1,3,2,350,3000
0,67,21,191,80,1,3,2,2100,4000
0,60,25,181,80,1,3,2,275,1000
0,55,19,178,69,1,3,2,300,1000
0,62,21,168,67,1,3,3,900,5000
0,60,19,174,65,1,4,3,575,1000
0,60,20,180,69,1,3,2,550,1000
0,62,19,175,75,1,4,3,950,1000
0,65,26,184,75,1,2,2,850,6000
0,63,22,175,70,1,3,3,1100,2000
0,59,25,185,79,1,3,2,275,2000
1,61,23,181,76,1,3,2,625,850
0,59,21,186,76,1,3,2,500,1000
0,61,21,180,72,1,2,3,675,2000
0,65,21,190,82,1,3,2,1500,5000
0,61,21,179,81,1,3,2,800,500
0,63,19,183,70,1,2,2,1000,7000
0,65,26,179,79,1,3,2,775,500
0,64,21,169,56,1,2,3,1300,1000
0,54,18,168,70,1,3,2,250,850
0,67,18,175,70,1,4,4,2600,15000
0,63,22,183,75,1,5,3,1100,1000
0,62,27,188,70,1,3,2,425,3000
0,62,21,185,80,1,3,2,825,5000
0,62,18,178,74,1,3,3,925,650
0,65,20,189,77,1,3,3,1700,5000
0,64,22,187,77,1,3,2,1300,5000
0,64,18,178,66,1,3,3,1500,500
0,65,24,183,72,1,3,2,950,2000
0,65,22,180,71,1,3,2,1300,500
0,60,22,185,78,1,5,2,500,850
0,74,30,187,81,1,3,2,3500,34000
0,64,22,190,83,1,3,3,1300,1000
2,62,22,170,62,1,3,2,650,2000
0,60,22,181,77,1,3,2,375,2000
0,57,19,170,67,1,3,2,170,1000
0,63,31,176,67,1,3,2,350,850
0,57,20,178,68,1,2,2,350,2000
0,62,23,178,76,1,4,3,800,2000
0,61,19,179,74,1,3,3,775,2000
0,60,21,173,68,1,3,3,550,950
0,69,24,186,80,1,4,2,1800,6000
0,75,25,189,82,2,3,2,7000,27000
0,59,19,175,70,1,3,3,500,500
0,63,22,169,71,1,3,2,925,500
0,64,22,180,66,1,2,2,1100,3000
2,57,18,178,68,1,3,2,375,750
0,62,21,187,73,1,2,2,825,600
2,63,25,180,72,1,3,2,575,2000
0,58,19,173,67,1,3,2,475,500
0,61,23,188,79,1,3,2,525,2000
0,66,20,188,78,1,2,2,1900,2000
0,59,22,185,76,1,3,2,350,750
0,69,23,182,80,1,2,2,2000,6000
0,61,21,180,75,1,3,3,800,1000
0,60,19,175,70,1,3,2,525,2000
0,55,20,175,65,1,3,2,275,550
0,57,19,169,58,1,3,2,425,2000
0,60,20,183,75,1,3,2,550,900
0,73,25,189,80,1,3,2,4000,38000
0,60,19,177,75,1,3,3,575,500
0,68,22,189,80,1,4,2,1300,5000
0,62,19,175,70,1,3,2,950,3000
0,64,21,178,70,1,2,2,1300,2000
0,63,21,160,62,1,2,3,1100,3000
0,59,18,187,70,1,3,2,575,500
0,66,24,193,87,1,1,2,1000,2000
0,61,20,186,82,1,3,2,750,5000
0,62,23,170,76,1,2,2,525,2000
0,63,20,174,70,1,4,2,1200,3000
0,59,19,174,69,1,3,3,525,850
0,69,23,188,75,1,3,2,2600,9000
0,60,17,176,62,1,3,3,625,500
0,63,20,176,68,1,3,2,1300,2000
0,61,27,180,82,1,3,2,350,500
0,64,30,191,80,1,2,2,575,2000
0,58,20,170,60,1,3,2,500,2000
0,57,22,182,80,1,3,2,375,2000
0,61,21,171,60,1,3,3,800,5000
0,55,19,176,66,1,4,2,325,3000
0,61,21,172,67,1,3,3,725,500
0,58,20,175,65,1,4,2,450,1000
0,63,21,184,66,1,2,2,1100,7000
0,57,16,170,72,1,2,2,400,500
0,60,19,180,74,1,2,2,350,500
0,58,20,179,70,1,1,2,525,650
0,63,22,183,75,1,3,2,925,2000
0,60,19,182,74,1,2,2,550,1000
0,63,22,176,65,1,3,2,1000,1000
0,62,22,177,73,1,3,2,825,2000
0,59,23,177,70,1,3,2,220,500
0,57,18,178,65,1,3,3,375,500
0,73,28,190,80,1,2,2,3100,15000
0,64,19,169,67,1,3,3,1400,2000
0,61,29,175,81,1,4,3,325,3000
0,59,22,178,72,1,3,2,475,650
0,63,21,192,75,1,3,2,1000,2000
0,56,21,166,63,1,2,2,325,3000
0,58,21,168,70,1,3,2,450,650
2,63,22,170,65,1,3,2,775,1000
0,58,24,171,62,1,3,2,400,600
0,63,19,181,70,1,2,3,1100,2000
0,62,17,177,74,1,2,2,875,500
0,77,24,190,86,2,2,2,14500,37000
0,65,21,177,72,1,4,2,1800,5000
0,58,19,178,60,1,3,2,450,1000
0,61,19,163,60,1,3,3,775,1000
0,65,18,180,78,1,3,3,1800,1000
0,64,24,170,67,1,4,3,800,2000
0,63,19,182,73,1,2,2,1100,2000
0,59,19,182,80,1,3,3,475,500
0,62,27,195,95,1,3,2,475,900
0,62,24,192,86,1,3,2,750,1000
0,55,18,178,66,1,3,2,300,500
0,63,19,177,65,1,2,3,1300,8000
0,60,20,173,62,1,3,3,600,2000
0,60,20,172,70,1,3,2,550,500
0,61,27,175,70,1,3,3,350,3000
0,53,16,176,67,1,3,2,240,500
0,63,26,174,64,1,3,2,525,2000
0,57,22,172,69,1,3,3,325,500
0,52,17,181,80,1,3,2,200,500
0,66,31,179,79,1,3,3,725,500
0,64,17,188,75,1,3,2,1500,500
0,63,26,178,75,1,3,2,525,2000
2,57,18,170,59,1,3,2,375,500
0,60,21,186,80,1,3,2,525,550
0,57,20,184,79,1,3,3,350,1000
0,64,21,175,71,1,3,2,1100,500
0,55,18,172,68,1,3,2,300,500
0,63,20,173,68,1,3,3,1100,2000
0,70,23,188,76,1,2,2,3300,4000
0,61,18,186,69,1,3,2,1000,7000
0,61,20,184,77,1,2,2,775,3000
0,64,31,193,86,1,3,2,0.0,0
0,63,24,186,78,1,3,2,650,2000
0,62,25,174,71,1,2,3,450,500
0,64,23,186,78,1,3,2,1200,2000
0,64,21,170,70,1,2,2,875,500
0,58,19,176,69,1,3,2,525,500
0,57,20,185,78,1,3,2,350,2000
0,55,20,185,75,1,3,2,300,2000
1,55,18,185,80,1,3,2,300,500
0,58,18,180,74,1,3,2,500,500
0,68,26,188,76,1,3,2,1400,5000
0,58,20,170,67,1,3,2,450,2000
0,59,21,188,78,1,2,2,500,3000
1,56,22,176,66,1,3,2,230,3000
0,63,26,177,70,1,3,2,625,500
0,60,18,166,62,1,3,2,550,500
0,61,25,168,64,1,3,3,425,1000
0,67,28,173,70,1,3,2,925,500
0,58,20,182,75,1,3,2,500,2000
0,64,22,176,69,1,3,2,1100,1000
0,67,25,198,86,1,3,2,1400,6000
0,58,18,172,61,1,3,2,525,1000
0,61,22,175,72,1,4,2,350,1000
0,61,20,182,70,1,3,3,675,5000
0,72,29,190,82,1,3,2,2000,12000
0,59,21,187,74,1,3,2,500,1000
0,61,32,185,77,1,4,2,210,500
0,65,26,186,92,1,3,2,950,500
0,62,22,180,75,1,4,3,600,1000
0,65,21,177,64,1,3,3,1500,2000
0,63,19,183,78,1,3,3,800,1000
0,59,19,175,75,1,3,2,500,500
0,56,18,177,68,1,2,2,350,550
0,62,23,190,94,1,3,2,600,2000
0,65,24,194,79,1,3,3,1100,4000
0,61,18,183,70,1,3,2,650,500
0,64,23,176,69,1,2,2,875,2000
0,61,18,187,78,1,4,2,525,500
0,63,35,170,65,1,3,3,200,500
0,64,20,182,72,1,3,2,1300,5000
0,73,28,195,81,1,2,2,2900,18000
2,63,20,177,70,1,3,3,1100,2000
1,59,21,181,79,1,2,2,0.0,0
0,56,18,188,78,1,2,2,325,1000
0,65,25,193,84,1,3,3,950,5000
0,62,22,176,70,1,2,2,850,1000
0,69,22,192,73,1,2,2,2900,9000
0,61,23,185,77,1,4,2,500,1000
0,59,17,172,67,1,3,2,525,500
0,66,18,188,79,1,3,2,2000,2000
0,63,21,187,76,1,3,2,1000,4000
0,62,18,180,70,1,4,2,1000,2000
1,59,29,174,74,1,3,3,220,500
1,55,29,163,66,1,5,2,120,500
0,59,19,175,64,1,3,3,475,500
0,62,21,182,77,1,2,2,750,850
0,63,22,189,81,1,3,3,1200,2000
0,62,18,173,65,1,3,3,925,500
0,62,22,175,75,1,3,2,800,2000
0,63,18,170,66,1,3,3,1100,1000
0,59,19,184,72,1,3,2,475,500
0,63,24,187,76,1,2,2,700,2000
0,67,22,179,69,1,3,2,2100,500
0,56,22,183,78,1,3,2,300,3000
0,62,19,179,70,1,3,2,900,500
0,59,24,178,65,1,2,3,300,3000
0,64,22,187,76,1,3,2,1100,5000
0,61,18,176,67,1,3,2,775,2000
0,60,23,178,72,1,2,3,375,2000
0,69,23,193,92,1,3,2,2900,16000
0,56,22,167,58,1,3,2,325,500
0,61,21,183,80,1,3,2,725,700
0,55,20,174,71,1,3,2,275,1000
0,59,18,176,71,1,3,2,500,800
0,59,29,175,70,1,3,2,220,1000
0,62,21,175,70,1,2,2,850,1000
0,62,20,184,76,1,3,2,900,2000
0,60,21,180,75,1,3,3,525,3000
0,65,20,177,74,1,3,2,1500,2000
0,68,24,190,80,1,3,2,1700,5000
0,66,27,181,82,1,2,2,900,4000
0,66,26,192,92,1,2,2,1100,500
0,59,34,187,68,1,3,2,110,2000
0,62,28,178,69,1,2,2,350,1000
0,60,18,179,60,1,2,4,625,1000
0,65,21,181,76,1,3,2,1500,2000
0,55,19,183,76,1,3,2,275,1000
0,64,23,193,86,1,3,2,1100,2000
1,59,23,180,75,1,3,2,325,2000
0,62,28,177,71,1,2,2,350,1000
0,62,24,180,61,1,2,3,550,650
0,57,22,170,60,1,3,3,375,2000
0,62,24,188,88,1,2,2,600,1000
0,68,23,186,88,1,3,2,2500,2000
0,55,23,185,76,1,3,2,250,1000
0,65,21,183,73,1,2,2,1600,2000
0,60,19,179,78,1,3,2,575,850
0,64,39,178,110,1,3,2,200,2000
0,60,20,176,74,1,3,2,550,5000
0,62,21,172,68,1,4,3,900,3000
0,63,23,175,71,1,3,3,725,2000
0,61,20,183,73,1,3,2,800,1000
0,58,28,175,70,1,3,3,210,2000
0,65,20,190,83,1,3,3,1700,500
0,60,18,165,60,1,4,2,775,650
0,64,24,173,64,1,3,2,775,2000
0,61,20,175,71,1,2,2,750,1000
0,63,22,176,69,1,4,2,1000,2000
0,56,19,188,80,1,3,2,375,3000
0,63,29,183,82,1,2,2,425,1000
0,61,21,172,68,1,3,2,525,700
0,60,23,172,71,1,3,2,350,2000
0,56,22,179,73,1,3,2,325,3000
0,68,20,183,75,1,3,2,2500,3000
0,62,20,177,76,1,3,3,875,750
0,63,20,184,82,1,3,2,575,1000
0,54,20,175,65,1,3,3,240,950
0,70,27,185,80,1,4,2,1700,12000
0,59,20,186,75,1,3,2,475,1000
0,64,23,182,77,1,3,2,1100,850
0,69,23,188,84,1,3,2,2900,4000
0,54,22,185,80,1,3,2,240,1000
0,57,19,178,78,1,3,2,400,2000
0,62,20,185,77,1,3,2,575,3000
0,64,19,180,75,1,3,3,1500,11000
0,58,20,180,76,1,3,2,375,1000
0,57,20,175,68,1,3,2,375,900
0,61,19,180,70,1,3,2,400,4000
0,56,17,173,66,1,3,2,350,750
0,61,22,176,76,1,4,2,725,500
0,61,20,180,70,1,3,2,725,2000
0,61,24,175,77,1,3,2,425,750
0,56,18,175,70,1,3,2,350,1000
0,60,23,170,68,1,3,2,475,800
0,62,17,182,74,1,4,2,1300,3000
0,59,22,179,74,1,3,2,325,1000
0,63,24,184,85,1,3,2,700,1000
0,56,19,180,72,1,3,2,325,650
0,61,20,181,72,1,3,2,475,1000
0,59,20,182,74,1,3,2,475,600
0,61,20,186,75,1,3,3,775,2000
0,63,19,182,68,1,3,2,1300,7000
0,60,20,188,68,1,2,2,525,2000
0,61,20,181,68,1,3,2,750,500
0,67,21,183,81,1,3,2,2300,4000
0,65,21,169,62,1,3,3,1600,2000
0,57,25,187,76,1,3,2,240,2000
0,65,21,181,64,1,3,3,1500,5000
0,57,21,181,70,1,4,2,375,550
0,58,18,185,72,1,3,2,525,1000
0,55,19,173,75,1,3,2,275,1000
0,61,20,180,79,1,3,2,725,1000
0,58,18,175,68,1,3,2,525,2000
0,73,29,193,95,1,2,2,2800,11000
0,59,19,187,81,1,3,2,550,500
0,67,19,181,73,1,3,2,2300,2000
1,57,21,175,68,1,3,3,375,500
0,66,22,185,83,1,3,2,1800,1000
0,74,32,189,84,1,5,2,2700,21000
0,66,18,186,76,1,2,2,1900,2000
0,64,21,176,75,1,4,3,1300,850
0,60,18,165,60,1,3,2,625,5000
0,57,21,175,72,1,2,2,325,500
0,60,18,179,67,1,4,2,575,5000
0,61,17,170,64,1,2,2,725,600
0,61,23,175,75,1,3,2,525,500
0,61,26,180,73,1,3,2,350,500
0,67,33,190,85,1,3,3,650,500
0,60,17,180,75,1,4,2,575,600
0,60,27,193,89,1,2,2,275,2000
0,59,21,178,64,1,3,2,525,950
0,58,17,174,69,1,4,3,500,1000
0,69,23,185,76,1,3,2,2000,16000
0,54,17,173,64,1,3,2,240,500
0,59,18,180,74,1,4,2,475,500
1,56,21,175,75,1,1,2,325,800
0,57,19,168,68,1,2,2,350,2000
0,56,20,177,70,1,4,2,220,500
0,61,18,178,76,1,2,2,750,750
0,62,17,185,76,1,2,2,875,500
0,60,19,178,72,1,3,2,575,500
0,64,17,178,74,1,3,3,1300,500
0,61,20,180,75,1,3,2,725,2000
0,62,21,179,65,1,3,2,950,3000
0,59,19,166,59,1,3,2,525,6000
0,56,18,175,70,1,3,2,180,2000
0,64,20,184,80,1,3,2,1200,1000
0,63,23,184,80,1,3,2,975,2000
0,56,20,185,77,1,3,2,300,4000
0,60,20,161,61,1,3,3,500,500
0,60,21,184,75,1,2,2,575,2000
0,76,36,183,81,2,3,2,1000,30000
0,64,19,185,75,1,2,2,1400,3000
0,67,23,180,74,1,2,2,2100,3000
0,59,18,187,73,1,4,2,500,550
0,56,23,178,78,1,4,4,275,1000
0,61,20,180,75,1,3,2,800,2000
1,60,20,179,68,1,4,2,525,500
0,56,18,175,74,1,2,2,325,500
0,57,17,176,68,1,3,2,400,500
0,63,20,176,69,1,3,2,1100,3000
0,59,21,182,73,1,3,2,500,500
0,62,17,173,67,1,3,3,1000,500
0,63,24,180,81,1,3,2,725,2000
0,80,32,198,90,3,3,2,8500,110000
0,65,24,180,76,1,3,3,950,500
0,61,28,172,64,1,3,2,325,650
0,56,19,178,71,1,3,3,80,2000
0,60,20,182,74,1,2,2,525,500
0,75,28,188,83,2,3,2,5500,64000
0,58,17,177,73,1,2,3,500,1000
0,67,18,167,62,1,2,4,2400,1000
0,61,21,181,78,1,2,2,700,500
0,65,28,188,80,1,3,3,725,3000
0,60,29,176,73,1,3,3,240,500
1,72,28,188,74,1,4,2,2400,9000
0,58,17,179,75,1,2,2,450,500
0,60,19,183,75,1,2,3,625,4000
0,60,25,185,80,1,3,2,325,2000
1,57,20,176,70,1,3,3,220,750
0,58,23,189,82,1,3,3,325,2000
0,67,20,180,75,1,3,2,2500,3000
0,67,26,199,90,1,4,3,1300,8000
0,58,20,177,69,1,3,2,425,1000
0,63,23,186,81,1,2,2,650,2000
0,63,19,181,74,1,4,3,1000,5000
0,59,21,176,75,1,3,2,500,1000
0,61,20,170,61,1,3,4,850,500
0,70,27,189,90,1,4,2,1700,26000
0,58,30,169,60,1,3,2,190,2000
0,62,19,179,69,1,4,3,850,700
0,56,19,178,72,1,3,2,325,500
0,59,20,175,68,1,3,2,500,2000
0,70,22,197,82,1,3,2,3300,19000
2,66,19,177,69,1,3,2,1900,2000
0,67,27,181,73,1,3,2,1200,3000
0,59,22,178,68,1,3,2,450,500
0,59,19,176,70,1,3,3,525,500
0,62,19,178,73,1,3,4,950,550
0,58,20,191,81,1,3,3,450,1000
0,64,18,185,78,1,3,2,1500,5000
0,61,23,173,73,1,3,2,625,500
1,52,26,169,67,1,3,2,100,500
0,64,21,182,79,1,3,2,1300,3000
0,58,26,179,74,1,3,2,250,1000
0,62,18,179,69,1,3,2,925,500
0,62,21,167,62,1,3,2,575,500
0,59,20,185,75,1,3,2,475,1000
0,55,18,174,64,1,2,2,300,500
0,64,28,184,80,1,3,2,525,500
0,57,20,175,65,1,3,3,375,2000
1,60,23,177,64,1,4,3,550,650
0,61,21,176,68,1,2,2,725,500
0,70,23,190,84,1,2,2,2200,2000
0,65,24,173,62,1,3,2,975,2000
0,54,25,185,82,1,2,2,150,2000
2,55,20,172,64,1,3,2,275,600
1,60,30,182,69,1,3,2,240,4000
0,63,22,182,78,1,3,2,1100,2000
0,57,19,188,79,1,3,2,375,1000
0,62,23,167,61,1,3,2,875,500
0,62,26,175,73,1,3,2,425,1000
0,60,17,185,77,1,3,2,425,500
0,60,30,187,81,1,3,2,240,1000
0,72,25,189,84,1,3,2,2900,17000
0,60,22,185,78,1,3,2,525,500
0,63,19,186,84,1,2,2,1100,550
0,66,24,185,74,1,3,2,1200,3000
0,62,22,178,69,1,2,2,850,1000
0,90,36,193,93,5,4,1,13500,72000
0,59,19,185,74,1,3,2,525,2000
0,59,20,180,73,1,3,2,550,600
0,71,22,196,91,1,5,2,2700,11000
0,61,20,179,75,1,3,2,750,500
0,61,22,180,78,1,2,2,700,5000
0,62,19,182,71,1,3,3,950,600
1,66,25,189,80,1,3,3,0.0,0
0,55,32,178,76,1,2,2,100,3000
0,65,26,176,87,1,3,2,850,650
0,64,21,185,75,1,3,2,1300,4000
0,65,22,180,75,1,3,2,1500,3000
0,61,19,187,78,1,2,3,925,7000
1,62,25,186,83,1,3,2,500,1000
0,62,19,180,74,1,3,3,950,1000
0,59,19,181,79,1,3,2,500,700
0,54,19,175,64,1,2,2,230,500
0,67,29,197,88,1,3,2,850,3000
0,74,22,184,76,1,5,2,9000,20000
0,66,30,179,72,1,4,3,725,500
0,58,21,178,66,1,2,2,425,1000
0,62,26,177,68,1,3,3,425,500
0,69,21,184,78,1,2,2,2900,500
0,63,31,175,66,1,3,3,350,2000
0,58,20,175,65,1,3,2,500,1000
0,62,28,182,70,1,2,2,400,2000
2,59,19,164,65,1,3,2,500,1000
0,55,21,174,70,1,3,2,300,850
0,58,19,184,66,1,2,2,475,500
0,56,18,177,72,1,3,2,325,500
0,59,19,180,71,1,3,2,525,1000
0,60,18,188,75,1,2,2,600,1000
1,64,25,188,78,1,2,2,775,4000
0,62,20,175,75,1,3,2,925,5000
0,61,21,173,69,1,3,2,725,4000
0,60,24,178,73,1,2,2,350,1000
0,60,17,186,74,1,3,2,625,500
0,69,21,185,80,1,3,2,2900,8000
0,60,24,170,63,1,3,2,375,1000
0,67,20,172,70,1,2,4,2500,15000
0,56,19,175,66,1,3,2,375,2000
0,66,18,179,75,1,2,2,1900,1000
0,65,19,168,65,1,3,4,1700,4000
2,59,17,165,62,1,3,3,525,500
0,54,20,171,66,1,3,2,110,500
0,61,26,191,80,1,3,3,375,2000
0,62,21,190,75,1,3,3,975,6000
0,72,24,193,76,1,4,2,4900,40000
0,64,29,190,86,1,3,2,550,500
0,58,31,174,68,1,3,2,140,3000
0,65,26,175,75,1,3,2,850,500
0,69,28,180,77,1,3,2,1300,2000
0,61,28,178,72,1,3,3,325,2000
0,65,26,192,75,1,4,2,950,2000
0,61,29,175,70,1,3,3,325,2000
0,56,18,173,72,1,3,2,325,500
0,61,25,185,72,1,2,2,425,3000
0,61,23,168,70,1,3,2,475,500
0,57,20,182,72,1,3,2,400,1000
0,60,26,172,64,1,4,3,300,500
0,58,22,173,68,1,3,3,425,500
0,61,19,174,69,1,3,2,850,650
0,64,23,186,76,1,3,2,1300,3000
0,64,33,183,81,1,3,2,375,500
0,63,20,185,85,1,2,2,1100,1000
0,71,31,190,80,1,3,2,1300,15000
0,55,21,175,69,1,3,2,275,3000
0,59,27,178,70,1,3,2,0.0,0
0,61,18,183,75,1,2,2,775,500
0,60,20,168,67,1,3,2,600,2000
0,63,20,175,72,1,2,2,1000,2000
0,65,20,181,70,1,4,3,1700,500
0,64,21,167,72,1,3,2,1300,3000
0,61,19,179,63,1,2,3,775,4000
0,57,20,180,75,1,3,2,400,1000
0,58,18,183,80,1,3,3,625,3000
0,59,20,176,69,1,2,2,425,2000
0,63,19,182,68,1,4,4,1300,15000
0,62,23,177,70,1,2,2,525,1000
0,58,19,191,78,1,3,2,525,2000
0,69,21,195,84,1,3,2,2900,500
0,56,20,181,68,1,3,3,325,7000
0,64,25,188,79,1,3,2,825,3000
0,58,18,175,65,1,3,2,475,700
0,56,20,176,70,1,2,2,350,2000
0,60,19,175,63,1,3,2,575,1000
0,61,24,170,61,1,3,3,450,500
0,65,18,170,70,1,3,2,1600,2000
0,64,25,185,79,1,3,2,725,9000
1,56,28,180,70,1,4,2,140,500
0,60,24,175,70,1,2,2,325,1000
0,69,25,193,90,1,2,2,1700,14000
0,63,23,179,75,1,4,2,750,650
0,57,19,187,75,1,2,3,400,950
0,58,18,178,75,1,3,2,500,500
0,61,18,167,63,1,3,3,750,1000
0,65,25,170,62,1,3,3,900,1000
0,69,25,190,82,1,4,2,1700,5000
0,63,26,178,78,1,3,2,550,500
0,65,17,174,66,1,3,3,1600,550
0,52,17,178,77,1,3,2,160,500
0,57,19,175,68,1,3,2,350,500
0,63,20,183,70,1,2,2,1200,1000
0,71,24,193,84,1,3,2,2600,5000
0,69,30,185,82,1,2,2,1100,9000
0,63,20,191,80,1,3,4,1200,2000
0,58,22,193,82,1,4,2,425,1000
0,61,18,175,60,1,4,2,725,650
0,66,23,195,85,1,2,2,1800,1000
0,60,20,178,66,1,3,3,375,3000
0,65,22,191,79,1,2,2,1000,3000
0,61,21,184,75,1,3,3,800,1000
0,61,19,185,78,1,3,2,0.0,0
0,63,23,175,63,1,3,3,975,1000
0,62,20,191,80,1,3,2,825,1000
0,57,19,172,63,1,2,2,350,1000
0,61,23,183,75,1,3,2,625,2000
0,61,23,172,66,1,3,3,650,850
0,63,23,178,67,1,3,2,975,4000
0,61,22,169,62,1,3,2,700,2000
0,74,35,185,80,2,3,2,575,15000
0,63,20,175,65,1,4,3,1100,6000
0,63,19,177,78,1,3,3,1100,1000
0,61,23,174,66,1,3,3,650,500
0,64,21,184,76,1,3,2,1200,5000
0,56,20,193,79,1,3,2,300,1000
0,62,17,171,65,1,2,3,925,600
0,59,21,177,68,1,3,2,475,500
0,63,22,169,59,1,3,3,1100,2000
0,61,20,170,68,1,3,3,800,2000
0,65,21,170,68,1,3,2,1500,500
0,69,24,188,70,1,3,2,2000,13000
0,61,21,183,71,1,4,3,725,1000
0,60,21,184,76,1,3,2,600,3000
0,61,20,180,75,1,3,2,750,500
0,62,18,182,70,1,3,2,925,2000
0,60,21,178,74,1,3,2,600,1000
0,62,21,188,77,1,2,3,900,1000
0,62,29,188,79,1,2,2,400,2000
0,64,30,169,78,1,3,2,500,500
0,71,26,193,84,1,1,2,2300,9000
0,67,25,189,80,1,3,2,1300,4000
0,57,21,180,72,1,3,2,375,1000
0,61,25,168,63,1,3,3,0.0,0
0,58,19,175,70,1,3,2,475,3000
0,65,20,190,82,1,3,2,1600,500
0,59,19,191,76,1,3,2,500,850
2,60,23,172,70,1,3,3,375,2000
0,63,26,184,77,1,3,2,525,1000
0,66,25,184,78,1,4,3,1300,5000
0,59,22,176,69,1,3,2,500,1000
0,64,22,184,80,1,3,3,1200,2000
0,60,23,173,73,1,2,2,550,500
0,58,20,178,70,1,4,2,450,5000
0,62,21,188,87,1,3,2,950,1000
0,62,23,170,70,1,2,2,750,3000
0,62,20,180,75,1,3,3,875,500
0,55,17,188,81,1,3,2,400,500
0,57,19,173,70,1,3,2,325,500
0,61,19,190,75,1,3,2,725,1000
0,63,20,178,72,1,3,2,1100,2000
0,62,20,176,69,1,4,2,825,500
0,63,17,170,60,1,4,3,1500,600
0,75,30,178,79,2,4,1,0.0,0
0,58,19,191,87,1,3,2,450,3000
0,65,18,188,75,1,3,2,1700,2000
0,58,22,178,72,1,3,2,500,1000
0,64,19,179,66,1,3,2,1400,600
0,56,19,175,72,1,2,2,350,500
0,61,20,175,71,1,2,2,725,500
0,60,19,184,72,1,2,3,575,1000
0,63,20,173,65,1,3,3,825,9000
0,61,22,181,82,1,3,2,700,1000
0,60,24,186,74,1,3,3,350,1000
0,63,20,179,78,1,4,2,1000,2000
0,57,18,172,68,1,3,2,425,850
0,56,20,176,70,1,3,2,300,1000
0,58,23,165,61,1,3,2,325,1000
0,73,25,190,84,1,2,2,3600,57000
0,64,18,175,63,1,3,3,1400,4000
0,60,22,176,72,1,3,2,350,2000
0,63,22,173,55,1,3,3,1100,10000
0,64,34,176,72,1,3,2,210,500
0,61,19,183,75,1,3,2,850,3000
0,58,19,170,77,1,2,2,475,1000
0,57,19,186,75,1,4,2,375,1000
0,62,20,180,75,1,2,2,925,6000
0,62,20,175,71,1,3,3,575,1000
0,64,32,190,81,1,3,3,475,1000
0,64,21,176,65,1,3,3,1300,3000
0,64,24,178,70,1,4,3,875,3000
0,64,26,183,74,1,2,2,775,2000
0,62,21,175,74,1,3,2,925,3000
0,60,19,180,75,1,3,2,625,2000
0,66,30,192,88,1,3,2,700,1000
0,64,18,186,83,1,3,3,1500,2000
0,58,20,174,69,1,2,2,425,1000
0,57,20,170,62,1,2,2,375,550
0,63,21,172,68,1,3,3,1100,1000
0,65,23,179,78,1,3,2,1300,2000
0,61,22,185,77,1,3,2,725,3000
0,54,21,170,63,1,4,2,240,4000
0,60,20,185,74,1,5,3,600,3000
0,58,18,178,71,1,3,2,525,850
0,66,22,195,85,1,2,2,1900,7000
0,55,23,180,74,1,3,2,190,650
0,64,23,189,82,1,2,2,1300,2000
0,63,18,172,67,1,2,3,1100,1000
0,58,18,183,72,1,2,2,210,600
0,56,18,180,70,1,3,2,350,500
0,60,25,178,79,1,2,3,300,2000
0,61,21,175,72,1,3,2,725,500
0,60,22,170,66,1,2,2,550,600
0,62,19,178,73,1,3,3,1000,6000
0,61,19,172,68,1,3,3,850,9000
0,53,18,169,63,1,3,2,250,800
0,64,17,182,75,1,4,3,1500,2000
0,58,20,193,80,1,3,2,525,1000
0,61,23,180,70,1,2,2,725,900
0,56,18,177,77,1,3,2,300,3000
0,62,17,175,72,1,3,2,925,500
0,57,21,174,68,1,3,2,375,500
0,62,24,187,78,1,3,2,575,950
0,56,18,186,71,1,3,2,350,500
0,64,22,190,78,1,3,2,1300,3000
0,62,22,170,68,1,3,3,900,2000
0,52,19,170,64,1,2,3,210,1000
0,60,19,188,80,1,3,2,550,1000
0,57,23,183,77,1,3,2,250,950
0,60,17,175,70,1,2,2,525,500
0,55,19,185,73,1,3,2,275,2000
0,65,22,189,82,1,4,2,1300,2000
0,67,22,182,75,1,3,2,2300,14000
0,64,21,178,70,1,3,3,1400,3000
1,59,21,189,81,1,3,2,525,500
0,57,20,176,72,1,3,2,375,500
0,65,26,185,78,1,2,2,825,4000
0,62,25,190,82,1,4,2,550,700
0,64,23,180,73,1,3,2,850,500
0,66,22,185,78,1,3,2,1800,2000
0,58,29,178,71,1,3,2,200,500
0,56,21,175,68,1,2,2,300,1000
0,61,17,187,83,1,3,2,825,500
0,58,20,170,63,1,3,2,450,1000
1,57,22,171,62,1,3,2,400,950
0,58,20,186,85,1,3,2,500,2000
2,60,20,171,59,1,3,2,500,1000
0,64,24,185,78,1,3,3,900,2000
0,61,20,175,68,1,3,3,800,2000
0,66,21,187,75,1,3,2,1800,3000
0,62,23,194,89,1,2,2,625,2000
0,56,18,175,70,1,2,2,325,500
1,56,29,170,68,1,2,2,120,500
0,58,22,187,79,1,2,2,450,2000
0,63,19,182,72,1,3,2,1100,500
0,62,19,181,74,1,3,3,950,3000
0,59,22,189,75,1,3,2,425,1000
0,60,20,175,66,1,3,2,550,2000
0,62,19,180,70,1,3,2,475,1000
0,62,20,176,65,1,2,3,950,500
0,57,20,180,78,1,3,2,425,1000
0,58,21,170,60,1,2,2,400,900
0,60,19,183,75,1,3,3,575,500
0,63,20,184,73,1,3,2,1200,1000
0,63,22,179,76,1,3,3,975,3000
0,63,21,178,75,1,3,2,1000,1000
2,62,20,168,65,1,3,2,825,2000
0,62,19,178,68,1,3,3,950,1000
0,62,23,186,84,1,3,2,800,1000
0,65,29,169,65,1,2,2,0.0,0
0,65,21,173,64,1,3,4,1800,7000
0,63,24,182,77,1,2,2,625,2000
0,62,22,180,70,1,2,2,775,3000
0,59,18,186,75,1,3,2,575,2000
0,59,22,171,68,1,2,2,500,500
0,59,21,180,74,1,2,2,500,850
0,57,17,175,67,1,3,2,400,500
0,60,19,183,82,1,4,2,550,3000
0,63,19,183,89,1,3,2,1300,2000
0,58,20,180,70,1,3,2,500,6000
0,61,18,195,82,1,3,3,825,900
0,55,18,175,71,1,3,2,300,3000
0,59,23,175,68,1,5,2,425,1000
0,61,24,181,78,1,3,2,500,2000
0,65,21,185,80,1,2,2,1500,950
0,63,19,174,70,1,3,2,1100,2000
0,70,22,184,72,1,3,2,3300,11000
1,62,22,185,80,1,4,3,850,2000
0,63,32,178,87,1,3,2,300,500
0,55,20,175,74,1,3,2,300,2000
0,61,19,172,70,1,2,2,825,2000
0,57,19,176,73,1,3,2,375,4000
0,57,23,175,75,1,2,4,325,1000
0,63,20,190,76,1,3,2,1100,1000
0,62,18,181,71,1,2,2,975,4000
0,72,30,185,84,2,3,1,0.0,0
0,65,27,178,74,1,2,2,750,500
2,68,25,186,76,1,3,2,1600,6000
0,60,22,172,70,1,2,3,550,6000
0,57,24,176,70,1,2,3,250,500
0,69,22,181,76,1,3,2,2000,7000
0,64,21,198,89,1,3,2,1300,7000
0,61,21,177,69,1,3,2,700,2000
0,60,17,178,58,1,3,3,625,600
0,56,23,172,72,1,2,2,300,2000
0,64,33,186,83,2,3,2,230,4000
0,63,20,183,74,1,3,2,1100,1000
0,63,20,175,60,1,3,2,1200,5000
0,60,21,184,78,1,3,2,475,600
0,64,20,185,79,1,3,2,1300,3000
0,55,20,183,75,1,3,2,250,2000
0,62,20,196,79,1,3,2,825,3000
0,66,20,182,81,1,3,2,1800,8000
0,64,19,185,75,1,3,2,1300,1000
0,58,19,175,72,1,3,2,425,650
0,59,26,175,67,1,3,2,240,3000
1,61,19,175,70,1,3,2,650,500
0,72,27,191,85,2,2,2,2500,13000
0,67,22,187,80,1,2,2,1900,11000
0,58,16,180,75,1,3,3,425,500
0,64,31,193,88,1,3,2,400,1000
0,59,18,181,75,1,2,3,475,900
2,60,30,167,60,1,4,2,240,950
0,62,22,181,70,1,4,3,900,1000
0,65,21,187,74,1,3,2,1700,3000
0,63,22,176,70,1,3,3,1100,2000
0,59,18,180,76,1,4,3,525,1000
1,60,21,175,74,1,3,2,525,1000
0,56,20,176,69,1,3,2,300,850
0,62,22,177,68,1,3,3,0.0,0
0,63,21,179,72,1,3,2,925,550
0,61,21,189,78,1,2,2,675,1000
0,62,21,175,70,1,3,3,475,1000
0,57,16,190,79,1,3,2,375,500
0,62,21,175,61,1,3,3,900,2000
0,59,17,175,61,1,3,3,525,500
0,59,30,175,73,1,3,3,220,500
0,55,19,180,63,1,2,2,300,700
0,64,21,183,76,1,3,2,1300,4000
0,62,19,165,59,1,3,2,950,500
0,57,19,180,75,1,2,2,400,2000
0,53,18,172,64,1,3,2,120,1000
0,57,24,175,68,1,2,2,325,1000
0,60,18,171,65,1,4,3,575,750
2,56,17,183,76,1,4,2,325,500
0,57,19,175,71,1,3,2,350,850
0,60,21,184,80,1,3,2,550,1000
0,63,20,190,83,1,3,2,1300,500
0,64,18,180,75,1,3,3,1500,5000
0,57,18,182,73,1,3,2,425,1000
0,57,17,175,72,1,3,2,400,600
0,68,30,191,75,1,3,2,1000,12000
0,64,28,175,76,1,3,2,525,500
0,58,20,174,65,1,3,3,500,3000
0,64,24,185,77,1,4,2,1200,3000
0,65,37,180,74,1,3,2,130,500
0,62,26,181,76,1,3,2,475,1000
0,66,25,190,83,1,2,2,1100,12000
0,67,21,186,84,1,3,2,2100,2000
0,61,21,175,65,1,2,2,775,1000
0,67,22,189,82,1,2,2,1900,6000
0,65,28,189,79,1,4,2,725,500
0,60,27,188,88,1,3,3,250,2000
0,68,21,190,90,1,3,2,2500,14000
0,60,22,180,80,1,3,3,550,1000
0,53,18,171,79,1,2,2,220,1000
0,67,22,195,85,1,3,2,2100,500
0,58,19,177,70,1,3,2,450,550
0,63,25,178,64,1,3,2,600,800
0,56,25,171,70,1,3,2,190,3000
0,55,19,184,77,1,3,2,300,500
0,62,24,188,83,1,3,2,750,500
0,59,20,181,73,1,2,2,525,2000
0,61,24,191,74,1,2,3,500,2000
0,59,21,174,67,1,3,3,375,11000
0,61,20,174,71,1,3,2,750,1000
0,62,20,183,78,1,3,2,975,2000
0,63,27,180,77,1,2,2,475,500
0,65,23,181,68,1,3,2,950,4000
0,59,20,187,83,1,3,2,425,700
0,55,19,180,76,1,3,3,300,500
0,62,21,180,71,1,3,2,850,600
0,59,18,179,70,1,3,2,525,1000
0,56,19,178,71,1,3,2,300,2000
0,59,20,187,77,1,3,2,550,4000
0,67,23,194,91,1,3,2,1900,2000
0,63,19,178,69,1,3,3,625,1000
0,59,19,188,80,1,2,2,450,500
0,65,33,184,80,1,3,2,350,500
0,68,23,193,87,1,3,2,2200,5000
0,60,20,180,71,1,3,2,500,500
0,60,28,181,78,1,3,2,220,800
0,62,20,179,75,1,3,2,950,500
0,65,31,179,67,1,2,2,525,2000
0,58,19,172,72,1,3,3,475,500
0,75,22,186,75,1,3,2,10500,13000
0,58,21,175,70,1,3,2,425,1000
0,67,30,183,75,1,2,2,1000,3000
0,60,21,183,73,1,4,3,550,1000
0,70,23,192,85,1,2,2,2200,7000
0,66,30,188,80,1,2,2,700,4000
0,63,28,180,78,1,2,2,425,500
0,61,21,180,70,1,4,3,800,3000
1,68,29,182,81,1,2,2,1000,8000
0,63,33,175,78,1,2,2,240,500
0,62,21,175,70,1,3,3,475,500
0,67,28,194,77,1,4,3,0.0,0
2,63,25,184,75,1,3,3,600,3000
0,61,20,184,75,1,3,3,800,500
0,58,18,163,58,1,3,2,500,500
0,60,27,185,79,1,2,2,275,800
0,63,19,181,71,1,2,2,1100,1000
0,64,29,183,79,1,3,2,550,1000
0,63,20,165,58,1,3,2,1200,1000
0,64,18,179,73,1,4,3,1900,7000
0,55,22,173,62,1,4,2,275,2000
0,64,23,188,78,1,3,2,1300,750
0,57,19,172,67,1,3,2,350,1000
0,62,23,182,76,1,3,2,800,500
0,60,19,176,74,1,3,3,575,1000
0,67,27,188,80,1,3,2,1100,7000
0,61,22,178,82,1,3,3,750,3000
0,67,26,190,86,1,3,2,1200,12000
0,59,20,183,74,1,2,3,550,6000
0,62,23,181,79,1,2,2,750,1000
0,60,22,181,78,1,2,2,475,2000
0,62,22,181,77,1,3,2,825,2000
0,61,21,179,66,1,3,3,800,7000
0,65,21,188,82,1,3,3,1600,5000
0,60,21,180,75,1,4,4,600,2000
0,65,22,187,82,1,2,2,1000,1000
0,59,21,188,68,1,3,2,475,2000
0,65,21,191,79,1,3,2,1500,1000
0,64,18,179,73,1,3,2,1300,550
0,66,19,184,82,1,2,2,1700,2000
0,56,19,172,67,1,2,2,325,750
0,67,21,194,70,1,2,3,2100,8000
0,62,21,179,73,1,3,3,900,1000
2,59,19,181,70,1,3,3,550,1000
0,63,23,170,62,1,4,3,700,1000
0,69,31,191,85,1,2,2,950,5000
0,56,21,168,61,1,3,2,325,2000
0,57,19,185,80,1,3,2,375,500
0,61,24,180,76,1,3,2,475,1000
0,63,22,180,80,1,3,2,1100,5000
0,58,22,179,69,1,3,2,425,1000
0,62,17,175,70,1,3,2,1000,2000
0,58,20,185,78,1,3,2,450,1000
2,57,19,176,71,1,3,2,350,650
0,62,22,182,65,1,3,3,900,2000
0,61,25,180,78,1,2,2,425,500
0,61,19,171,69,1,3,3,775,2000
0,67,23,191,90,1,3,2,2100,2000
0,63,24,180,83,1,3,2,700,700
0,63,20,193,78,1,3,2,1100,4000
0,57,21,178,76,1,3,2,375,500
0,60,22,170,62,1,3,2,525,1000
2,61,22,179,71,1,3,3,525,800
0,73,28,185,82,1,3,2,2900,15000
0,58,23,177,70,1,4,2,325,900
0,64,20,183,75,1,3,2,1300,7000
0,61,19,180,63,1,3,2,775,2000
0,60,22,175,71,1,3,2,400,2000
0,55,21,178,70,1,3,2,275,2000
0,62,22,182,81,1,3,2,775,2000
0,60,21,172,70,1,2,2,525,5000
0,66,18,192,78,1,3,2,1900,2000
0,59,17,171,66,1,3,3,550,500
0,54,20,181,69,1,2,2,240,2000
0,58,21,188,78,1,2,3,500,650
0,60,17,178,76,1,4,2,675,550
1,56,28,179,73,1,3,2,140,500
0,61,22,180,68,1,2,2,725,900
0,63,19,180,74,1,5,2,1100,1000
0,68,19,162,62,1,3,2,1200,500
0,60,23,180,73,1,4,2,350,2000
0,60,21,168,61,1,3,2,525,500
0,67,22,173,60,1,3,2,2300,500
0,64,19,177,70,1,3,3,1400,1000
0,63,20,180,75,1,3,2,1200,2000
0,71,24,190,84,1,2,2,3500,7000
1,57,30,180,83,1,4,3,160,4000
0,60,25,175,71,1,3,2,325,2000
0,71,24,191,82,1,3,2,2600,10000
0,71,20,191,91,1,2,2,3800,17000
0,59,20,180,70,1,3,2,230,1000
0,60,20,184,75,1,2,3,550,500
0,65,36,171,65,1,2,2,140,500
0,64,26,179,87,1,3,2,675,500
0,66,34,179,75,1,3,3,325,500
0,54,20,172,70,1,3,2,250,5000
0,55,18,174,70,1,3,2,300,700
0,52,19,168,71,1,2,2,170,500
0,62,24,185,75,1,2,3,600,1000
0,62,21,185,79,1,3,2,650,950
0,62,21,190,83,1,4,2,900,2000
0,60,20,181,71,1,3,3,500,1000
0,67,21,182,75,1,3,2,2300,6000
0,66,29,181,64,1,3,2,850,500
0,51,19,175,71,1,3,2,140,700
0,60,20,177,77,1,4,2,600,3000
0,61,22,188,73,1,3,2,700,2000
0,55,20,186,79,1,3,2,300,3000
0,67,21,185,75,1,3,2,2100,500
0,59,30,183,79,1,3,2,220,500
0,66,31,187,77,1,3,2,575,500
0,67,24,184,84,1,3,2,1500,2000
0,62,26,176,75,1,3,2,525,1000
0,59,19,189,76,1,3,2,550,500
0,63,26,185,84,1,2,2,550,3000
0,61,29,178,82,1,3,2,325,4000
0,65,20,183,68,1,3,2,1600,2000
0,67,24,187,80,1,3,2,1400,2000
0,62,23,178,76,1,2,2,900,1000
0,68,28,194,96,1,3,3,1200,15000
0,66,32,179,80,1,3,3,600,500
0,61,21,181,71,1,3,3,525,600
0,61,21,183,70,1,4,3,800,6000
0,60,18,178,76,1,3,2,575,700
0,60,21,167,63,1,3,2,550,2000
0,60,20,186,80,1,3,2,550,3000
0,57,29,179,74,1,3,2,140,1000
0,58,19,188,80,1,3,2,500,1000
0,61,24,180,78,1,3,2,475,500
0,67,25,177,70,1,2,2,1200,7000
0,62,21,178,67,1,3,3,975,1000
0,70,21,187,71,1,3,2,3300,8000
0,61,20,185,71,1,2,2,450,2000
0,63,23,173,66,1,2,2,1000,1000
0,54,17,180,75,1,2,3,325,500
0,62,24,183,77,1,3,2,550,500
0,68,22,189,81,1,3,2,2500,3000
0,60,25,188,85,1,3,2,325,500
0,56,19,184,79,1,5,2,375,500
0,63,28,187,86,1,3,3,500,2000
0,63,22,191,80,1,3,2,1100,2000
0,57,18,177,69,1,3,3,425,500
0,62,28,172,57,1,2,3,350,500
0,60,30,189,81,1,3,2,240,2000
0,60,18,166,60,1,3,3,325,500
0,64,21,189,75,1,3,2,850,2000
0,54,18,185,80,1,3,2,250,850
0,64,20,178,75,1,3,2,1300,900
0,63,21,188,72,1,2,2,1000,2000
0,62,21,179,76,1,3,2,850,2000
0,61,19,180,72,1,3,3,775,500
0,65,24,194,88,1,3,2,975,500
0,55,19,184,77,1,3,2,300,650
0,59,19,170,69,1,3,3,475,1000
0,60,20,175,70,1,3,2,600,2000
0,62,19,174,72,1,3,2,1000,500
0,64,24,176,78,1,3,3,800,500
0,62,21,173,65,1,2,2,950,3000
0,60,18,177,65,1,2,2,500,750
0,53,17,189,78,1,3,2,110,500
0,55,18,184,75,1,3,2,300,500
1,60,29,174,70,1,3,2,220,500
0,76,31,193,88,2,2,2,5000,33000
0,57,29,184,79,1,3,2,160,800
0,64,37,173,68,1,2,2,130,500
0,58,27,182,72,1,2,2,140,2000
0,63,24,177,78,1,2,2,650,500
0,55,18,183,70,1,3,2,350,800
0,70,20,184,76,1,3,2,3600,5000
0,53,21,175,68,1,3,2,210,500
0,62,20,173,70,1,3,3,800,1000
0,61,27,184,84,1,2,2,350,3000
0,57,24,177,81,1,2,2,300,2000
0,58,17,175,65,1,3,3,500,500
0,53,19,173,70,1,3,2,220,2000
0,56,18,177,70,1,3,2,350,850
0,65,24,182,85,1,2,3,1400,4000
0,65,19,168,69,1,2,3,1700,1000
0,59,20,175,70,1,3,2,550,4000
0,53,20,170,65,1,3,4,220,8000
0,56,19,176,68,1,2,2,325,1000
0,67,26,196,75,1,2,2,1100,14000
0,62,20,185,79,1,3,2,825,1000
0,61,21,170,65,1,3,2,725,1000
0,67,20,183,71,1,3,2,2100,7000
0,60,22,182,74,1,3,2,400,850
0,62,20,181,77,1,3,3,875,1000
0,61,21,180,73,1,2,2,725,4000
1,61,27,177,68,1,3,2,325,3000
0,64,35,176,74,1,3,2,180,500
0,61,21,161,59,1,3,2,725,500
0,55,19,176,68,1,3,2,300,700
0,63,22,178,68,1,2,2,1000,2000
0,66,30,188,76,1,3,2,700,3000
0,57,20,180,70,1,3,3,400,600
0,59,20,170,70,1,3,3,500,500
0,65,22,173,73,1,3,4,1600,500
0,63,21,191,65,1,3,2,1000,1000
0,61,22,174,66,1,4,2,675,500
0,60,19,185,70,1,3,2,600,2000
0,57,21,183,77,1,2,2,350,6000
0,60,22,177,75,1,3,3,500,1000
0,63,21,181,70,1,3,3,1100,2000
0,67,27,197,85,1,2,3,1200,2000
0,63,20,176,78,1,4,2,1200,500
0,57,25,172,70,1,2,2,180,2000
1,63,30,190,87,1,3,2,400,4000
0,61,21,177,68,1,2,3,375,3000
0,56,21,170,61,1,2,2,325,1000
0,65,24,191,84,1,3,2,975,2000
2,59,24,178,65,1,4,3,300,500
0,62,28,184,78,1,3,2,400,500
1,55,27,170,62,1,3,2,130,500
0,64,28,192,86,1,2,2,550,2000
0,61,20,175,70,1,2,2,800,4000
0,67,19,204,75,1,3,2,2500,6000
0,54,18,173,69,1,3,2,275,750
0,61,19,177,75,1,3,2,825,750
0,63,21,180,78,1,3,2,1100,3000
0,54,19,188,79,1,2,2,275,500
0,59,21,184,75,1,2,3,500,3000
0,58,21,174,76,1,3,2,190,2000
0,59,20,179,78,1,3,2,525,1000
0,65,23,182,76,1,2,2,675,2000
0,58,18,179,74,1,2,2,500,1000
0,54,17,178,60,1,2,2,325,500
0,64,30,180,66,1,3,2,575,1000
0,74,25,190,90,1,2,2,6000,42000
2,62,23,185,80,1,3,2,600,900
0,63,18,173,63,1,4,3,1300,1000
2,62,24,173,73,1,3,2,525,1000
0,67,23,186,78,1,3,3,2300,9000
0,60,18,178,67,1,3,3,575,900
0,65,23,165,58,1,3,3,1100,500
0,56,17,180,72,1,3,2,325,500
0,55,26,188,76,1,2,2,160,2000
0,65,20,186,76,1,3,2,1500,5000
0,69,23,190,81,1,2,2,2900,3000
0,62,23,177,81,1,2,2,800,500
0,60,22,178,73,1,3,3,550,2000
0,58,17,182,75,1,3,2,230,500
0,53,17,176,69,1,3,2,230,500
1,56,22,167,64,1,4,2,325,500
0,62,21,184,79,1,3,2,650,500
1,63,27,184,80,1,2,2,450,1000
0,57,26,176,64,1,3,2,180,4000
0,60,20,171,70,1,3,3,550,750
0,60,20,183,76,1,3,2,325,600
0,56,19,178,71,1,3,2,350,700
0,61,22,174,58,1,3,2,700,1000
1,55,21,166,65,1,3,2,275,500
0,60,18,175,74,1,3,2,575,1000
0,65,18,185,71,1,3,2,1600,700
0,55,19,179,74,1,3,2,300,1000
0,59,22,181,76,1,3,2,500,600
0,55,19,178,73,1,3,2,275,500
0,55,17,184,70,1,2,2,400,500
2,53,18,176,72,1,3,2,240,550
0,60,20,181,81,1,3,2,500,500
0,59,19,180,75,1,2,2,525,950
0,65,22,171,69,1,3,3,1600,3000
0,64,22,189,80,1,2,3,500,5000
0,60,22,176,62,1,2,2,375,2000
0,60,19,176,72,1,2,2,550,850
0,73,30,196,84,1,3,2,2500,13000
0,65,21,195,76,1,2,2,1700,13000
0,61,19,179,72,1,3,3,700,2000
0,60,22,180,75,1,3,4,550,1000
0,60,22,186,80,1,4,2,550,4000
0,61,25,182,71,1,3,3,400,500
0,56,19,177,74,1,2,2,375,3000
0,54,19,179,64,1,2,2,275,5000
0,64,32,184,79,1,3,2,400,500
0,63,23,188,80,1,3,2,650,3000
0,60,24,184,80,1,3,2,500,500
0,58,17,185,80,1,3,2,600,500
0,61,23,182,74,1,3,3,525,500
0,59,16,180,65,1,3,2,700,2000
0,60,21,184,71,1,3,2,550,800
0,65,24,174,73,1,3,2,950,500
0,55,20,183,73,1,3,2,250,750
0,55,26,170,64,1,4,2,150,2000
0,63,20,189,77,1,3,2,875,500
0,63,19,179,66,1,3,2,1100,2000
0,60,18,192,75,1,3,2,600,1000
0,60,21,183,77,1,3,2,525,2000
0,58,20,167,60,1,3,2,450,500
0,68,23,180,74,1,2,2,1700,500
0,61,20,175,68,1,2,2,650,500
0,65,21,192,75,1,3,2,1500,3000
0,63,24,176,68,1,3,2,0.0,0
0,53,18,178,68,1,3,2,240,500
0,59,22,180,75,1,3,3,500,4000
1,58,22,181,65,1,2,2,0.0,0
0,63,20,182,78,1,3,2,1200,900
0,55,20,183,77,1,2,2,275,1000
0,57,17,174,70,1,3,3,375,500
1,59,22,183,78,1,2,2,475,1000
0,56,20,178,77,1,3,3,300,1000
1,70,30,193,90,1,4,2,1300,3000
0,56,18,174,62,1,3,2,325,500
0,54,20,183,77,1,3,2,170,500
0,59,20,180,70,1,2,2,500,3000
0,73,27,185,85,1,2,2,0.0,0
0,64,27,189,80,1,2,2,600,2000
0,58,17,175,67,1,2,3,500,500
0,60,21,183,75,1,3,2,525,2000
0,66,31,179,74,1,2,2,575,500
0,62,28,168,63,1,3,2,400,500
1,54,21,180,78,1,3,2,220,500
0,55,19,182,70,1,3,2,275,950
0,59,25,180,77,1,2,2,275,2000
0,61,25,184,80,1,3,2,210,4000
0,60,25,183,80,1,2,2,300,500
0,62,18,181,72,1,3,3,1000,1000
0,59,23,185,75,1,3,2,500,2000
0,63,21,185,79,1,3,2,1200,2000
0,63,27,189,78,1,4,2,550,1000
0,59,28,182,79,1,3,2,220,1000
0,62,19,190,80,1,3,2,950,1000
0,59,21,180,76,1,3,3,500,1000
0,58,21,178,69,1,3,3,500,1000
0,60,24,174,65,1,3,3,300,2000
0,58,17,174,63,1,3,4,500,500
0,61,19,178,76,1,3,2,775,3000
0,67,29,184,80,1,2,2,950,5000
0,62,19,178,70,1,3,2,950,2000
0,62,25,175,67,1,3,2,475,850
0,63,22,188,79,1,4,2,1100,3000
0,59,18,184,79,1,3,2,550,600
0,61,30,180,67,1,4,2,325,800
0,72,25,190,83,1,3,2,3100,26000
0,64,31,193,90,1,3,2,500,750
0,60,23,170,64,1,3,2,375,2000
0,60,22,188,79,1,2,2,475,2000
0,60,26,183,77,1,3,2,325,650
2,62,29,185,78,1,2,2,400,1000
0,72,24,191,74,1,3,2,3200,6000
1,52,21,185,80,1,3,2,200,1000
0,57,25,183,75,1,3,2,220,2000
0,64,22,183,72,1,3,3,1300,2000
0,64,21,177,73,1,3,2,1300,2000
0,59,28,178,71,1,3,2,200,3000
0,61,22,175,68,1,2,3,725,1000
1,58,20,176,67,1,3,2,425,1000
1,61,33,177,75,1,3,2,200,4000
0,65,22,182,72,1,3,3,1600,2000
0,59,18,169,74,1,4,2,525,850
0,59,21,184,74,1,2,2,500,2000
0,59,23,178,76,1,3,2,350,600
0,65,23,181,82,1,3,2,1500,3000
0,63,19,190,78,1,3,2,1100,1000
0,57,21,178,71,1,2,2,375,500
2,59,17,185,74,1,2,2,475,500
0,66,31,184,78,1,2,2,575,500
0,66,20,177,73,1,3,3,2100,3000
0,63,24,184,72,1,3,3,650,2000
0,63,23,180,65,1,3,2,925,2000
0,60,20,180,72,1,3,2,450,1000
0,58,23,178,73,1,3,2,400,1000
2,56,17,169,64,1,3,2,300,500
0,72,29,192,84,1,1,2,2000,33000
0,64,23,180,72,1,2,2,1100,2000
1,59,21,186,81,1,3,2,500,500
0,58,18,173,70,1,2,2,525,500
0,61,23,183,73,1,2,2,625,700
0,62,18,177,70,1,2,2,875,750
0,60,28,168,65,1,3,2,250,500
0,65,24,181,77,1,3,2,1100,500
2,62,23,177,72,1,3,2,525,2000
1,55,23,171,58,1,3,2,275,500
0,66,22,191,83,1,3,2,1800,5000
0,59,22,175,75,1,3,3,500,700
0,61,19,180,70,1,3,3,775,1000
0,58,20,177,63,1,3,2,425,2000
0,59,19,173,65,1,3,2,550,1000
0,56,21,183,80,1,3,2,325,500
0,62,21,178,71,1,3,2,850,1000
0,58,24,183,81,1,3,2,275,1000
0,58,19,184,73,1,2,2,450,850
0,57,18,178,63,1,2,2,425,900
0,60,20,172,66,1,5,2,525,3000
0,60,21,175,62,1,3,3,550,500
0,62,17,185,72,1,3,3,1000,4000
0,61,23,180,75,1,2,2,675,1000
0,61,19,169,61,1,3,2,775,2000
0,65,28,192,83,1,2,2,625,1000
0,62,22,172,66,1,3,3,900,2000
0,61,20,183,78,1,3,2,675,2000
0,61,21,185,74,1,3,2,750,4000
0,62,23,176,71,1,3,3,625,2000
0,60,25,190,82,1,3,2,300,2000
1,57,20,170,65,1,3,3,400,2000
0,69,28,188,84,1,3,2,1300,9000
0,59,23,177,68,1,4,2,325,1000
0,61,20,180,66,1,4,3,800,1000
0,71,22,193,78,1,3,2,3900,500
0,61,18,178,62,1,3,3,700,500
0,60,24,170,65,1,3,2,375,2000
0,55,20,177,77,1,3,2,275,5000
0,62,21,172,70,1,3,2,525,650
1,59,23,174,67,1,4,2,325,550
0,55,20,183,75,1,2,2,300,600
0,60,25,182,77,1,2,2,230,2000
0,64,23,185,75,1,3,2,1100,3000
0,61,20,175,75,1,3,2,725,2000
0,61,21,181,75,1,2,2,725,2000
1,55,22,161,63,1,4,2,275,500
1,61,22,183,78,1,3,3,800,2000
0,61,23,183,77,1,2,2,675,650
1,57,23,179,69,1,3,2,300,550
0,66,19,180,76,1,4,2,1900,2000
0,63,21,175,70,1,3,3,575,1000
0,59,20,171,68,1,4,3,550,700
0,61,21,178,79,1,3,2,750,1000
1,55,22,178,74,1,3,2,275,1000
0,69,24,194,82,1,4,2,1700,6000
0,66,31,180,74,1,2,2,575,500
0,54,19,182,75,1,3,2,275,1000
0,61,18,172,65,1,3,2,700,500
0,61,22,185,80,1,3,2,750,2000
0,61,20,169,67,1,3,3,750,1000
0,62,19,172,68,1,4,3,850,1000
0,55,17,168,56,1,3,2,325,500
0,60,20,186,72,1,3,3,650,7000
0,56,22,175,85,1,3,2,300,500
0,62,18,170,61,1,3,3,625,500
0,61,21,172,67,1,2,3,800,2000
0,60,23,170,68,1,3,2,525,1000
0,63,21,174,72,1,2,2,1000,500
0,58,20,194,87,1,4,2,425,1000
0,63,21,178,72,1,3,2,1000,15000
0,58,19,181,65,1,3,3,475,500
0,60,20,177,68,1,4,2,550,1000
0,60,18,174,67,1,3,3,575,500
0,54,20,173,64,1,4,2,210,500
0,57,20,176,70,1,3,2,400,3000
0,68,25,183,80,1,2,2,1500,4000
0,62,21,182,78,1,2,2,900,1000
0,57,22,175,64,1,2,2,325,1000
0,60,26,164,59,1,3,3,300,1000
0,62,24,173,72,1,2,2,550,1000
0,61,21,182,75,1,4,3,675,950
0,64,25,192,80,1,2,2,775,2000
0,59,25,176,71,1,3,2,300,3000
0,61,24,172,73,1,3,2,425,500
0,53,20,174,60,1,3,2,220,1000
0,61,24,178,75,1,3,2,425,3000
0,60,20,183,65,1,3,3,550,3000
0,61,19,172,60,1,3,2,750,1000
0,64,22,181,78,1,4,2,950,3000
0,60,18,173,67,1,3,4,625,1000
0,62,19,188,75,1,3,2,875,950
0,60,23,171,67,1,3,3,400,1000
0,60,28,177,75,1,4,2,0.0,0
0,66,22,192,87,1,3,3,1800,4000
0,62,21,170,70,1,3,2,600,500
1,59,21,177,66,1,3,2,550,1000
0,62,21,174,65,1,2,2,850,1000
0,62,24,175,68,1,3,2,550,500
0,54,20,180,72,1,2,3,240,1000
0,66,28,188,87,1,3,2,800,5000
0,63,22,177,74,1,2,2,925,500
0,64,27,168,71,1,2,3,625,500
0,61,28,185,78,1,3,3,325,2000
1,60,19,178,73,1,3,2,600,1000
0,63,21,183,75,1,3,2,1000,1000
0,54,19,180,72,1,2,2,230,1000
0,76,33,178,73,3,3,1,0.0,0
0,59,24,175,67,1,1,2,325,1000
0,56,20,188,75,1,3,2,325,750
0,59,18,180,63,1,4,2,575,500
0,58,21,173,73,1,2,2,300,550
0,58,20,179,67,1,3,2,450,2000
0,60,20,174,70,1,3,3,525,1000
0,62,20,177,75,1,3,3,875,500
0,60,20,181,75,1,3,3,550,500
0,61,22,182,78,1,3,2,700,1000
0,52,17,180,75,1,2,2,210,500
0,60,18,180,75,1,3,3,625,500
0,61,21,181,69,1,3,2,625,1000
0,63,24,183,77,1,2,2,700,500
0,56,20,165,77,1,3,2,375,1000
0,61,19,175,70,1,2,2,850,500
0,61,18,186,70,1,3,3,750,1000
0,58,22,182,81,1,3,2,425,750
0,62,22,186,74,1,3,2,925,1000
0,63,22,182,80,1,3,2,900,2000
0,63,21,182,74,1,3,3,575,2000
0,58,19,169,70,1,3,2,525,700
0,54,19,189,80,1,3,2,275,1000
0,56,20,175,75,1,3,2,300,1000
0,62,21,173,65,1,3,3,0.0,0
0,50,17,176,73,1,3,2,120,500
0,65,24,182,76,1,3,2,1000,500
0,63,22,186,74,1,2,2,900,3000
0,59,19,187,84,1,3,2,575,5000
0,68,24,178,72,1,3,2,1700,4000
0,62,22,178,76,1,3,3,650,2000
0,65,33,180,78,1,2,2,350,500
0,61,23,184,71,1,4,3,725,2000
2,62,23,173,73,1,3,2,575,800
0,58,20,187,76,1,3,2,500,6000
0,60,18,182,75,1,3,2,550,650
0,62,19,191,88,1,5,3,1000,650
0,59,19,175,73,1,3,2,500,500
0,61,18,169,62,1,3,3,825,1000
0,61,25,180,65,1,2,2,425,500
0,62,23,189,80,1,2,2,575,2000
0,59,24,187,73,1,4,2,300,550
0,67,22,187,77,1,3,2,2100,1000
0,62,20,188,78,1,3,2,875,1000
0,64,24,188,72,1,3,3,800,2000
0,61,20,178,66,1,3,3,800,800
0,55,20,184,68,1,3,2,250,2000
0,57,17,173,65,1,3,2,400,500
0,61,27,180,77,1,3,2,325,1000
0,54,18,181,74,1,2,3,250,850
0,61,21,190,69,1,2,3,725,4000
0,67,27,186,80,1,2,2,1200,6000
0,62,20,179,72,1,3,2,825,1000
0,56,21,182,74,1,3,2,350,800
0,63,19,181,73,1,3,3,1100,2000
0,62,20,180,75,1,3,2,875,2000
0,63,18,177,79,1,3,3,1100,3000
0,55,20,175,68,1,3,2,275,2000
0,64,21,186,77,1,2,3,1300,5000
0,61,29,169,67,1,3,2,300,500
0,57,19,183,72,1,3,2,400,700
0,60,22,185,77,1,3,2,550,800
0,82,28,185,77,3,4,1,26000,45000
0,67,21,195,90,1,2,2,2100,3000
0,62,21,179,75,1,3,2,600,1000
0,58,19,174,68,1,3,2,450,1000
0,65,24,175,69,1,3,2,1100,500
1,56,18,175,65,1,3,2,350,500
0,56,20,183,78,1,3,3,130,500
0,53,19,175,68,1,3,2,200,2000
0,61,18,184,75,1,3,2,775,500
0,72,29,188,80,1,3,2,1600,7000
0,58,18,165,60,1,3,2,400,500
0,60,20,179,72,1,2,2,575,500
0,64,29,193,84,1,5,2,550,2000
1,55,18,180,77,1,3,2,300,2000
1,53,23,180,72,1,3,2,210,800
0,60,27,187,80,1,3,3,230,1000
0,62,22,182,75,1,2,2,850,500
0,62,17,179,71,1,3,3,1200,2000
0,59,20,179,71,1,3,2,500,2000
0,61,26,177,75,1,4,2,400,700
0,63,23,180,70,1,4,2,925,3000
0,61,20,191,82,1,3,2,675,950
0,64,18,190,73,1,3,2,1300,2000
0,62,22,167,54,1,4,3,550,4000
0,66,30,188,78,1,3,2,700,2000
1,62,24,183,76,1,2,2,575,800
0,64,25,195,85,1,2,2,775,3000
0,59,20,185,77,1,2,2,475,2000
0,60,20,172,70,1,3,3,550,2000
0,58,36,194,92,1,2,2,45,2000
0,60,17,185,82,1,3,2,525,500
0,51,19,178,73,1,3,2,140,1000
0,60,19,185,84,1,3,2,550,500
0,67,20,186,77,1,2,2,2300,6000
0,54,17,182,70,1,3,2,210,500
0,64,25,182,73,1,3,2,450,3000
0,60,18,186,75,1,3,2,575,850
0,57,22,183,79,1,3,2,300,1000
0,63,21,183,69,1,2,2,1100,3000
0,61,20,170,65,1,3,2,750,3000
0,61,20,191,78,1,2,2,800,500
0,66,23,179,80,1,3,4,1300,500
0,53,20,177,65,1,3,2,220,600
0,61,21,184,81,1,3,2,750,2000
0,60,18,170,66,1,3,2,575,750
0,63,24,187,77,1,3,3,650,500
1,60,21,178,70,1,3,2,350,1000
0,61,21,185,73,1,3,3,750,1000
0,60,22,176,61,1,3,2,500,950
0,64,21,188,80,1,3,2,1300,3000
0,62,21,184,91,1,2,2,925,5000
0,55,20,178,71,1,3,2,275,1000
0,55,17,184,75,1,3,3,300,500
0,59,29,179,79,1,2,2,190,500
0,59,20,166,66,1,2,3,350,1000
0,56,26,182,70,1,4,2,160,2000
0,64,25,185,80,1,3,2,750,3000
0,54,22,175,69,1,3,2,170,3000
0,76,22,196,89,1,2,2,15500,11000
0,55,19,180,75,1,3,2,300,2000
0,57,22,171,68,1,3,2,375,550
0,58,23,187,80,1,2,2,300,1000
0,56,19,177,76,1,2,2,325,1000
0,56,19,197,78,1,3,2,350,2000
0,70,22,187,85,1,3,2,3300,8000
0,61,22,180,74,1,3,2,725,2000
0,56,22,176,68,1,3,2,325,1000
0,62,22,183,77,1,3,2,775,1000
0,52,20,175,65,1,2,2,190,950
1,54,19,171,63,1,3,2,230,1000
0,67,20,178,59,1,3,3,2200,14000
0,58,19,186,70,1,3,2,525,600
0,65,26,187,79,1,3,2,925,2000
0,60,19,183,67,1,3,3,575,1000
0,65,24,181,80,1,3,2,1000,2000
1,72,23,200,79,1,3,2,3200,16000
0,62,23,175,70,1,4,3,900,2000
0,59,21,188,77,1,3,2,500,5000
0,54,17,182,75,1,3,2,300,500
0,58,16,172,63,1,2,2,475,500
0,58,18,172,70,1,3,3,525,1000
0,59,22,178,68,1,2,2,325,700
0,58,19,178,70,1,4,2,525,1000
2,56,19,174,68,1,3,2,325,500
0,63,26,178,74,1,3,3,600,500
0,63,24,188,80,1,3,2,675,1000
0,57,24,182,74,1,3,2,240,3000
0,65,26,187,82,1,2,2,775,2000
0,62,18,174,67,1,2,2,800,500
0,62,20,180,78,1,3,2,825,500
0,71,22,189,84,1,3,2,3500,13000
0,63,23,182,70,1,3,2,925,500
0,61,19,181,79,1,3,3,775,1000
0,67,32,187,82,1,3,2,650,4000
0,57,20,177,73,1,3,2,350,1000
0,62,20,169,60,1,3,3,875,500
0,62,17,185,75,1,2,2,1000,500
0,62,18,165,60,1,3,2,975,2000
0,64,25,185,79,1,3,2,725,500
0,58,20,180,78,1,3,3,450,500
0,61,29,181,77,1,2,2,300,1000
0,73,33,192,80,1,2,3,1500,7000
0,57,19,175,70,1,3,2,375,500
2,57,17,173,65,1,3,2,400,500
0,70,19,195,89,1,2,2,2700,5000
0,62,19,175,64,1,3,2,950,900
0,61,21,177,68,1,3,3,800,1000
0,56,20,178,66,1,3,2,275,1000
0,60,20,184,78,1,3,2,550,500
0,70,24,192,83,1,3,2,2200,8000
0,55,19,183,70,1,3,2,275,650
0,62,28,177,72,1,3,3,400,500
0,61,20,178,75,1,3,2,675,500
0,65,25,185,82,1,3,2,950,2000
0,61,22,177,76,1,3,2,475,800
0,57,20,177,70,1,3,2,240,1000
0,57,19,165,64,1,3,3,400,500
0,62,16,187,75,1,3,2,925,500
0,55,20,173,62,1,3,2,300,1000
0,56,19,180,73,1,3,2,300,500
0,60,18,189,76,1,3,3,575,800
0,60,20,175,74,1,2,2,550,3000
0,53,19,180,70,1,3,3,0.0,0
0,62,27,178,72,1,3,2,450,500
0,64,23,187,80,1,2,2,1100,3000
0,60,18,170,65,1,4,3,575,2000
0,69,25,193,80,1,3,2,1700,6000
0,62,20,190,83,1,3,2,875,2000
0,65,23,188,76,1,3,2,1500,2000
0,65,25,188,80,1,3,2,1000,850
0,55,18,177,65,1,3,2,160,500
0,58,21,183,77,1,3,2,450,500
1,60,21,178,69,1,2,3,600,5000
0,65,26,180,78,1,3,2,875,500
0,66,20,183,75,1,4,2,1900,2000
0,60,22,169,66,1,3,3,550,2000
0,69,20,186,79,1,2,2,2900,3000
0,63,19,179,73,1,3,3,1200,3000
0,59,25,182,75,1,3,2,275,500
0,62,17,175,68,1,2,2,875,500
0,67,22,178,63,1,4,4,2500,35000
0,62,21,179,68,1,2,2,475,1000
0,65,26,180,78,1,2,2,950,4000
0,59,22,176,70,1,3,3,450,500
0,66,26,178,74,1,3,2,0.0,0
0,64,26,175,72,1,3,2,625,600
0,64,20,187,71,1,3,3,1500,9000
0,68,36,191,82,2,3,2,400,5000
0,60,17,180,75,1,3,2,675,1000
0,57,19,178,65,1,3,2,400,2000
1,57,19,170,75,1,4,2,350,500
0,60,25,175,78,1,2,2,300,2000
0,62,19,180,76,1,3,3,950,1000
0,64,20,181,74,1,3,2,1200,3000
0,53,21,173,75,1,3,2,210,1000
0,59,25,190,83,1,4,3,275,3000
0,64,30,187,79,1,3,2,575,3000
0,59,20,175,65,1,3,2,500,500
0,57,21,185,77,1,3,2,350,2000
0,60,17,179,77,1,3,2,550,500
0,54,17,175,65,1,3,2,325,500
0,62,19,170,63,1,2,2,950,500
0,64,22,188,75,1,2,2,1100,5000
0,64,29,180,75,1,3,2,500,700
0,58,18,178,68,1,3,2,525,500
0,60,28,178,75,1,4,2,220,4000
0,52,18,181,66,1,3,2,180,650
0,61,20,180,68,1,4,3,725,3000
0,61,21,169,60,1,3,3,800,500
0,60,32,188,82,1,3,2,160,1000
0,59,19,179,66,1,4,3,575,5000
0,57,18,175,72,1,3,2,375,1000
0,68,26,190,77,1,3,2,1100,4000
0,58,19,177,65,1,3,3,450,500
0,63,24,187,78,1,3,2,725,750
0,56,19,186,78,1,3,3,350,550
0,54,19,173,65,1,4,2,230,1000
0,55,24,178,75,1,3,2,200,1000
0,62,22,177,71,1,3,3,850,1000
0,64,20,184,86,1,3,2,1200,1000
1,60,21,170,58,1,3,2,600,1000
0,67,22,193,86,1,2,2,2100,11000
0,61,19,177,75,1,3,2,750,1000
0,61,20,172,62,1,3,2,675,2000
0,60,22,180,70,1,3,2,375,950
2,57,17,178,71,1,3,2,350,500
0,56,19,174,71,1,4,2,325,2000
0,63,21,175,76,1,3,4,1100,500
0,53,17,180,73,1,3,2,210,500
0,60,21,170,68,1,3,2,600,1000
0,64,28,181,67,1,3,2,525,2000
0,87,26,191,89,2,4,1,80000,90000
0,66,37,180,78,1,2,2,150,500
1,59,22,180,70,1,3,2,500,950
0,63,24,180,70,1,3,2,975,6000
0,63,25,194,83,1,3,2,725,1000
0,65,22,189,75,1,2,2,1500,3000
0,58,18,185,75,1,3,2,475,500
0,66,24,186,77,1,2,2,1100,500
0,60,20,180,74,1,3,3,475,600
0,57,21,183,75,1,3,2,375,500
0,63,21,160,60,1,2,2,1000,650
0,59,18,182,81,1,3,2,525,2000
0,55,21,187,83,1,2,2,275,2000
0,61,18,174,76,1,4,2,700,850
0,58,24,177,74,1,3,2,300,2000
0,59,18,186,71,1,3,3,575,850
0,61,25,178,70,1,2,3,425,1000
1,54,33,177,73,1,3,2,70,2000
0,60,22,173,72,1,3,2,550,500
0,52,19,182,66,1,3,2,70,600
1,59,19,180,70,1,3,2,500,1000
0,63,27,192,75,1,3,2,525,2000
0,61,22,169,66,1,3,2,725,500
2,52,16,167,63,1,3,2,200,500
0,67,27,175,70,1,3,2,1200,500
0,61,20,192,78,1,3,2,675,3000
0,58,20,177,71,1,2,2,425,1000
0,64,20,189,76,1,3,2,1200,1000
0,61,23,185,78,1,3,2,600,2000
0,53,20,182,66,1,3,2,200,900
0,61,22,180,70,1,2,2,625,900
0,59,19,170,65,1,3,3,475,500
0,59,24,171,67,1,2,2,300,2000
0,53,19,173,65,1,3,2,200,550
0,63,20,193,87,1,4,2,1200,3000
0,64,28,184,79,1,3,3,600,5000
0,58,19,182,79,1,3,3,475,500
0,63,19,183,75,1,3,2,1100,4000
0,61,17,179,78,1,2,2,850,500
0,58,20,184,74,1,4,3,450,550
0,59,19,181,75,1,3,2,475,1000
0,53,18,178,66,1,4,3,240,700
0,63,18,191,86,1,3,2,1100,2000
0,63,22,191,96,1,3,2,900,500
0,64,18,182,69,1,2,2,1400,7000
0,61,19,181,70,1,4,3,775,500
0,64,23,183,75,1,3,2,925,2000
0,63,18,184,76,1,3,2,1100,950
0,68,29,191,90,1,3,2,1000,4000
0,54,17,181,68,1,3,2,325,500
0,60,19,174,69,1,3,2,575,600
0,56,18,182,73,1,5,2,325,500
0,61,23,198,87,1,3,2,725,5000
0,54,19,182,75,1,3,2,250,500
0,66,25,185,80,1,2,2,900,6000
0,59,17,167,60,1,3,2,525,500
0,61,22,177,72,1,3,2,475,2000
0,61,20,175,66,1,3,2,725,2000
0,61,22,177,74,1,3,2,700,500
0,62,17,178,76,1,3,2,925,500
0,62,19,179,77,1,3,2,950,2000
0,61,20,183,72,1,3,2,750,2000
0,66,30,188,85,1,3,2,700,3000
0,66,21,191,83,1,3,2,1800,2000
0,61,22,190,78,1,3,2,750,550
0,56,19,178,65,1,2,2,350,1000
0,59,21,170,63,1,2,3,550,8000
1,55,22,175,70,1,4,2,275,500
0,67,28,188,77,1,3,2,1000,3000
0,60,24,183,76,1,3,2,450,500
0,58,26,188,73,1,3,3,240,2000
0,64,26,187,78,1,2,2,775,2000
0,64,17,187,80,1,3,2,1500,1000
0,61,21,182,75,1,3,2,750,1000
0,52,19,177,71,1,3,2,190,550
0,54,20,181,68,1,3,2,220,900
0,58,24,178,79,1,3,2,325,1000
0,62,27,177,71,1,2,3,425,850
0,55,18,180,70,1,3,2,300,2000
1,54,20,176,68,1,3,2,240,700
0,58,20,187,78,1,3,3,500,600
0,62,18,179,69,1,3,3,925,550
0,65,31,180,79,1,2,2,500,500
0,60,28,178,77,1,3,2,220,700
0,55,20,180,75,1,3,2,300,500
0,52,19,181,73,1,3,2,220,2000
0,62,18,177,73,1,3,3,1000,500
0,59,18,175,61,1,4,2,700,2000
0,58,19,180,75,1,2,2,425,2000
0,61,18,181,72,1,3,2,750,3000
0,53,18,175,72,1,2,2,240,750
0,59,20,186,76,1,3,2,500,500
1,55,26,185,75,1,3,2,160,500
0,62,27,184,83,1,3,2,475,3000
0,57,23,172,65,1,3,2,250,2000
2,57,21,164,64,1,3,3,375,1000
0,58,20,181,75,1,3,2,450,650
2,57,21,178,73,1,3,2,300,1000
0,62,23,181,72,1,2,3,625,3000
0,64,25,172,74,1,3,2,725,500
0,59,19,180,75,1,3,3,500,700
0,62,23,187,73,1,2,3,875,1000
2,60,22,182,71,1,4,2,500,4000
0,65,39,169,75,1,3,2,240,500
0,60,24,190,84,1,3,2,325,1000
0,60,18,164,59,1,3,2,625,3000
0,61,19,174,73,1,3,2,725,2000
0,59,26,175,68,1,3,3,275,700
2,60,24,181,67,1,3,2,325,700
0,60,24,180,84,1,3,2,350,1000
0,54,19,186,82,1,3,2,275,850
0,61,23,183,77,1,3,2,500,2000
0,63,25,181,81,1,3,2,675,500
0,58,20,178,73,1,2,2,450,500
0,62,19,183,74,1,3,2,875,1000
0,70,25,194,80,1,2,2,1900,23000
0,53,17,180,77,1,3,2,230,500
0,54,19,192,78,1,3,2,240,500
0,59,25,181,75,1,3,2,300,1000
0,56,19,176,69,1,3,2,190,1000
0,62,20,166,66,1,3,3,950,500
0,59,27,178,76,1,3,2,240,1000
0,67,23,184,70,1,3,2,1200,4000
0,61,22,177,68,1,2,2,725,3000
0,71,28,191,92,1,3,2,1600,25000
0,61,19,172,67,1,3,2,750,850
0,55,18,172,70,1,3,3,275,1000
0,67,22,192,88,1,3,2,2100,8000
0,53,19,183,74,1,3,2,200,1000
0,61,20,171,68,1,3,2,600,500
0,60,18,168,63,1,2,2,525,500
0,58,25,183,69,1,4,2,230,1000
0,59,20,175,76,1,4,2,525,2000
2,57,21,170,70,1,3,2,350,1000
0,54,20,177,72,1,2,2,250,4000
0,60,18,180,68,1,3,2,575,700
0,59,19,172,63,1,3,2,525,500
0,54,21,165,67,1,2,2,240,1000
0,61,25,192,83,1,2,2,450,900
0,59,20,183,75,1,3,2,500,500
0,52,18,173,68,1,2,2,180,500
0,62,21,181,74,1,4,2,850,900
0,56,22,175,72,1,3,2,300,1000
0,64,21,177,76,1,2,2,1300,500
0,63,21,187,82,1,3,2,1000,1000
0,64,18,191,85,1,3,2,1300,6000
0,54,18,184,76,1,3,2,230,500
0,58,18,180,78,1,3,3,475,700
0,55,20,173,70,1,3,2,250,500
0,53,17,183,70,1,3,2,210,550
0,53,21,181,77,1,3,2,210,500
0,62,23,177,74,1,3,2,750,750
0,65,24,181,78,1,3,2,975,500
1,59,22,183,81,1,3,2,475,850
0,60,21,181,76,1,3,2,550,3000
0,62,18,167,71,1,2,3,1100,7000
0,62,27,180,80,1,3,2,475,500
0,59,23,188,80,1,3,2,350,3000
0,58,21,182,69,1,2,2,450,1000
0,61,21,164,63,1,3,3,800,1000
0,59,24,179,62,1,3,2,210,2000
0,63,31,185,80,1,3,2,400,2000
0,63,19,175,74,1,3,2,1000,2000
0,56,20,178,69,1,4,2,350,3000
0,59,18,183,73,1,3,2,575,3000
0,60,24,165,63,1,3,3,325,500
0,63,20,174,66,1,2,2,1100,750
0,62,25,176,70,1,3,3,475,1000
0,61,19,188,82,1,3,2,725,500
0,62,20,175,66,1,2,2,725,500
0,59,23,180,77,1,3,2,350,2000
0,63,22,178,69,1,2,2,1000,4000
0,67,22,183,75,1,2,2,1900,5000
0,62,21,176,72,1,2,2,775,500
0,59,22,180,75,1,3,4,500,1000
0,61,21,182,73,1,5,3,800,2000
0,63,26,181,83,1,2,2,575,500
0,62,17,185,78,1,3,2,1000,700
0,67,23,187,70,1,3,2,2100,4000
0,71,32,197,83,1,3,2,1200,17000
0,62,21,183,75,1,3,3,900,10000
1,59,20,174,64,1,3,3,550,1000
0,57,19,186,81,1,3,2,375,500
0,73,34,193,89,2,2,2,1000,5000
0,66,24,178,71,1,2,2,1300,500
0,65,18,175,63,1,3,5,775,3000
0,54,24,179,69,1,2,2,80,800
0,56,22,175,70,1,2,2,325,500
0,57,21,191,79,1,3,2,300,550
0,66,24,188,79,1,2,2,1200,2000
0,52,18,175,72,1,3,2,220,500
0,66,25,178,70,1,3,3,1100,500
0,57,20,168,70,1,3,3,350,500
0,57,20,181,72,1,3,3,375,500
0,61,23,185,78,1,3,2,600,3000
0,56,20,177,63,1,2,2,350,1000
0,60,18,181,72,1,3,3,575,4000
0,61,20,179,75,1,2,3,725,2000
0,63,22,190,77,1,3,2,1100,2000
0,62,22,186,74,1,2,2,825,2000
0,59,20,187,80,1,3,2,475,1000
0,63,19,182,69,1,3,2,1200,3000
2,58,17,165,60,1,3,2,400,500
0,59,20,183,76,1,3,2,500,2000
0,57,20,194,81,1,3,2,375,3000
0,52,16,177,70,1,3,2,160,500
0,63,25,185,85,1,3,2,650,500
0,59,24,180,76,1,3,2,350,2000
0,61,21,185,74,1,2,2,700,2000
0,66,34,180,75,1,3,2,275,500
0,61,33,176,79,1,3,2,170,500
0,57,20,178,74,1,3,2,350,500
0,61,21,180,71,1,3,2,725,1000
0,63,21,181,77,1,4,2,1000,1000
0,60,28,182,83,1,2,2,250,3000
0,56,18,175,72,1,3,2,325,500
0,60,21,173,61,1,3,3,525,2000
2,53,17,177,63,1,3,2,230,500
0,65,20,188,79,1,3,2,1600,500
0,54,19,180,73,1,3,2,250,1000
0,61,19,181,72,1,3,2,725,1000
2,58,19,167,67,1,2,2,300,1000
0,61,23,183,78,1,3,2,475,1000
0,56,20,182,74,1,3,2,325,2000
0,59,16,180,70,1,3,3,550,600
0,64,21,186,80,1,2,2,1300,500
0,53,19,185,68,1,3,2,210,700
0,63,22,186,74,1,3,2,1000,900
0,58,18,178,70,1,2,2,525,700
0,55,19,172,65,1,2,2,275,500
0,60,20,182,75,1,3,2,600,2000
0,61,23,175,70,1,3,2,600,500
0,58,20,185,69,1,3,2,425,900
0,62,30,177,75,1,3,2,350,1000
0,53,19,175,70,1,4,2,200,1000
0,57,21,170,64,1,2,2,350,1000
0,60,22,165,63,1,2,3,550,500
0,64,19,186,75,1,3,3,1400,1000
0,58,21,174,70,1,3,3,475,4000
0,63,21,194,83,1,4,2,1100,1000
0,64,20,178,70,1,4,3,1400,3000
0,61,18,173,68,1,2,2,750,500
0,59,27,175,65,1,3,2,220,750
0,63,30,189,94,1,2,3,400,500
0,60,20,168,65,1,2,3,550,950
0,56,21,176,71,1,2,2,300,2000
0,56,19,182,77,1,3,2,325,500
0,62,28,188,90,1,3,2,400,1000
0,54,19,184,83,1,3,2,220,500
0,65,21,186,78,1,2,2,1500,5000
0,61,25,188,77,1,2,2,400,1000
0,57,18,187,77,1,3,3,425,550
0,58,16,178,72,1,3,2,550,600
0,57,20,173,69,1,3,2,400,2000
0,63,21,186,76,1,3,2,1100,3000
0,57,19,178,76,1,3,2,400,650
0,61,21,178,68,1,3,2,775,3000
0,54,19,177,72,1,3,2,250,500
0,61,18,168,72,1,4,2,525,2000
0,61,22,186,80,1,3,3,750,3000
0,53,18,175,68,1,2,2,240,500
1,56,22,180,67,1,3,2,300,2000
0,62,24,192,75,1,3,2,800,1000
2,63,23,182,84,1,3,2,700,2000
0,72,26,193,84,1,3,2,2600,6000
0,60,17,167,75,1,3,3,400,4000
0,58,17,169,65,1,3,2,475,500
0,68,22,187,73,1,3,2,2500,4000
0,62,22,180,76,1,3,3,900,4000
0,62,25,184,75,1,3,2,525,500
0,64,25,178,73,1,2,3,650,500
0,57,18,176,68,1,3,3,350,650
0,67,30,176,74,1,3,2,875,500
0,63,26,185,77,1,3,2,575,4000
0,75,28,194,88,2,3,1,0.0,0
0,54,17,165,56,1,2,2,275,500
0,60,24,186,83,1,3,2,350,2000
0,59,27,180,75,1,3,2,275,1000
0,57,23,185,71,1,3,2,350,1000
0,60,20,185,74,1,2,2,525,2000
0,59,18,180,75,1,2,2,500,600
0,64,26,190,82,1,3,3,650,2000
0,53,23,175,79,1,3,2,210,1000
0,59,21,177,68,1,2,2,500,2000
0,62,22,188,81,1,2,2,825,2000
1,56,21,174,72,1,4,2,325,500
0,61,22,184,74,1,4,2,700,4000
0,59,21,185,75,1,3,3,500,1000
0,62,19,186,80,1,3,2,1000,3000
0,56,20,178,64,1,3,2,350,1000
0,53,18,175,60,1,3,2,230,550
0,61,20,176,70,1,3,2,675,3000
0,67,25,180,82,1,2,2,1300,500
0,52,18,180,70,1,2,2,180,500
0,59,21,174,70,1,3,2,500,800
0,57,23,180,75,1,2,3,240,1000
0,59,20,176,82,1,3,3,550,4000
0,61,19,178,70,1,3,2,425,2000
0,61,18,170,65,1,3,3,750,500
0,60,20,175,67,1,2,2,550,500
0,56,21,178,71,1,4,2,325,550
0,58,18,184,72,1,3,2,450,500
0,52,17,172,67,1,3,3,210,500
0,61,20,181,78,1,3,3,800,6000
0,67,24,190,81,1,3,2,1400,5000
0,66,25,191,74,1,3,2,1100,5000
0,68,22,192,86,1,3,2,2300,5000
0,55,18,184,80,1,3,2,300,500
0,62,26,188,80,1,3,2,525,1000
0,61,23,175,65,1,4,2,525,900
0,58,19,181,66,1,3,2,450,850
0,65,21,197,84,1,3,2,1500,500
0,62,33,191,90,1,3,3,250,500
0,53,18,175,70,1,2,2,230,500
0,57,20,180,75,1,3,2,350,2000
0,57,21,181,70,1,3,2,350,500
0,61,21,184,78,1,3,2,800,1000
0,58,19,178,72,1,2,2,475,1000
0,56,20,176,71,1,2,2,300,550
0,59,28,170,56,1,3,2,220,500
0,60,18,182,72,1,2,3,625,1000
0,59,20,193,90,1,3,2,500,4000
0,60,23,180,73,1,3,2,475,550
0,56,19,183,75,1,3,2,325,3000
0,60,24,184,78,1,3,3,400,2000
0,55,21,178,70,1,4,2,275,5000
0,60,27,167,64,1,2,2,250,500
0,55,20,175,74,1,3,2,275,1000
0,60,19,177,74,1,4,2,575,2000
1,54,21,178,70,1,3,2,110,1000
0,63,21,166,62,1,3,4,1100,2000
0,54,19,181,72,1,2,2,240,850
0,54,19,175,71,1,3,2,275,550
0,64,34,186,79,1,2,2,190,900
0,56,18,182,76,1,2,2,325,500
0,61,25,170,68,1,3,3,450,500
0,69,23,190,76,1,3,2,2900,9000
0,57,17,185,75,1,3,2,375,500
0,59,20,181,75,1,3,2,550,7000
0,60,20,185,78,1,3,2,350,1000
0,63,20,186,80,1,4,2,1200,9000
0,68,20,188,78,1,3,2,2500,11000
0,58,20,168,67,1,2,2,450,1000
0,65,24,185,82,1,2,3,725,3000
0,63,20,186,81,1,3,2,1100,3000
0,60,19,174,67,1,3,3,575,850
0,59,21,192,83,1,5,2,475,700
0,62,26,172,69,1,2,2,425,2000
0,60,19,178,68,1,3,3,375,1000
1,62,19,187,77,1,3,2,875,900
0,59,17,176,66,1,2,3,600,1000
0,61,21,176,70,1,3,2,700,900
0,63,23,183,76,1,3,2,775,2000
0,59,16,175,70,1,3,2,500,500
0,60,19,175,66,1,3,3,525,500
0,57,20,179,75,1,3,2,350,700
1,64,32,186,79,1,4,2,375,5000
0,59,21,174,70,1,3,2,500,3000
0,58,19,176,66,1,3,2,475,500
0,58,21,188,78,1,3,2,425,550
0,53,20,176,67,1,3,2,220,3000
0,65,27,185,72,1,2,2,650,4000
0,64,32,194,81,1,3,2,475,2000
0,60,21,173,67,1,3,3,550,500
2,64,28,185,80,1,3,2,550,1000
0,62,23,193,81,1,3,2,750,2000
0,56,17,187,72,1,2,2,350,500
0,57,20,174,68,1,3,2,400,1000
1,60,32,188,82,1,2,2,160,2000
0,58,19,175,66,1,3,2,450,9000
0,60,21,175,70,1,2,2,575,900
0,59,19,173,72,1,3,2,525,800
0,64,26,174,73,1,3,2,700,500
0,58,19,173,68,1,3,2,450,2000
0,65,24,187,80,1,3,2,875,500
0,60,21,185,76,1,2,2,550,750
0,69,31,185,80,1,3,2,950,6000
0,59,21,177,70,1,3,2,475,550
0,62,21,178,70,1,3,3,975,2000
0,58,32,186,78,1,3,2,160,500
0,60,20,174,65,1,2,3,525,2000
0,61,18,173,69,1,3,2,825,1000
1,55,20,183,74,1,2,2,300,700
0,62,19,187,80,1,3,2,1100,4000
0,64,23,198,85,1,2,2,925,3000
0,59,23,176,73,1,3,2,300,3000
0,57,21,185,75,1,2,3,375,700
0,57,19,172,71,1,3,2,375,500
0,63,20,170,62,1,3,3,1100,2000
0,55,20,172,60,1,2,2,250,1000
0,54,22,176,66,1,3,2,170,500
0,63,18,187,78,1,3,2,1100,3000
0,65,19,188,74,1,3,2,1600,8000
0,55,19,171,61,1,3,2,300,1000
0,50,18,173,65,1,3,2,120,650
0,60,23,180,70,1,2,2,400,700
0,58,23,171,64,1,3,2,400,5000
0,57,19,173,70,1,3,2,350,500
0,60,35,188,78,1,3,2,100,2000
0,55,17,177,67,1,3,2,325,500
0,59,18,176,65,1,3,2,550,4000
0,66,24,188,79,1,3,2,1600,2000
0,75,32,191,83,3,3,1,0.0,0
1,59,23,178,66,1,4,2,425,800
0,56,20,188,79,1,3,2,300,900
0,67,26,190,75,1,3,2,1200,8000
0,60,19,184,76,1,3,3,600,3000
0,64,21,174,68,1,2,4,1200,2000
0,62,20,175,70,1,3,3,1000,6000
0,58,22,186,73,1,2,2,450,2000
0,58,22,188,71,1,3,2,450,750
0,54,18,180,64,1,3,2,140,500
0,72,33,175,72,3,3,1,0.0,0
0,61,19,185,67,1,3,2,775,2000
2,64,25,184,80,1,3,2,700,2000
0,57,20,170,65,1,2,2,350,2000
0,61,20,185,78,1,3,2,675,2000
0,61,21,180,80,1,2,2,750,500
0,66,25,189,82,1,2,2,950,3000
0,62,18,182,75,1,3,2,775,550
0,59,20,181,76,1,2,2,500,500
1,57,24,170,68,1,3,3,250,500
0,62,19,176,74,1,3,3,950,2000
0,66,24,183,78,1,3,2,1200,4000
0,57,18,170,71,1,3,3,220,500
0,60,21,180,72,1,2,3,550,1000
0,58,18,180,70,1,3,2,525,500
0,56,20,183,77,1,2,2,300,900
1,57,21,179,74,1,5,2,350,500
0,62,21,185,75,1,3,2,900,2000
0,64,20,185,73,1,3,2,1300,1000
0,61,20,192,77,1,3,3,800,900
0,64,21,174,67,1,3,3,1300,500
0,64,26,194,87,1,3,2,775,750
0,57,18,177,75,1,3,2,400,550
0,71,23,188,80,1,2,2,3900,5000
0,55,18,174,70,1,3,3,325,500
0,82,35,176,75,4,3,1,0.0,0
2,56,17,165,59,1,3,2,350,500
0,63,22,179,77,1,2,2,725,3000
0,63,24,190,79,1,2,2,650,1000
0,64,20,184,75,1,3,2,1200,4000
0,58,18,175,60,1,4,4,525,2000
0,59,20,183,81,1,3,2,275,3000
0,60,20,185,79,1,3,3,550,4000
0,53,23,166,59,1,3,2,190,2000
0,61,20,178,75,1,2,2,875,500
0,61,20,169,65,1,3,3,800,500
0,63,19,166,59,1,3,3,575,1000
0,58,16,178,76,1,2,3,550,2000
0,55,21,181,75,1,3,3,275,1000
0,63,23,190,85,1,4,2,1000,2000
0,61,18,167,60,1,3,2,900,3000
0,69,26,186,86,1,3,2,1400,6000
0,78,39,184,80,3,3,1,1600,11000
0,57,19,178,64,1,4,3,400,650
0,59,18,175,65,1,2,3,525,2000
0,70,30,196,90,1,3,2,1300,17000
0,60,19,174,70,1,3,3,625,3000
0,60,21,175,70,1,3,3,600,700
2,57,21,165,61,1,3,2,325,2000
0,58,21,170,71,1,3,2,450,600
0,58,18,170,66,1,3,2,500,2000
2,58,23,173,63,1,3,2,275,700
0,56,18,176,72,1,4,2,350,500
0,62,23,188,77,1,3,2,900,5000
0,52,17,184,72,1,3,2,180,500
0,61,20,183,78,1,3,2,675,3000
0,53,16,180,73,1,3,2,300,500
0,62,24,180,72,1,2,2,750,500
0,53,19,174,71,1,2,2,220,500
0,61,22,180,70,1,2,2,675,3000
0,55,18,186,74,1,2,2,275,500
0,61,19,182,72,1,4,2,850,6000
0,65,28,198,92,1,3,2,725,7000
0,63,22,185,79,1,2,2,900,2000
1,56,20,173,70,1,3,3,350,1000
0,60,19,180,68,1,3,3,600,1000
0,67,22,185,80,1,2,2,2100,4000
0,57,18,175,62,1,2,3,375,850
1,59,18,171,68,1,3,3,525,500
0,60,21,185,75,1,1,2,525,1000
2,56,18,172,61,1,3,2,325,500
0,58,19,187,70,1,2,2,500,500
0,63,29,178,71,1,3,2,425,2000
0,61,22,185,79,1,2,2,625,500
0,55,18,175,72,1,2,2,250,500
0,60,19,178,73,1,3,2,600,6000
0,65,20,187,70,1,3,2,1600,3000
0,60,19,171,65,1,3,2,550,650
0,60,23,188,80,1,2,2,525,2000
0,54,18,180,70,1,3,2,275,500
0,60,22,185,77,1,3,2,550,500
0,50,18,168,62,1,3,2,110,3000
0,57,16,175,69,1,3,2,375,500
0,62,21,170,65,1,4,3,975,3000
0,62,20,184,67,1,3,2,925,950
0,67,29,188,87,1,3,2,850,5000
1,56,21,180,75,1,3,2,300,700
0,56,19,183,69,1,3,2,325,2000
0,54,20,185,73,1,3,2,210,2000
0,58,18,181,74,1,3,2,450,500
0,61,22,196,88,1,3,2,750,2000
2,59,21,169,63,1,3,2,500,1000
0,79,33,186,83,1,5,1,5500,23000
0,59,29,184,82,1,3,3,220,2000
0,60,21,182,74,1,3,2,575,500
0,58,22,182,71,1,3,3,450,2000
0,62,25,190,80,1,3,2,600,2000
0,69,20,193,80,1,3,2,3200,13000
0,61,21,175,68,1,2,2,625,500
1,55,18,180,75,1,3,3,275,500
0,57,20,180,73,1,3,2,350,900
0,60,21,178,70,1,3,2,550,6000
0,59,19,178,64,1,4,2,575,800
0,61,19,180,70,1,3,2,775,500
0,56,22,170,65,1,3,2,230,500
0,60,21,182,79,1,3,2,550,750
0,53,20,176,70,1,3,2,240,2000
0,58,18,179,76,1,4,2,525,3000
2,67,32,195,92,2,3,2,600,4000
0,62,19,190,82,1,2,2,875,5000
0,57,25,175,72,1,3,2,200,500
0,61,23,190,87,1,2,2,450,750
1,55,21,171,67,1,3,2,275,600
0,68,23,187,83,1,2,2,2200,4000
0,62,27,178,78,1,3,2,425,850
0,59,23,181,72,1,3,2,325,1000
0,61,28,173,70,1,3,2,325,500
0,60,18,183,71,1,3,2,575,1000
0,55,20,172,77,1,3,3,275,700
0,61,18,176,74,1,3,2,725,900
0,62,17,175,71,1,2,2,900,500
0,61,20,174,62,1,3,2,675,500
0,63,20,187,80,1,3,2,975,3000
1,52,17,173,68,1,3,2,170,500
0,63,24,169,68,1,3,3,650,1000
0,61,19,182,75,1,2,2,750,2000
1,53,20,187,78,1,3,2,230,2000
0,59,21,175,70,1,3,2,500,500
0,60,20,167,63,1,2,2,550,2000
0,58,19,181,77,1,2,2,475,1000
1,53,20,172,69,1,3,2,100,2000
0,60,21,180,68,1,3,3,550,1000
0,59,19,188,79,1,3,2,500,3000
0,61,16,180,68,1,3,2,700,500
0,60,30,178,75,1,4,2,240,2000
0,58,22,170,65,1,2,2,425,2000
0,53,17,175,70,1,3,2,230,500
0,60,17,186,78,1,3,2,725,500
0,52,19,179,75,1,3,2,190,1000
0,60,22,191,84,1,3,2,500,700
1,52,22,179,72,1,3,3,180,900
0,61,19,170,73,1,2,3,700,1000
0,56,19,185,71,1,3,2,300,1000
0,62,22,196,76,1,3,2,825,2000
0,54,17,179,71,1,2,2,220,500
1,52,22,172,64,1,4,2,180,500
0,59,19,184,72,1,3,2,500,3000
0,61,19,187,84,1,4,2,775,4000
0,57,18,179,78,1,2,2,400,500
0,58,19,178,78,1,2,2,450,650
0,55,19,167,60,1,3,3,325,2000
0,64,21,187,84,1,4,2,1300,500
0,63,20,177,71,1,3,2,1100,3000
0,55,19,182,74,1,2,2,300,850
0,62,21,175,71,1,3,3,650,500
0,61,19,179,70,1,3,2,775,5000
0,65,27,164,64,1,2,2,750,500
0,61,22,178,72,1,3,3,750,2000
0,66,25,164,65,1,3,4,1100,3000
0,54,18,178,74,1,3,2,250,800
1,55,25,178,71,1,3,3,170,500
0,56,19,187,77,1,3,2,325,1000
0,63,24,171,67,1,3,2,750,500
0,54,17,171,60,1,3,2,300,500
0,59,20,180,80,1,4,2,475,850
0,61,20,193,83,1,2,2,800,2000
0,58,21,168,66,1,3,2,180,1000
0,56,23,180,73,1,3,2,220,1000
0,64,24,178,78,1,3,2,750,500
0,58,22,183,72,1,2,2,325,2000
0,69,27,185,82,1,3,2,1500,4000
0,62,23,184,72,1,2,2,825,3000
0,60,19,175,70,1,2,2,210,1000
0,63,24,195,88,1,2,2,650,2000
0,60,21,170,66,1,2,3,550,500
0,54,20,180,73,1,3,2,250,500
0,60,20,192,75,1,3,2,600,2000
0,55,18,178,64,1,3,2,300,1000
0,66,21,191,69,1,3,4,2100,6000
0,53,18,183,71,1,3,2,250,700
0,57,19,172,64,1,2,2,325,1000
0,60,19,191,90,1,3,2,650,2000
0,59,21,177,69,1,3,2,500,2000
0,57,21,185,70,1,2,2,140,500
0,59,25,181,70,1,3,3,275,850
0,57,19,185,72,1,4,2,400,4000
0,55,18,177,68,1,5,2,300,2000
0,57,20,170,57,1,3,3,400,4000
0,54,21,177,73,1,2,2,240,2000
0,63,30,180,84,1,2,2,425,500
0,64,28,187,82,1,3,2,600,1000
0,63,21,176,70,1,4,3,1200,2000
0,64,24,178,75,1,3,3,850,500
0,57,20,180,75,1,3,3,350,550
0,60,19,185,72,1,3,2,550,850
0,60,18,175,72,1,4,2,575,1000
0,59,23,184,78,1,2,2,170,3000
0,63,26,190,79,1,3,2,600,500
0,53,18,173,65,1,2,2,200,500
0,55,19,177,76,1,3,2,300,500
0,57,19,184,78,1,3,2,400,500
0,63,20,177,64,1,5,3,1200,4000
0,58,18,191,76,1,3,2,475,2000
0,60,17,179,70,1,3,2,625,2000
0,63,29,183,77,1,3,2,400,500
0,59,20,196,85,1,3,2,500,1000
0,55,18,174,70,1,3,2,300,650
0,61,18,180,70,1,3,2,775,1000
0,51,19,178,64,1,2,2,140,1000
0,62,31,182,85,1,3,3,325,500
0,65,26,187,82,1,2,2,775,500
0,63,20,172,67,1,2,3,1000,500
0,59,21,188,84,1,2,2,475,1000
0,63,22,178,73,1,5,3,1100,4000
0,53,33,183,75,1,3,2,30,2000
0,61,20,173,63,1,2,2,800,2000
2,56,18,178,70,1,3,3,375,500
0,60,16,172,72,1,3,2,550,650
1,55,17,178,69,1,4,2,80,2000
0,58,19,185,79,1,2,2,475,500
0,58,19,174,65,1,3,2,450,1000
0,57,21,165,60,1,3,2,160,3000
1,62,29,183,77,1,3,2,0.0,0
1,63,20,174,66,1,3,3,1100,850
0,69,27,180,73,1,2,2,1600,500
0,61,22,178,69,1,2,2,700,500
0,53,20,180,75,1,3,2,180,2000
0,58,19,169,59,1,3,2,475,500
0,64,26,186,81,1,3,2,675,2000
0,57,22,175,72,1,4,3,325,1000
0,52,22,170,68,1,3,2,180,500
0,60,21,180,65,1,3,2,550,1000
0,54,20,173,65,1,2,2,250,500
0,59,19,180,82,1,3,2,525,500
0,62,18,180,78,1,3,3,1000,2000
0,62,19,172,64,1,3,2,850,950
0,52,19,182,75,1,3,2,210,800
0,60,26,183,83,1,3,2,325,1000
0,57,22,170,66,1,3,3,375,1000
0,56,19,182,72,1,2,2,300,1000
0,64,21,191,86,1,2,2,1300,2000
0,61,21,173,64,1,2,2,700,4000
0,63,27,184,83,1,3,2,550,4000
0,61,22,173,71,1,3,3,725,1000
0,61,19,188,81,1,4,2,775,4000
0,56,19,186,71,1,2,2,325,650
0,59,22,180,70,1,3,3,450,500
0,60,19,181,72,1,2,2,600,850
0,63,20,173,66,1,3,3,1300,17000
0,61,24,176,65,1,3,3,450,750
0,69,24,195,87,1,3,2,1800,8000
2,56,19,180,67,1,3,2,350,1000
0,58,20,182,75,1,2,2,550,1000
0,62,17,188,78,1,3,2,1000,2000
0,54,20,175,70,1,3,2,250,550
0,62,28,167,63,1,3,3,400,500
0,50,18,183,75,1,3,2,130,950
0,60,20,195,77,1,2,2,550,3000
0,64,24,185,75,1,3,2,800,500
0,64,24,185,79,1,3,2,1200,950
0,63,18,182,75,1,3,2,1200,500
0,62,17,188,70,1,4,2,1000,3000
0,61,22,178,73,1,3,2,625,550
0,66,32,183,79,1,2,2,550,600
0,59,20,173,65,1,2,2,500,2000
0,55,25,175,72,1,3,2,170,500
0,60,20,174,67,1,3,2,575,700
0,55,20,175,70,1,2,2,300,800
0,52,18,172,70,1,3,2,170,700
0,61,20,181,72,1,3,3,800,500
0,57,21,182,76,1,3,2,350,600
0,60,19,182,80,1,3,2,600,2000
0,62,24,188,79,1,3,2,625,2000
0,54,19,178,68,1,3,2,250,700
0,59,18,185,82,1,3,2,500,500
0,70,27,189,77,1,2,2,1600,4000
0,64,22,185,74,1,3,2,1200,5000
0,60,19,170,59,1,3,3,575,1000
0,63,22,174,68,1,3,3,775,4000
0,55,19,176,72,1,4,2,300,500
0,63,20,198,78,1,3,2,1100,4000
0,61,22,175,71,1,3,2,700,3000
0,62,20,188,80,1,2,2,575,950
0,59,28,186,82,1,3,2,230,1000
0,58,23,180,72,1,3,2,325,2000
2,60,27,175,65,1,4,2,250,750
0,56,21,183,79,1,5,2,325,2000
0,59,20,194,77,1,2,2,550,800
0,61,20,185,73,1,3,2,800,4000
0,60,28,179,80,1,3,2,250,3000
0,60,21,182,68,1,2,2,550,500
0,62,21,182,82,1,3,2,825,2000
0,61,20,170,66,1,3,2,675,2000
0,53,17,183,70,1,3,2,240,500
1,64,25,187,88,1,2,2,775,3000
0,61,20,173,67,1,3,2,725,1000
0,63,24,181,68,1,3,3,775,950
0,59,24,178,71,1,3,2,300,2000
0,55,20,186,73,1,3,2,325,750
0,58,29,183,72,1,2,2,200,1000
0,52,18,192,82,1,3,2,180,950
0,57,19,170,66,1,3,2,350,500
0,66,21,186,76,1,2,2,700,2000
0,58,18,175,77,1,3,2,475,500
0,70,25,194,87,1,2,2,2200,5000
0,59,20,174,67,1,3,3,325,500
0,59,19,182,75,1,3,2,475,500
0,62,20,164,64,1,3,3,875,500
0,64,27,189,83,1,2,2,625,1000
2,56,20,169,67,1,2,2,325,650
0,62,22,187,78,1,5,2,825,2000
0,54,17,179,79,1,3,2,230,500
0,61,22,176,79,1,2,2,500,500
0,60,22,178,71,1,2,2,525,500
0,63,21,181,75,1,3,2,1100,500
0,68,21,191,89,1,4,2,2300,5000
0,57,20,185,68,1,3,2,375,5000
0,58,27,189,82,1,3,2,190,1000
1,55,24,173,69,1,3,2,180,500
0,61,22,188,76,1,3,2,700,500
0,67,28,190,82,1,2,2,1000,7000
0,54,18,170,60,1,3,2,250,850
0,64,23,193,80,1,4,2,1100,1000
0,58,18,173,71,1,3,2,450,500
0,59,21,189,81,1,3,2,475,900
0,59,19,175,68,1,3,3,575,2000
0,56,24,177,64,1,2,2,210,950
0,56,19,178,69,1,3,2,350,800
0,60,23,188,87,1,3,2,375,500
0,68,20,195,74,1,5,2,3000,10000
0,67,19,190,85,1,3,2,2300,6000
0,53,17,179,70,1,3,2,300,500
0,61,24,175,73,1,2,2,450,850
0,53,19,175,65,1,2,2,200,3000
0,60,22,187,80,1,3,2,400,500
0,62,20,173,68,1,3,3,975,4000
0,59,20,182,80,1,3,3,500,3000
0,68,23,188,77,1,3,2,1700,3000
0,57,17,175,68,1,2,2,400,500
0,51,16,180,70,1,3,2,130,500
0,62,22,170,58,1,3,3,900,500
1,54,23,178,74,1,3,2,230,500
0,56,16,178,75,1,3,2,450,500
0,57,22,176,71,1,3,2,375,1000
0,58,26,170,60,1,3,2,250,2000
0,56,21,178,74,1,3,2,300,900
0,59,20,176,72,1,2,2,475,1000
1,54,17,175,75,1,3,2,230,500
0,54,18,180,69,1,3,2,240,2000
0,55,23,177,74,1,3,3,275,3000
0,60,20,180,75,1,2,3,550,2000
0,61,21,186,78,1,3,2,750,1000
0,59,20,178,74,1,3,2,550,2000
0,71,31,187,80,1,3,2,1300,12000
0,56,24,187,80,1,4,2,275,500
1,53,18,188,73,1,3,2,230,500
0,61,22,168,69,1,3,2,725,500
0,62,19,190,73,1,3,2,800,500
0,61,17,180,65,1,2,3,825,600
0,58,26,183,78,1,3,2,250,1000
0,61,20,202,82,1,3,2,800,2000
0,57,21,185,80,1,4,2,375,500
0,65,33,183,80,1,2,2,350,500
0,58,18,167,65,1,4,2,250,3000
0,67,22,180,74,1,3,2,2100,4000
1,54,20,174,68,1,3,2,230,850
0,52,20,174,72,1,4,3,170,500
0,62,20,185,74,1,3,2,900,2000
1,60,24,174,73,1,3,4,400,500
0,53,18,173,70,1,2,2,220,1000
0,53,18,180,70,1,2,2,220,500
0,56,20,173,65,1,3,3,350,2000
0,63,31,186,82,1,3,2,325,500
0,67,33,179,89,1,2,3,650,5000
0,66,24,185,78,1,3,2,1800,2000
0,62,19,180,73,1,2,2,950,4000
0,61,21,171,73,1,3,3,800,2000
0,61,26,178,72,1,3,2,375,500
0,60,20,175,75,1,4,2,600,1000
0,64,20,183,86,1,3,2,1200,4000
0,58,22,177,67,1,3,2,425,1000
0,54,21,170,69,1,3,2,240,500
1,54,27,176,79,1,3,2,120,500
0,62,24,181,70,1,3,3,750,800
0,60,25,184,79,1,2,2,300,600
0,61,21,173,66,1,2,2,700,600
0,64,25,193,84,1,3,2,700,2000
0,54,22,178,70,1,3,2,240,1000
0,69,21,187,80,1,3,2,2900,3000
1,59,21,182,80,1,3,2,350,1000
0,66,21,185,77,1,4,3,2100,6000
0,63,24,176,65,1,3,3,700,1000
0,60,16,192,77,1,3,2,575,600
0,68,21,194,89,1,2,2,2500,11000
0,61,21,180,70,1,3,2,525,1000
0,61,19,183,70,1,3,2,775,3000
0,68,31,183,80,1,3,2,825,5000
0,60,20,172,68,1,2,2,600,4000
0,67,34,189,85,1,3,2,325,1000
0,60,32,184,83,1,3,2,200,500
0,53,16,178,70,1,3,2,250,500
0,59,22,188,82,1,3,2,500,950
0,63,27,180,70,1,2,2,500,3000
0,59,22,191,84,1,3,2,500,1000
0,62,27,183,75,1,3,2,400,850
0,59,18,192,78,1,3,2,575,600
0,53,17,190,81,1,3,2,220,500
0,61,19,188,80,1,3,2,775,2000
0,61,22,177,73,1,3,2,700,500
0,61,17,177,79,1,3,3,1000,500
0,55,18,171,65,1,3,2,300,650
1,61,23,184,80,1,3,2,250,500
0,62,17,173,65,1,3,3,1200,3000
0,62,19,185,75,1,3,2,950,2000
0,53,19,184,73,1,2,2,240,1000
1,53,22,178,70,1,2,2,150,850
0,59,17,165,68,1,3,4,550,500
0,53,17,178,77,1,4,2,200,500
0,58,18,193,77,1,3,2,475,2000
0,64,33,189,84,1,3,2,275,1000
0,60,34,188,77,1,4,2,60,2000
0,58,18,180,73,1,3,3,525,3000
0,60,22,178,72,1,3,2,375,2000
0,59,21,177,73,1,3,2,475,650
0,60,17,182,70,1,3,2,750,500
0,55,20,192,83,1,3,3,300,2000
0,59,18,182,78,1,3,2,550,600
0,54,17,175,67,1,3,2,275,500
0,71,30,193,87,2,3,2,1500,3000
0,70,22,188,81,1,2,2,3300,13000
0,61,23,184,75,1,3,2,675,2000
0,62,21,188,80,1,3,2,925,2000
0,60,26,176,76,1,3,2,300,3000
0,64,26,180,77,1,3,2,675,500
0,55,21,182,73,1,2,2,130,1000
0,82,26,190,93,3,3,1,30500,59000
0,60,20,180,70,1,3,2,550,950
0,64,41,180,78,1,3,2,0.0,500
0,58,19,173,68,1,3,2,475,1000
1,57,21,178,72,1,4,3,250,800
0,53,19,178,75,1,3,2,220,500
0,58,18,180,77,1,3,2,550,800
0,59,20,183,64,1,4,2,500,6000
0,52,19,182,73,1,3,2,210,500
0,58,18,173,70,1,3,3,250,4000
0,59,20,170,67,1,3,3,600,4000
0,55,20,178,72,1,3,2,300,3000
0,59,19,170,65,1,2,2,525,1000
0,67,20,186,83,1,2,2,2500,3000
0,60,24,181,80,1,3,2,375,500
0,56,19,177,68,1,2,2,325,1000
0,61,20,187,81,1,2,2,675,2000
0,59,20,183,78,1,2,3,525,3000
0,60,18,176,73,1,3,3,575,800
1,56,19,172,65,1,3,2,350,950
0,62,21,190,77,1,3,2,900,2000
0,60,22,183,75,1,2,2,525,500
0,62,21,173,63,1,2,2,850,500
0,61,21,192,95,1,2,2,700,1000
0,59,21,194,89,1,3,2,450,750
0,56,21,181,73,1,3,2,300,2000
0,72,26,198,83,1,3,2,2900,6000
0,57,19,166,56,1,2,3,350,1000
0,56,19,170,65,1,3,2,300,500
0,62,23,179,73,1,3,2,750,2000
0,60,18,175,70,1,2,2,625,950
0,54,22,178,69,1,3,2,100,500
0,57,19,173,68,1,3,3,400,1000
0,63,21,183,71,1,3,2,1000,2000
0,55,18,173,66,1,3,2,300,2000
0,61,25,175,67,1,2,2,400,2000
1,54,21,178,74,1,3,2,230,850
0,56,18,183,74,1,2,2,325,500
0,65,22,179,77,1,2,2,1500,500
0,62,18,192,89,1,3,2,875,550
0,67,25,191,87,1,3,2,1300,1000
0,60,21,187,86,1,3,2,525,500
0,57,20,171,70,1,4,2,350,1000
0,61,20,175,62,1,2,2,725,6000
0,58,23,174,69,1,3,2,275,500
0,59,18,186,72,1,2,2,500,2000
0,62,28,189,77,1,3,2,400,1000
0,66,21,190,76,1,2,2,1800,4000
0,60,24,180,70,1,3,2,325,1000
0,58,19,183,77,1,3,2,475,3000
0,52,19,182,72,1,2,2,90,550
0,59,21,187,80,1,2,2,475,700
0,57,19,181,72,1,2,2,375,800
0,61,24,187,84,1,2,2,450,900
0,61,29,178,75,1,3,2,325,1000
0,61,20,180,73,1,3,2,600,500
0,60,19,185,75,1,3,2,550,1000
0,68,32,187,85,1,3,2,775,11000
0,60,20,194,86,1,3,2,475,500
0,66,24,188,80,1,2,2,1200,1000
0,65,23,181,75,1,3,2,675,5000
0,64,19,168,60,1,3,3,1500,6000
0,60,19,185,76,1,3,3,525,1000
0,56,18,194,88,1,3,2,180,900
0,52,18,170,70,1,3,2,170,850
0,58,19,187,75,1,3,2,550,5000
0,57,18,180,67,1,2,3,400,2000
0,57,22,183,75,1,3,2,350,1000
0,61,24,185,80,1,3,2,475,750
0,56,18,173,63,1,3,3,325,3000
0,59,17,177,74,1,3,3,700,2000
0,62,20,184,74,1,3,2,900,5000
0,61,20,179,70,1,3,2,850,500
0,58,21,180,75,1,3,2,450,2000
0,60,20,188,75,1,4,2,550,4000
0,57,22,174,67,1,3,3,375,4000
0,62,21,186,80,1,3,2,975,2000
0,55,16,161,55,1,4,2,275,500
0,59,21,184,80,1,3,2,450,500
0,61,20,181,73,1,2,2,675,500
0,63,24,188,72,1,3,2,575,2000
0,61,21,178,82,1,3,2,800,4000
0,59,18,177,74,1,3,2,525,1000
0,51,20,175,60,1,3,2,150,2000
0,50,21,178,69,1,2,2,110,1000
0,59,20,198,91,1,2,2,525,2000
0,55,18,169,63,1,2,2,300,500
2,60,23,182,80,1,2,2,325,1000
0,61,22,181,73,1,2,2,625,1000
0,67,19,187,75,1,3,2,2300,500
0,63,21,181,78,1,3,2,1100,1000
0,59,22,182,71,1,2,2,500,500
2,61,17,178,68,1,4,4,1000,2000
0,70,18,194,75,1,3,2,3800,6000
0,62,28,187,90,1,3,2,375,500
0,65,22,175,72,1,3,3,1600,500
0,59,23,189,80,1,3,3,500,4000
0,61,23,184,73,1,2,2,700,2000
0,59,21,178,80,1,3,2,350,750
0,54,21,173,66,1,2,2,240,1000
0,64,34,183,81,1,3,2,275,500
0,58,20,175,65,1,3,2,425,2000
0,56,18,179,67,1,3,2,325,500
0,61,25,193,85,1,2,2,400,500
0,62,26,177,77,1,3,2,525,3000
2,60,21,177,69,1,4,2,475,2000
0,60,23,175,65,1,3,3,400,2000
0,60,22,168,62,1,2,2,525,3000
0,57,20,183,71,1,3,3,350,2000
0,60,20,163,63,1,2,3,550,2000
0,65,26,179,75,1,3,2,825,500
0,65,28,177,75,1,3,3,725,2000
0,63,24,175,74,1,2,2,550,500
2,57,19,168,67,1,3,2,325,500
2,60,17,178,65,1,3,2,625,500
0,64,19,181,78,1,3,2,1200,1000
0,67,26,182,77,1,3,2,1300,3000
0,66,37,190,84,2,3,2,45,7000
0,63,22,175,72,1,3,2,725,500
0,59,20,175,70,1,2,2,600,1000
0,58,25,175,70,1,4,2,230,1000
0,59,19,178,63,1,3,2,550,3000
0,63,19,169,67,1,2,2,1100,500
1,57,21,177,70,1,3,2,250,950
0,64,25,179,82,1,1,2,725,500
0,58,18,178,68,1,4,2,425,950
0,50,20,170,75,1,2,2,110,1000
1,56,19,187,83,1,3,3,300,600
0,62,31,165,64,1,3,2,300,500
0,57,21,182,75,1,3,2,400,1000
0,55,20,194,85,1,3,2,275,3000
0,58,19,175,70,1,3,2,475,1000
0,59,20,173,70,1,2,2,525,800
0,63,30,178,77,1,3,2,400,500
0,63,25,188,78,1,3,2,600,900
0,57,20,182,74,1,2,2,325,500
0,60,19,178,70,1,4,3,575,500
0,62,31,188,68,1,3,3,325,850
0,62,29,175,71,1,2,2,350,500
0,61,20,189,75,1,3,2,800,6000
0,61,23,178,76,1,3,2,500,2000
0,54,18,177,67,1,4,2,250,500
0,54,20,177,70,1,3,2,250,2000
0,59,16,187,75,1,3,2,475,500
0,58,22,183,82,1,3,2,425,1000
0,61,23,190,78,1,3,2,675,4000
0,59,31,175,75,1,4,3,190,550
0,59,19,173,67,1,3,2,525,550
0,53,20,183,73,1,3,2,210,4000
0,56,20,176,74,1,3,2,300,500
0,53,23,178,74,1,3,2,190,600
0,67,26,188,75,1,2,2,1200,3000
0,63,19,185,75,1,2,2,1100,1000
0,64,21,181,66,1,3,3,1300,2000
0,66,21,184,76,1,2,2,2000,2000
0,56,17,175,65,1,3,2,140,500
1,56,20,175,75,1,3,2,275,750
0,59,18,177,70,1,3,2,700,700
0,68,23,189,83,1,2,2,2200,3000
0,57,18,179,69,1,3,3,375,1000
0,63,32,182,75,1,2,2,300,500
0,61,19,173,70,1,2,2,825,1000
0,67,32,177,85,1,3,2,825,500
0,58,25,186,82,1,3,2,275,2000
2,52,16,174,64,1,3,2,200,500
0,62,26,180,74,1,2,2,425,1000
0,52,20,177,70,1,3,2,170,500
0,55,17,183,77,1,3,3,300,500
0,64,30,170,68,1,2,2,500,500
0,63,22,182,73,1,4,2,1100,2000
0,57,19,175,68,1,3,2,400,500
0,55,19,178,67,1,2,2,90,2000
0,59,19,198,95,1,2,2,500,2000
0,59,21,183,70,1,2,2,475,900
0,50,18,180,69,1,3,2,120,500
0,60,21,165,64,1,3,2,525,500
0,55,25,160,55,1,2,4,180,3000
0,59,18,182,78,1,3,2,500,600
0,62,22,179,67,1,3,3,750,500
0,62,29,176,65,1,2,3,400,500
0,57,24,179,74,1,2,2,220,500
0,61,21,175,64,1,3,2,525,500
0,59,33,184,83,1,2,2,110,500
0,61,21,173,79,1,2,2,700,2000
0,61,24,191,84,1,3,2,500,1000
0,64,25,179,77,1,3,2,750,500
0,63,20,185,78,1,3,2,1200,4000
1,56,21,184,76,1,3,3,300,1000
2,64,23,186,79,1,3,2,775,2000
0,61,21,177,61,1,3,2,725,1000
0,56,21,170,63,1,4,3,350,650
0,60,22,175,75,1,4,2,500,1000
0,62,20,188,83,1,3,2,900,3000
0,60,27,178,74,1,3,2,240,1000
0,60,21,185,75,1,2,2,500,950
0,52,18,178,69,1,3,2,180,750
0,60,20,177,75,1,3,2,500,2000
0,57,19,185,78,1,3,2,400,1000
0,52,18,175,68,1,3,2,200,1000
0,70,28,188,84,1,3,2,1500,8000
0,60,24,172,68,1,3,3,325,4000
0,64,22,189,80,1,3,2,1200,2000
0,62,31,184,85,1,3,2,325,500
0,54,18,180,70,1,2,2,250,550
0,54,23,175,72,1,3,2,220,750
0,65,34,180,88,1,2,2,350,500
0,55,22,172,68,1,3,2,275,2000
0,52,17,178,64,1,3,2,200,500
0,57,20,191,80,1,2,2,350,1000
0,63,24,160,60,1,3,4,650,500
0,57,19,174,70,1,3,2,375,1000
0,62,20,183,75,1,2,2,950,500
0,54,19,175,70,1,2,2,240,1000
0,55,19,175,65,1,2,2,300,2000
0,60,22,187,80,1,3,2,525,500
0,57,19,175,72,1,3,2,400,4000
0,65,23,184,70,1,2,2,1000,3000
0,64,23,178,73,1,3,2,1200,2000
0,61,28,183,79,1,2,3,325,500
0,55,18,167,63,1,4,2,300,850
0,56,21,185,73,1,2,2,325,2000
0,59,21,186,80,1,3,3,450,500
0,61,22,168,63,1,3,3,725,1000
0,62,25,178,73,1,3,2,475,500
0,56,18,178,67,1,2,3,350,600
0,61,18,173,60,1,4,2,775,4000
0,50,18,180,66,1,3,2,130,500
0,61,19,187,85,1,3,2,850,2000
0,67,27,190,88,1,3,2,1100,4000
0,52,18,181,64,1,2,2,200,500
0,62,17,166,60,1,3,2,1000,600
0,60,18,182,73,1,2,2,350,2000
0,60,24,180,78,1,3,2,325,6000
0,62,23,187,74,1,3,2,800,8000
0,63,19,195,88,1,3,2,1100,500
0,59,22,191,82,1,3,2,475,6000
0,63,22,185,83,1,3,2,775,2000
0,57,20,179,70,1,3,2,350,3000
0,58,20,178,76,1,3,2,450,500
2,53,19,166,58,1,3,2,210,750
0,61,24,178,77,1,3,3,525,900
0,54,19,174,65,1,2,2,240,1000
0,55,18,178,70,1,3,2,325,500
0,62,18,196,93,1,2,3,925,4000
0,53,24,180,70,1,3,2,140,4000
0,61,21,186,71,1,3,2,750,950
1,53,17,174,70,1,4,2,230,500
0,59,28,178,75,1,2,2,200,500
0,61,22,188,89,1,2,2,750,750
0,59,21,183,79,1,3,2,525,500
0,59,18,176,68,1,3,2,525,700
0,58,19,184,79,1,3,2,450,500
0,58,20,171,69,1,2,2,450,2000
0,60,19,188,72,1,2,3,525,550
1,56,25,167,65,1,4,2,180,500
2,56,18,169,63,1,4,3,325,600
0,60,22,175,70,1,3,2,550,4000
1,53,23,178,75,1,3,2,200,500
0,71,34,190,80,3,2,2,600,3000
2,66,27,186,77,1,2,2,900,2000
0,59,20,182,75,1,3,2,600,3000
0,61,23,195,80,1,3,2,500,1000
0,50,18,177,68,1,3,2,120,500
1,61,23,178,73,1,2,2,500,1000
0,63,28,170,59,1,3,3,475,500
0,61,20,179,66,1,3,2,725,500
0,57,24,172,65,1,3,2,250,1000
0,60,27,190,85,1,2,2,250,650
0,60,20,172,62,1,2,2,575,2000
0,53,20,171,70,1,3,2,230,3000
0,62,20,192,83,1,3,2,975,4000
0,52,16,181,67,1,2,2,200,500
0,57,22,174,69,1,3,2,375,500
0,58,19,178,76,1,3,2,475,2000
0,63,24,183,73,1,3,3,725,2000
0,63,19,195,81,1,3,2,1100,8000
0,59,20,178,68,1,3,2,550,5000
0,55,19,180,65,1,3,2,275,2000
0,63,20,191,82,1,3,2,1000,1000
0,61,18,180,70,1,3,3,825,950
0,84,29,195,88,3,4,1,29000,95000
1,55,19,188,76,1,2,2,275,1000
0,59,19,188,82,1,3,2,525,2000
0,67,19,191,75,1,3,2,2300,6000
0,59,16,178,70,1,3,3,550,500
0,64,33,182,82,1,3,2,275,3000
0,55,18,181,65,1,2,2,240,850
1,52,18,177,70,1,3,2,180,500
0,63,28,172,69,1,2,2,425,500
0,54,24,170,65,1,2,2,170,500
1,56,20,180,70,1,3,3,325,1000
0,60,27,175,77,1,2,2,250,500
0,61,19,180,70,1,3,2,675,650
1,57,23,189,78,1,3,2,250,500
0,61,20,185,69,1,3,2,750,6000
0,57,20,169,67,1,3,3,400,900
0,55,19,175,73,1,2,2,300,650
0,55,18,178,72,1,3,3,325,500
0,60,22,179,76,1,3,3,525,700
0,61,19,170,71,1,3,2,0.0,0
0,60,21,183,78,1,3,2,525,1000
0,62,22,180,74,1,2,2,775,2000
0,56,21,170,64,1,3,2,325,500
0,57,19,175,65,1,3,2,350,500
2,61,17,173,69,1,2,2,750,500
0,54,18,172,62,1,2,2,240,500
0,64,26,182,79,1,3,2,550,3000
0,61,22,176,74,1,2,2,475,1000
0,59,31,178,86,1,3,2,190,2000
0,61,21,178,73,1,2,2,700,750
0,65,25,191,85,1,3,2,900,2000
0,59,21,190,77,1,3,3,500,750
0,57,18,177,66,1,3,2,0.0,0
0,62,21,178,69,1,3,2,825,500
0,56,24,177,74,1,3,3,190,500
0,61,20,174,70,1,3,2,750,500
0,57,21,181,73,1,2,2,350,2000
0,62,25,179,77,1,3,3,600,500
1,59,22,180,75,1,3,3,500,1000
0,58,20,183,69,1,2,2,425,650
0,74,30,189,82,1,3,2,3500,25000
0,58,17,182,75,1,3,3,425,500
0,62,19,171,63,1,3,3,950,3000
2,60,19,192,85,1,3,2,600,3000
0,65,27,193,85,1,4,2,825,4000
0,63,20,178,72,1,3,3,1100,500
0,62,21,181,75,1,3,2,900,2000
0,61,22,190,91,1,3,2,750,500
0,61,30,193,79,1,3,2,325,500
0,59,18,177,70,1,3,3,475,500
0,61,19,191,80,1,3,2,775,500
0,67,19,192,80,1,3,2,2300,3000
1,55,18,171,59,1,3,2,110,500
0,59,19,175,64,1,3,2,625,5000
0,61,20,178,72,1,3,2,800,500
0,54,17,177,67,1,2,2,275,500
0,54,20,176,68,1,3,2,100,500
0,60,20,188,70,1,3,2,550,6000
1,52,21,186,75,1,3,2,200,2000
0,64,28,190,81,1,1,2,350,1000
0,60,21,191,81,1,3,2,575,1000
1,54,19,172,60,1,3,2,110,1000
0,60,19,175,65,1,2,2,525,500
0,61,19,175,67,1,3,3,700,500
0,64,21,192,82,1,3,2,1200,700
0,65,20,193,86,1,3,2,1500,4000
1,63,35,195,95,2,3,2,50,4000
0,59,20,192,77,1,3,2,550,3000
1,51,19,178,72,1,3,2,140,500
0,58,19,175,67,1,2,2,475,650
0,64,21,182,70,1,3,3,1300,4000
0,57,22,180,75,1,3,2,325,500
0,51,18,178,70,1,2,2,140,750
0,54,19,188,74,1,3,2,275,3000
0,60,20,183,72,1,3,2,550,900
0,54,18,173,68,1,3,2,250,750
0,71,25,194,86,1,3,2,2500,650
0,59,18,180,76,1,4,2,575,2000
0,59,21,184,83,1,3,3,450,750
0,55,21,179,72,1,3,2,275,1000
0,53,19,176,67,1,3,2,220,500
0,51,20,180,72,1,2,2,150,4000
0,62,26,176,70,1,3,2,350,500
0,56,20,174,70,1,3,2,350,1000
0,56,20,171,68,1,3,2,350,500
0,54,19,173,68,1,2,2,90,500
0,52,20,170,63,1,3,2,170,800
0,59,20,187,74,1,4,3,550,1000
1,58,21,175,76,1,3,3,500,1000
0,64,22,186,79,1,3,2,1400,2000
2,52,17,173,63,1,3,2,200,500
0,59,19,180,69,1,4,3,575,4000
0,65,24,189,86,1,2,2,1300,500
0,57,24,185,68,1,3,2,230,3000
0,52,18,178,70,1,3,2,190,800
0,65,24,189,75,1,3,2,975,500
0,59,19,171,62,1,2,2,575,2000
0,60,19,174,67,1,3,3,600,900
0,58,30,184,77,1,2,2,170,1000
0,52,16,183,71,1,2,2,200,500
0,59,22,175,68,1,3,2,475,2000
0,60,22,177,70,1,2,3,550,1000
0,61,23,175,72,1,2,2,475,500
0,58,24,185,88,1,3,2,425,1000
0,53,20,172,68,1,3,2,200,500
0,57,19,165,62,1,2,3,400,650
0,80,32,180,76,3,4,1,0.0,0
0,60,22,183,76,1,2,2,475,550
0,52,21,170,64,1,3,2,200,3000
0,58,20,186,75,1,3,2,450,2000
0,53,18,173,76,1,3,2,250,500
0,52,18,178,74,1,3,2,200,600
0,65,31,188,84,1,2,2,500,2000
0,56,20,180,72,1,2,2,300,500
0,55,19,170,70,1,3,2,325,3000
0,61,21,190,85,1,3,3,750,500
0,58,23,185,74,1,2,2,450,1000
0,59,21,187,84,1,2,2,550,2000
0,63,20,185,75,1,2,2,1100,1000
0,54,18,172,62,1,1,2,140,4000
0,55,19,183,75,1,3,2,300,1000
0,58,18,168,60,1,4,2,525,3000
0,62,19,188,80,1,2,2,975,1000
1,61,22,196,90,1,3,2,700,900
0,63,22,178,76,1,3,3,1100,500
0,59,21,177,71,1,3,2,475,650
1,59,17,175,68,1,3,2,700,500
0,52,21,186,77,1,2,2,180,500
2,63,34,176,72,1,3,2,180,1000
0,61,20,182,76,1,2,2,675,550
0,63,23,190,85,1,3,2,1000,6000
0,54,20,179,73,1,3,2,250,750
0,59,18,171,68,1,3,2,500,650
0,61,22,181,74,1,3,2,700,2000
0,53,18,180,70,1,3,2,250,500
0,54,23,187,85,1,3,2,220,500
0,55,19,177,71,1,3,2,275,850
0,59,19,180,77,1,3,3,575,4000
0,55,22,172,63,1,2,2,275,1000
0,61,20,186,75,1,2,2,675,850
0,66,21,187,86,1,2,2,1800,10000
0,55,20,182,72,1,2,2,275,550
0,53,17,173,68,1,3,2,250,500
0,59,18,182,77,1,3,2,500,500
0,60,18,178,64,1,3,2,625,1000
0,60,26,188,85,1,2,2,300,700
0,60,19,170,60,1,3,2,600,2000
0,57,21,186,75,1,3,2,325,900
0,61,18,182,76,1,3,2,725,800
0,58,18,173,72,1,3,2,475,4000
0,61,18,183,62,1,3,3,750,1000
0,54,18,172,67,1,3,2,300,2000
0,57,19,171,68,1,3,3,425,950
0,58,19,183,71,1,2,3,475,1000
0,57,17,185,69,1,3,2,375,500
0,50,19,169,64,1,3,2,100,2000
0,55,18,185,72,1,3,2,300,500
0,61,21,190,77,1,3,2,750,2000
0,65,23,194,85,1,3,2,1500,3000
0,61,22,182,72,1,3,2,750,2000
0,61,27,185,84,1,2,2,325,500
0,62,22,186,84,1,3,2,900,3000
0,63,28,166,74,1,2,2,425,500
0,58,24,181,79,1,3,3,325,600
0,62,32,191,86,1,3,2,325,2000
0,58,36,167,68,1,3,3,70,800
0,56,27,168,62,1,3,2,150,3000
0,55,20,185,76,1,3,2,250,950
0,58,20,170,62,1,3,2,450,2000
0,61,19,176,73,1,3,2,775,2000
0,62,18,183,75,1,3,2,1000,1000
0,51,19,160,65,1,2,2,150,750
0,65,23,193,72,1,3,3,1100,3000
0,57,17,170,59,1,3,4,400,500
0,69,26,192,87,1,3,2,1700,2000
2,58,21,168,64,1,3,2,425,1000
0,61,21,183,78,1,3,3,750,1000
0,52,20,184,75,1,3,2,190,2000
0,58,22,170,68,1,3,3,450,750
0,60,18,178,72,1,4,2,600,2000
0,63,26,177,73,1,3,2,600,2000
0,60,19,183,68,1,3,3,575,650
0,59,18,187,70,1,2,2,575,600
0,71,34,194,85,1,3,2,600,20000
0,60,21,177,81,1,2,2,575,500
0,66,33,194,92,1,3,2,250,4000
0,57,20,183,73,1,3,3,425,500
0,62,20,174,70,1,3,2,925,3000
0,62,24,183,78,1,3,2,825,4000
0,64,20,173,67,1,3,3,1300,500
0,65,22,186,78,1,2,2,1000,2000
0,59,22,182,74,1,3,2,475,2000
1,51,22,182,70,1,3,2,130,1000
1,59,22,185,72,1,3,2,300,2000
0,59,19,195,90,1,3,2,500,1000
0,61,19,182,84,1,3,2,775,700
0,57,21,180,68,1,3,2,160,1000
0,59,19,185,75,1,3,2,500,1000
0,63,25,171,67,1,2,2,625,500
1,55,20,174,58,1,3,2,275,1000
0,63,28,188,76,1,2,2,500,4000
0,60,27,182,78,1,3,2,180,1000
0,59,20,179,68,1,3,2,500,3000
0,60,20,184,70,1,3,2,600,2000
0,54,21,173,71,1,3,2,275,900
0,60,22,186,87,1,3,3,375,500
0,64,20,186,79,1,4,2,1200,850
0,59,21,178,70,1,3,2,500,1000
1,55,21,183,76,1,3,3,300,1000
0,64,24,168,60,1,2,3,800,3000
0,60,21,179,69,1,2,2,525,2000
0,53,19,188,81,1,3,2,240,900
0,60,21,185,84,1,2,2,600,1000
0,57,21,175,67,1,3,2,375,2000
0,53,18,180,75,1,3,2,220,1000
0,55,20,180,77,1,3,2,275,500
0,61,19,179,72,1,3,2,775,700
0,66,24,194,80,1,2,2,1200,1000
0,52,17,180,75,1,3,2,180,500
0,55,18,190,80,1,3,2,325,700
0,62,22,184,90,1,2,2,825,7000
0,62,23,184,73,1,3,3,800,500
0,58,19,172,67,1,3,2,525,650
0,59,22,183,76,1,4,2,500,500
0,60,21,194,80,1,3,2,550,1000
0,60,18,174,70,1,3,2,625,4000
0,58,19,184,68,1,3,2,475,4000
0,61,22,191,74,1,2,2,700,2000
0,50,18,183,70,1,3,2,120,500
1,55,24,176,66,1,3,2,160,900
0,62,31,186,82,1,2,2,275,500
0,62,24,164,60,1,2,3,500,650
0,64,27,180,74,1,2,2,600,4000
0,57,20,189,74,1,3,2,350,750
0,58,20,185,83,1,2,2,450,7000
0,57,18,185,70,1,3,2,200,650
0,58,20,185,75,1,2,2,275,800
0,64,18,178,72,1,3,3,1500,1000
0,62,29,172,69,1,5,3,400,500
0,57,20,183,64,1,3,2,350,2000
0,61,24,179,66,1,3,2,675,850
1,56,22,184,75,1,3,2,325,500
0,60,17,169,66,1,1,2,625,550
0,59,22,173,65,1,3,2,450,2000
0,53,17,180,72,1,3,2,300,500
0,52,20,170,69,1,3,2,180,3000
0,60,21,181,78,1,2,2,525,1000
0,55,17,172,65,1,3,3,325,500
0,51,18,185,73,1,3,2,150,600
0,61,17,183,76,1,2,2,675,500
0,57,23,174,57,1,4,2,375,4000
0,61,21,177,66,1,3,2,725,2000
0,58,19,181,81,1,3,2,450,2000
0,56,19,174,64,1,3,2,350,2000
0,59,21,167,58,1,2,2,500,500
0,55,22,183,70,1,2,2,275,1000
0,63,20,189,78,1,4,2,875,900
0,60,27,192,85,1,3,2,275,1000
0,61,22,187,75,1,3,2,675,2000
0,61,28,192,89,1,2,2,325,850
0,63,24,191,85,1,3,2,700,4000
0,58,20,179,73,1,4,2,500,5000
0,55,19,181,70,1,3,2,250,1000
0,57,16,173,67,1,4,2,525,900
0,52,16,170,64,1,4,2,250,500
0,50,17,182,71,1,3,2,100,500
0,58,22,167,60,1,3,2,450,3000
0,57,19,175,70,1,2,2,400,3000
0,59,19,181,81,1,2,2,550,4000
0,63,20,185,84,1,4,2,975,2000
0,61,23,179,75,1,3,3,500,900
0,55,19,188,72,1,3,2,130,2000
0,58,21,176,72,1,3,2,450,6000
0,54,20,184,73,1,3,2,220,900
0,63,20,175,72,1,3,2,1100,500
0,63,24,170,66,1,2,2,650,500
0,56,17,174,71,1,3,2,350,2000
0,58,28,182,73,1,3,2,180,850
0,58,17,178,76,1,4,2,500,1000
0,56,18,174,66,1,3,2,325,550
0,60,21,180,70,1,3,2,500,2000
0,52,17,175,70,1,2,2,250,500
0,53,19,175,73,1,3,2,200,750
0,75,28,188,83,1,2,2,4800,23000
0,58,21,181,79,1,2,2,425,500
0,61,19,175,83,1,3,3,775,500
0,56,26,179,71,1,2,2,170,4000
1,56,22,185,71,1,2,2,325,1000
0,51,21,173,76,1,2,2,130,500
0,60,20,163,65,1,3,2,550,500
0,58,21,175,69,1,3,2,425,1000
0,65,20,180,76,1,2,2,1600,2000
0,58,19,178,70,1,3,3,450,500
0,54,18,180,74,1,3,2,250,500
0,61,18,182,70,1,3,2,825,2000
0,57,19,176,64,1,4,3,400,5000
0,55,21,180,68,1,3,2,275,500
0,57,20,171,68,1,3,2,400,2000
0,57,17,170,64,1,3,2,350,500
0,63,24,189,80,1,2,2,975,1000
1,57,21,180,75,1,3,2,375,500
0,66,26,182,79,1,2,2,1000,500
0,67,21,184,76,1,3,2,1900,2000
0,60,23,178,64,1,4,3,375,2000
0,60,19,182,74,1,2,2,650,3000
0,56,23,175,58,1,2,2,325,1000
0,59,17,173,65,1,3,2,300,500
0,59,28,183,75,1,5,3,230,550
0,66,22,192,80,1,3,2,1200,3000
0,59,21,180,77,1,2,2,500,1000
0,57,22,178,54,1,3,3,325,500
0,55,19,182,70,1,3,2,300,1000
0,56,21,174,66,1,3,2,350,2000
0,59,23,185,69,1,3,2,500,1000
0,59,20,178,74,1,3,3,550,1000
0,61,22,187,87,1,2,2,625,1000
0,65,22,186,77,1,2,2,1300,2000
0,59,20,181,75,1,3,2,525,2000
1,54,22,181,75,1,3,2,240,500
0,64,29,175,80,1,2,2,525,500
0,54,19,167,57,1,3,2,230,500
0,62,26,187,83,1,2,2,450,2000
0,51,17,180,70,1,3,2,160,500
1,52,21,173,65,1,3,2,80,900
0,60,22,178,75,1,3,2,525,1000
0,58,18,173,69,1,3,2,575,500
0,56,19,173,67,1,3,2,350,2000
0,65,18,191,76,1,4,2,1600,1000
0,57,21,184,78,1,3,2,375,2000
0,52,18,170,70,1,3,2,170,1000
0,61,22,178,69,1,3,2,525,2000
0,59,21,182,77,1,2,3,500,3000
0,64,20,184,73,1,3,2,1300,7000
0,54,20,180,71,1,3,2,250,3000
0,60,27,177,74,1,3,2,180,950
0,58,21,183,75,1,3,3,450,750
0,65,24,188,82,1,2,2,975,1000
0,65,26,182,82,1,3,2,450,2000
0,59,23,187,80,1,3,3,325,600
0,62,21,188,83,1,3,2,825,650
0,57,21,177,71,1,3,3,375,1000
0,67,20,193,79,1,3,2,2100,3000
0,56,18,179,63,1,3,2,190,5000
0,58,16,179,68,1,4,3,550,2000
0,58,20,188,80,1,2,2,450,2000
0,58,18,179,71,1,3,2,475,850
0,62,18,170,62,1,3,3,925,1000
0,50,18,169,60,1,2,2,110,500
0,54,18,173,60,1,3,2,350,1000
0,59,18,196,87,1,2,2,575,1000
0,59,19,178,71,1,2,2,475,550
0,58,20,190,80,1,4,2,500,2000
0,56,17,186,78,1,3,2,325,500
0,62,22,187,83,1,3,2,825,2000
0,57,36,177,72,1,3,2,50,800
0,57,25,176,73,1,2,2,200,550
0,59,20,173,65,1,4,2,500,2000
0,54,20,176,64,1,2,2,230,500
0,58,26,183,73,1,3,2,250,3000
1,55,20,182,71,1,3,2,200,500
0,59,23,190,83,1,2,2,325,2000
0,59,23,178,73,1,3,3,475,1000
0,51,17,174,64,1,4,2,150,500
0,61,24,182,72,1,3,3,675,1000
0,61,18,190,80,1,3,2,775,500
0,59,21,182,77,1,3,2,475,1000
0,60,21,172,70,1,3,2,550,2000
0,63,21,177,75,1,3,3,1100,500
0,65,24,191,81,1,3,2,975,3000
0,60,18,188,73,1,3,3,625,1000
0,63,25,197,92,1,4,2,650,2000
0,55,19,179,63,1,3,3,325,750
0,63,25,192,90,1,3,2,650,2000
0,59,17,185,79,1,2,2,525,500
0,56,18,180,69,1,2,2,325,500
0,59,19,185,71,1,2,2,475,3000
0,53,18,165,55,1,3,2,220,4000
0,57,19,188,72,1,2,2,400,4000
0,59,19,189,82,1,2,2,450,500
0,53,17,177,70,1,4,3,300,2000
0,88,30,187,85,4,4,1,68500,210000
1,54,22,176,68,1,3,2,230,950
0,60,19,180,73,1,2,2,550,1000
0,60,20,183,82,1,2,2,525,500
0,56,24,178,70,1,2,2,200,500
0,65,27,192,74,1,4,2,725,2000
0,58,20,170,67,1,3,2,450,3000
0,68,24,187,85,1,3,2,2200,5000
0,57,26,175,64,1,3,2,180,3000
0,58,18,184,74,1,3,3,475,500
0,53,17,172,67,1,3,2,220,500
0,58,21,176,72,1,3,2,450,1000
0,52,17,167,60,1,3,2,200,500
0,56,20,182,71,1,3,2,325,1000
0,59,19,186,78,1,2,3,500,2000
0,67,27,184,77,1,2,2,1100,7000
0,53,17,175,70,1,2,3,250,500
0,69,30,190,88,1,2,2,1100,2000
0,57,19,176,68,1,2,2,525,2000
0,55,20,171,65,1,3,2,120,550
0,56,18,178,75,1,2,2,325,1000
0,56,17,189,72,1,3,2,350,500
0,57,17,194,80,1,3,2,525,750
0,54,22,178,76,1,2,2,100,2000
0,61,21,191,87,1,3,2,700,550
0,56,22,182,73,1,4,2,300,3000
0,69,30,196,93,1,2,2,1100,5000
0,58,19,182,75,1,2,2,425,550
0,52,18,186,76,1,3,2,240,1000
0,52,17,188,79,1,3,2,200,500
0,57,25,172,65,1,3,3,220,3000
0,51,17,175,70,1,3,2,150,500
0,58,18,176,60,1,3,2,525,600
0,53,19,177,70,1,2,2,180,500
0,58,23,186,79,1,4,3,0.0,0
0,52,18,180,70,1,3,2,190,850
0,50,17,172,63,1,3,3,140,500
0,53,21,173,66,1,3,2,80,500
0,56,18,174,70,1,3,3,350,500
0,61,24,180,69,1,2,2,425,2000
0,59,19,179,77,1,2,2,0.0,0
0,62,29,190,80,1,2,2,375,2000
0,57,25,170,70,1,2,2,180,500
0,53,16,182,70,1,3,2,220,500
0,53,18,184,75,1,3,2,250,800
0,54,20,173,68,1,3,2,250,2000
0,52,22,180,78,1,3,2,180,700
0,60,18,175,65,1,4,2,675,3000
0,58,19,180,70,1,2,2,425,1000
0,59,21,169,64,1,3,2,230,2000
0,54,20,180,70,1,4,2,130,550
0,58,18,184,72,1,3,3,525,2000
0,61,22,175,70,1,3,2,725,500
0,52,19,180,60,1,3,2,170,500
0,52,18,177,70,1,2,2,180,500
0,63,20,170,67,1,3,3,1100,3000
0,60,26,194,87,1,3,2,300,2000
0,56,17,186,75,1,3,2,375,500
0,55,20,180,85,1,2,2,300,2000
0,53,20,182,75,1,2,2,220,5000
0,64,25,190,80,1,3,2,0.0,0
0,55,19,183,70,1,3,3,250,900
0,59,20,171,65,1,3,2,500,500
0,54,18,177,64,1,3,2,250,950
0,60,18,194,82,1,3,2,625,500
0,59,17,182,69,1,3,2,575,500
0,55,19,184,78,1,3,2,300,500
1,54,21,179,71,1,3,2,240,1000
1,63,23,184,80,1,3,2,650,600
0,60,16,166,63,1,3,3,675,500
0,52,20,181,71,1,3,2,170,750
0,56,17,170,70,1,3,2,300,500
0,58,16,175,64,1,2,3,550,500
1,53,20,168,65,1,4,3,230,500
0,66,23,187,78,1,2,2,1200,7000
0,54,18,180,70,1,3,2,230,500
0,58,18,175,68,1,3,2,425,850
0,57,19,178,76,1,3,2,425,5000
0,60,20,184,79,1,3,2,550,500
0,55,27,173,65,1,3,2,150,2000
0,61,20,188,86,1,3,2,800,4000
0,59,21,191,80,1,2,2,475,650
0,59,22,184,79,1,3,2,500,1000
2,54,18,175,67,1,3,2,240,500
0,62,20,193,88,1,3,3,875,500
0,64,20,177,79,1,3,2,1300,2000
0,57,30,182,75,1,3,2,160,3000
0,56,18,174,66,1,3,3,190,700
0,59,19,188,87,1,2,2,450,5000
1,58,21,181,77,1,3,2,425,1000
0,63,22,185,75,1,2,2,1000,1000
0,61,29,178,76,1,2,3,300,500
0,60,20,174,68,1,3,2,550,600
0,53,18,184,74,1,3,2,240,500
0,54,19,175,68,1,3,2,240,500
0,58,17,181,71,1,3,2,475,500
0,61,20,183,77,1,3,2,725,2000
0,56,32,176,74,1,3,2,0.0,0
0,57,22,183,77,1,3,2,350,1000
0,59,22,183,73,1,3,2,500,700
0,59,20,183,74,1,3,2,500,1000
0,52,17,173,59,1,2,3,210,500
0,56,18,178,72,1,4,3,325,500
0,58,20,178,70,1,3,2,450,1000
0,53,18,176,63,1,3,2,220,700
0,59,21,172,68,1,3,3,450,1000
0,58,19,183,77,1,3,2,475,2000
1,50,22,178,72,1,4,2,100,500
0,52,21,169,60,1,3,2,200,3000
0,54,23,185,79,1,4,2,220,1000
0,57,19,173,68,1,3,3,400,5000
0,56,20,179,73,1,3,2,300,1000
0,56,20,178,76,1,2,2,220,2000
0,56,18,180,80,1,3,2,325,650
0,55,26,177,77,1,3,2,130,500
2,61,22,183,77,1,2,2,700,2000
0,60,20,182,78,1,3,2,450,500
0,59,19,177,69,1,2,2,550,1000
0,57,19,178,73,1,3,2,350,6000
0,52,18,191,70,1,2,2,180,500
0,53,17,173,71,1,4,3,210,500
0,58,21,169,69,1,4,3,500,500
0,63,19,180,68,1,3,3,1000,2000
0,60,20,180,81,1,3,2,500,500
0,58,18,181,73,1,3,2,450,1000
0,60,18,176,70,1,3,2,575,750
0,62,25,181,73,1,3,2,550,500
0,64,20,186,81,1,2,2,1200,2000
0,58,20,182,67,1,3,2,475,1000
0,56,20,180,66,1,2,2,300,2000
0,57,20,181,81,1,4,3,400,2000
0,64,22,194,88,1,3,2,1200,1000
0,58,19,175,70,1,3,2,375,650
0,55,18,168,56,1,3,2,325,500
1,61,19,180,75,1,3,2,600,500
0,58,20,170,63,1,2,2,475,550
0,64,21,192,86,1,3,2,1400,2000
0,60,20,180,75,1,3,2,575,2000
0,60,20,188,71,1,3,2,550,3000
0,60,20,176,57,1,3,2,600,500
0,70,31,193,81,1,2,2,1100,17000
0,59,28,180,76,1,3,2,200,2000
0,60,21,175,63,1,3,2,550,2000
0,56,21,181,72,1,3,2,300,2000
0,52,19,180,67,1,2,2,160,500
0,54,19,183,71,1,3,2,275,800
0,55,17,183,74,1,2,2,250,500
0,64,21,170,66,1,3,2,750,500
0,55,19,173,65,1,2,3,110,2000
0,64,21,187,74,1,2,2,1400,12000
0,57,21,172,71,1,3,2,130,500
0,50,16,165,70,1,3,2,110,500
0,56,21,176,68,1,3,2,325,2000
0,50,18,176,74,1,3,2,120,500
0,53,17,181,71,1,3,2,120,500
0,57,19,178,61,1,3,2,400,1000
0,60,31,170,70,1,2,2,180,500
0,52,18,178,65,1,3,2,180,550
0,59,26,182,75,1,3,2,240,500
0,55,21,173,65,1,3,2,200,500
0,61,25,184,74,1,3,2,425,1000
1,55,22,176,70,1,3,2,200,1000
0,57,18,190,78,1,3,2,375,550
0,63,21,180,75,1,3,3,575,2000
0,60,19,173,66,1,2,2,575,500
0,59,20,186,75,1,3,2,450,2000
0,60,21,189,81,1,2,2,350,750
0,53,21,180,72,1,3,2,230,500
0,57,19,184,74,1,3,2,220,2000
0,59,20,186,77,1,2,3,450,3000
0,59,23,171,74,1,3,2,350,500
0,55,21,178,71,1,2,2,240,2000
0,61,21,184,68,1,3,2,750,2000
0,56,18,173,71,1,3,2,450,3000
0,59,20,180,70,1,2,2,525,4000
0,56,18,184,70,1,3,3,350,2000
0,66,28,199,92,1,2,2,850,5000
0,61,21,185,79,1,3,2,625,500
0,63,34,173,76,1,2,2,180,500
0,89,29,191,91,3,3,1,79000,190000
0,61,30,179,72,1,3,2,275,3000
0,63,19,180,73,1,2,2,1100,2000
1,55,22,170,70,1,4,2,250,850
0,51,17,184,77,1,3,2,150,500
0,55,36,179,79,1,2,2,25,650
0,59,18,177,74,1,2,2,575,500
0,56,18,157,57,1,2,2,325,650
0,55,25,172,63,1,5,3,110,2000
0,60,29,181,75,1,3,3,240,950
0,60,20,193,84,1,3,2,550,5000
0,56,25,167,70,1,2,2,170,3000
0,58,18,172,64,1,3,2,475,700
0,77,32,176,69,3,3,1,0.0,0
1,62,21,178,67,1,4,3,850,500
2,59,19,183,74,1,3,3,525,1000
0,58,20,177,75,1,3,3,525,550
0,67,26,191,84,1,3,2,1200,7000
0,69,35,190,78,2,3,2,375,7000
0,51,19,172,65,1,3,2,150,700
0,64,24,186,83,1,3,2,800,500
0,60,22,171,69,1,3,2,550,3000
0,61,23,190,80,1,3,2,525,500
0,50,18,178,67,1,2,2,120,500
0,59,18,180,60,1,4,2,575,3000
0,62,32,188,84,1,3,2,275,1000
0,56,17,174,60,1,2,2,160,500
0,64,20,186,74,1,3,2,1200,500
0,55,21,179,73,1,2,2,240,500
0,58,19,174,65,1,3,2,450,800
0,59,19,181,72,1,3,3,500,1000
0,65,25,191,80,1,2,2,1000,500
0,57,19,176,69,1,2,2,400,1000
0,52,19,183,73,1,2,2,180,500
0,65,28,183,81,1,4,2,625,500
0,54,19,182,72,1,3,2,240,500
0,63,26,183,80,1,3,2,550,850
0,57,21,177,63,1,2,3,375,3000
0,51,18,176,74,1,3,2,80,1000
0,58,18,182,72,1,3,2,525,500
0,62,21,180,76,1,3,2,900,500
0,59,20,180,62,1,3,2,550,5000
0,63,22,184,77,1,3,2,1000,8000
0,50,21,168,75,1,2,2,100,850
2,57,19,188,77,1,4,2,400,750
0,59,20,176,74,1,3,2,500,1000
0,58,21,180,72,1,4,2,450,3000
0,53,19,175,65,1,3,2,200,1000
1,60,18,172,74,1,3,4,625,1000
0,58,21,171,64,1,2,3,450,500
0,58,19,171,62,1,3,2,475,2000
0,64,23,186,76,1,3,2,1200,1000
0,62,20,187,75,1,2,2,900,6000
0,60,21,175,67,1,2,2,475,900
0,65,23,190,79,1,3,2,1500,3000
0,55,17,180,72,1,4,2,325,500
0,57,18,181,74,1,2,2,325,500
0,56,17,173,68,1,3,3,375,500
0,56,21,178,68,1,2,2,325,850
0,63,29,187,81,1,2,2,400,500
0,65,25,185,79,1,2,2,900,2000
0,58,20,172,67,1,2,2,450,500
0,62,22,182,75,1,3,2,750,4000
0,61,25,171,66,1,3,3,425,2000
0,60,25,180,70,1,2,2,250,550
0,57,19,186,82,1,4,2,375,950
0,59,21,174,68,1,3,2,450,500
0,59,20,180,80,1,3,3,350,500
0,52,18,172,65,1,3,2,200,500
0,59,20,177,62,1,3,2,525,2000
0,58,23,178,72,1,3,3,400,3000
0,58,20,176,66,1,2,2,425,2000
0,60,23,185,78,1,4,2,400,2000
0,58,23,184,72,1,3,2,400,500
0,57,22,170,65,1,4,3,375,800
0,61,21,183,78,1,3,2,400,1000
0,59,18,183,72,1,2,2,525,800
0,57,19,184,78,1,3,2,350,2000
0,62,28,189,70,1,4,3,400,2000
0,59,25,192,84,1,3,2,300,6000
0,63,26,183,78,1,3,2,0.0,0
1,55,26,175,67,1,3,2,170,500
0,63,25,194,80,1,2,2,650,650
0,58,17,185,74,1,3,2,650,500
0,67,24,197,85,1,2,2,1500,2000
0,64,20,198,85,1,3,2,1300,2000
0,50,16,183,74,1,3,2,110,500
0,57,21,189,80,1,3,2,240,1000
1,57,22,183,77,1,2,2,325,850
0,58,20,182,83,1,2,2,425,1000
0,64,27,178,74,1,2,2,600,500
0,51,19,170,70,1,3,2,130,1000
1,54,21,172,68,1,4,2,240,500
1,56,18,186,69,1,3,2,325,750
0,62,30,179,71,1,3,2,400,500
0,60,20,171,68,1,3,2,550,1000
0,51,17,178,74,1,3,2,180,500
0,53,18,179,70,1,2,2,210,500
0,62,31,190,81,1,2,2,275,500
0,61,18,185,79,1,3,2,725,1000
0,58,20,182,72,1,2,2,425,4000
0,65,22,195,89,1,3,2,1000,3000
0,52,19,175,70,1,2,2,190,500
0,55,18,185,72,1,3,2,275,1000
0,57,21,180,68,1,3,2,400,5000
0,55,18,179,68,1,2,2,325,900
0,63,24,185,79,1,3,2,700,2000
0,50,18,182,74,1,2,2,110,500
0,54,18,171,70,1,3,2,250,850
0,53,20,183,69,1,3,2,200,1000
0,58,20,182,74,1,3,2,500,850
0,64,26,192,95,1,3,2,675,500
0,55,22,172,68,1,3,2,275,500
0,59,18,172,70,1,2,2,550,500
0,59,20,188,79,1,3,2,500,1000
0,56,22,181,77,1,3,3,120,600
0,59,20,170,60,1,4,2,550,2000
0,57,19,188,80,1,2,2,375,500
0,60,18,173,67,1,2,2,750,500
0,60,22,195,91,1,3,2,550,950
0,54,21,178,70,1,3,2,240,800
2,55,18,180,70,1,3,2,275,500
0,69,24,196,91,1,3,2,2600,3000
0,51,18,178,69,1,3,2,140,1000
0,54,21,175,67,1,3,2,275,3000
0,59,21,178,71,1,2,2,190,2000
0,63,21,191,77,1,3,2,1100,6000
0,63,21,194,85,1,2,2,1000,3000
0,52,19,182,73,1,3,2,190,1000
0,57,22,170,63,1,3,2,325,3000
0,63,22,190,70,1,2,2,1000,5000
0,53,19,175,65,1,2,2,100,700
0,52,21,176,72,1,3,2,200,4000
0,54,20,173,70,1,3,2,250,2000
0,51,17,175,68,1,2,2,150,500
0,54,21,180,75,1,3,2,230,2000
0,59,17,186,80,1,3,2,525,500
0,57,23,188,79,1,3,2,325,1000
0,58,23,175,73,1,3,2,400,800
0,58,19,183,74,1,3,2,475,1000
0,60,22,180,75,1,3,2,550,2000
0,59,22,178,76,1,2,3,550,2000
0,58,22,180,73,1,3,2,400,750
0,56,18,180,70,1,3,2,350,1000
0,57,18,182,74,1,2,3,375,1000
0,60,22,185,74,1,2,2,550,850
0,58,19,178,70,1,2,2,475,500
0,62,19,178,73,1,4,2,950,900
0,54,19,177,72,1,3,2,250,600
1,52,20,179,75,1,2,2,170,600
0,60,17,185,75,1,3,2,625,800
0,60,24,181,77,1,3,2,500,600
1,51,22,179,75,1,3,2,130,2000
0,54,21,171,64,1,3,2,250,800
0,54,18,174,72,1,2,2,230,500
0,53,19,188,78,1,3,2,220,750
0,62,22,191,80,1,2,2,825,1000
0,57,20,178,74,1,2,2,375,4000
0,63,25,196,85,1,5,2,575,1000
0,60,20,180,71,1,3,2,550,500
0,62,20,186,82,1,2,2,975,1000
0,55,26,183,75,1,3,2,140,500
0,59,22,175,75,1,3,2,500,950
0,60,19,174,66,1,3,2,525,2000
0,62,21,178,72,1,3,2,900,500
0,58,19,180,74,1,3,2,375,800
0,56,18,182,78,1,3,2,325,700
0,60,20,176,72,1,3,2,575,1000
0,53,22,160,65,1,3,2,210,2000
0,58,18,181,72,1,3,2,525,1000
0,50,17,173,62,1,3,2,110,500
0,60,22,185,75,1,2,2,375,500
0,60,24,180,78,1,4,3,300,2000
0,56,20,173,64,1,2,2,350,4000
0,52,19,183,75,1,3,2,190,500
0,55,21,177,72,1,3,3,275,850
0,53,20,181,72,1,3,3,220,900
0,52,23,172,72,1,3,2,160,500
0,64,20,189,79,1,3,2,1200,2000
0,59,18,177,77,1,3,3,525,500
0,59,18,177,71,1,3,2,500,750
0,68,33,188,71,3,3,1,0.0,0
0,57,18,186,79,1,3,2,400,500
2,55,22,172,68,1,2,2,200,2000
0,54,18,177,75,1,3,2,250,500
0,56,19,182,77,1,4,2,350,1000
1,61,22,188,86,1,3,2,750,2000
0,54,18,183,65,1,2,2,275,550
0,50,19,175,67,1,3,2,60,500
0,56,18,175,70,1,3,2,275,2000
0,61,22,192,85,1,3,2,700,1000
0,50,17,176,68,1,2,2,110,500
1,55,19,179,75,1,3,2,275,650
0,59,18,182,75,1,3,2,550,500
0,60,21,170,70,1,4,2,550,500
0,55,18,175,67,1,2,2,275,500
1,57,22,169,69,1,4,2,325,600
0,51,22,178,71,1,2,2,120,2000
0,52,24,182,78,1,3,2,100,500
0,66,23,184,84,1,2,2,1100,500
0,62,23,184,76,1,2,2,575,1000
0,63,20,189,80,1,3,2,975,2000
0,52,20,178,76,1,3,2,180,2000
0,59,22,173,70,1,2,2,475,500
0,57,22,180,78,1,3,2,240,650
1,60,18,193,78,1,2,2,600,500
0,51,18,178,69,1,2,2,140,500
0,59,19,179,74,1,2,2,575,1000
0,50,17,175,73,1,3,2,120,500
1,54,22,174,64,1,2,2,100,2000
0,63,19,193,74,1,3,2,1100,4000
0,59,19,180,76,1,2,2,450,500
0,53,21,173,68,1,2,2,230,500
0,62,23,190,78,1,2,2,825,1000
0,58,23,180,75,1,2,2,300,1000
0,61,24,187,72,1,3,3,475,1000
1,54,18,173,67,1,3,2,250,850
0,67,33,190,87,1,2,2,475,5000
0,60,22,178,72,1,3,2,550,500
0,57,20,183,78,1,3,2,375,500
0,54,18,177,72,1,3,3,250,500
0,61,22,185,79,1,3,2,750,3000
0,59,17,191,85,1,3,2,575,950
0,55,20,176,71,1,3,2,325,500
0,57,19,180,70,1,3,2,400,3000
0,65,27,190,82,1,3,2,800,500
1,54,19,188,82,1,3,2,230,550
0,59,17,185,85,1,5,2,275,500
0,60,21,190,90,1,3,2,550,500
1,53,21,166,63,1,3,2,230,750
0,59,19,170,64,1,3,2,550,1000
0,56,19,182,73,1,3,2,350,1000
0,64,22,190,80,1,2,2,825,500
0,63,24,174,63,1,2,3,750,800
0,57,19,190,70,1,4,3,400,900
0,52,19,173,76,1,2,2,180,1000
0,71,27,193,85,1,2,2,2100,9000
0,57,20,191,80,1,3,2,170,2000
0,59,19,184,73,1,2,2,475,500
0,60,21,190,83,1,2,2,550,2000
0,61,22,185,77,1,3,2,700,2000
0,53,19,175,68,1,2,2,220,1000
0,54,17,175,67,1,3,2,275,500
0,60,19,171,61,1,3,3,525,2000
0,63,22,177,79,1,2,2,1000,500
0,66,27,196,87,1,3,2,875,6000
0,58,19,179,74,1,3,2,525,500
0,54,19,170,60,1,3,2,250,500
0,61,22,190,80,1,3,2,675,2000
1,52,20,175,70,1,3,3,170,1000
0,59,19,183,78,1,3,2,500,1000
2,57,16,172,60,1,3,2,375,500
0,59,22,175,63,1,3,4,350,2000
0,52,19,177,70,1,3,2,190,3000
0,62,21,185,72,1,3,2,825,1000
0,51,22,168,65,1,3,2,130,3000
0,53,22,178,68,1,3,2,210,1000
0,52,18,177,80,1,3,2,170,850
0,59,22,183,75,1,3,2,475,1000
0,60,21,160,57,1,3,2,475,500
0,62,31,185,73,1,2,2,275,500
0,88,35,185,80,3,3,1,10000,85000
0,55,19,176,73,1,3,2,275,1000
0,52,18,168,65,1,2,2,160,500
0,53,18,177,63,1,3,3,240,1000
0,59,21,185,83,1,3,2,475,1000
0,62,18,188,77,1,2,2,925,2000
0,55,19,179,70,1,3,2,300,500
2,56,22,175,72,1,3,2,325,2000
0,60,21,176,72,1,3,3,550,550
0,57,19,183,76,1,3,2,325,4000
0,58,23,185,75,1,3,2,400,750
0,53,22,182,76,1,4,2,90,2000
0,51,19,182,76,1,2,2,140,500
0,64,21,179,78,1,2,2,1200,500
0,59,20,174,70,1,2,3,525,500
0,50,18,173,64,1,3,2,120,700
0,61,19,183,78,1,3,2,550,5000
0,61,25,178,75,1,3,2,450,500
1,49,23,175,65,1,3,2,100,1000
0,60,19,170,65,1,3,2,625,500
0,59,18,180,76,1,3,2,575,1000
0,54,17,180,77,1,2,2,325,500
0,53,19,174,70,1,3,2,190,750
0,59,24,183,73,1,3,2,350,800
0,56,18,168,63,1,3,3,325,1000
0,58,19,178,64,1,2,2,450,3000
0,61,22,179,72,1,3,3,725,3000
0,55,18,175,68,1,3,3,300,2000
0,58,22,187,71,1,3,2,425,1000
0,58,16,176,71,1,3,2,475,500
0,62,17,196,96,1,3,2,925,500
0,56,22,173,70,1,2,3,200,2000
0,60,22,165,68,1,3,3,550,1000
0,56,21,190,73,1,2,2,210,500
0,58,19,180,70,1,3,3,575,2000
0,60,22,181,70,1,2,2,475,500
0,59,21,174,63,1,4,3,500,2000
0,54,21,177,66,1,3,2,230,2000
0,57,18,183,78,1,4,2,400,500
0,61,19,178,68,1,3,2,850,4000
1,54,17,180,65,1,3,2,120,500
0,62,20,197,82,1,3,2,975,1000
0,63,27,187,75,1,2,2,500,500
0,56,18,179,70,1,3,2,325,600
0,64,22,189,78,1,2,2,1200,2000
0,55,20,167,66,1,3,2,300,1000
0,57,19,180,72,1,3,2,400,500
0,63,25,175,72,1,3,3,525,500
1,50,22,178,75,1,3,2,70,2000
0,52,17,176,73,1,3,2,250,500
0,58,22,183,78,1,3,3,450,1000
0,56,19,173,71,1,3,2,325,650
1,57,20,185,83,1,4,2,325,2000
1,52,19,184,81,1,3,2,210,750
0,56,20,178,75,1,3,2,300,650
1,59,20,181,72,1,3,2,550,3000
0,59,19,190,74,1,3,2,500,3000
0,54,18,177,70,1,4,2,250,500
0,59,19,189,75,1,3,2,500,650
0,61,20,184,75,1,3,2,675,900
1,55,23,176,70,1,3,3,275,1000
0,56,19,183,78,1,2,2,300,1000
0,58,18,184,70,1,3,3,425,500
0,57,18,185,73,1,3,2,400,850
0,58,20,180,70,1,3,2,425,2000
0,58,19,179,82,1,3,2,400,500
0,65,23,193,82,1,3,2,1000,2000
0,59,24,181,77,1,2,2,300,2000
0,51,19,175,72,1,3,2,80,650
0,54,18,186,70,1,3,2,220,500
0,59,17,180,78,1,3,2,475,500
0,62,26,180,74,1,4,3,475,1000
0,60,23,181,72,1,2,2,400,2000
0,60,23,197,81,1,2,2,325,650
0,54,19,170,60,1,3,2,110,500
0,56,19,189,78,1,3,2,325,950
0,58,21,167,68,1,3,2,450,2000
0,50,18,175,70,1,3,2,110,500
0,60,21,161,65,1,2,2,525,500
0,57,19,168,60,1,2,3,400,800
1,56,18,170,75,1,1,2,325,600
0,56,25,170,60,1,2,2,170,3000
0,52,20,170,65,1,3,2,180,1000
0,57,21,172,70,1,1,2,325,900
0,61,18,193,75,1,3,2,775,550
0,55,19,171,65,1,3,2,400,500
0,59,33,185,85,1,3,2,110,1000
0,55,20,180,64,1,3,2,275,500
0,57,20,165,58,1,3,2,230,1000
0,53,20,177,70,1,3,2,200,500
2,55,17,167,61,1,3,3,300,500
0,60,19,183,69,1,3,4,575,4000
0,55,21,185,67,1,2,2,275,750
0,51,17,176,68,1,3,2,130,500
0,67,28,184,78,1,3,2,975,3000
0,59,19,178,70,1,2,2,550,500
0,63,19,184,72,1,3,2,1100,900
0,58,18,187,74,1,3,2,525,3000
0,62,22,190,83,1,3,2,575,500
2,55,18,178,68,1,2,2,275,500
0,61,17,186,81,1,3,2,700,500
0,60,19,189,82,1,3,2,525,2000
0,53,19,178,65,1,3,2,240,2000
0,59,19,175,71,1,2,2,575,4000
0,62,25,191,82,1,3,2,500,700
0,59,17,178,68,1,3,2,600,650
0,62,20,185,80,1,2,2,825,1000
0,61,23,188,83,1,3,2,675,750
0,60,19,188,79,1,2,2,500,2000
0,58,18,178,77,1,3,2,475,500
0,63,19,196,84,1,3,2,1200,3000
0,68,21,192,84,1,2,2,2500,5000
0,50,16,175,70,1,3,2,130,500
0,66,27,190,84,1,2,2,900,2000
0,56,22,181,70,1,3,3,325,500
0,62,20,190,76,1,3,2,825,1000
0,50,17,172,68,1,3,2,110,500
0,53,20,176,72,1,2,2,90,750
0,59,24,180,74,1,3,2,425,550
0,55,19,171,69,1,3,3,300,500
0,60,20,179,68,1,3,3,600,1000
0,53,18,183,76,1,2,2,250,750
0,51,18,184,68,1,3,2,140,500
1,49,28,178,69,1,3,2,45,1000
0,67,20,192,87,1,3,2,2100,6000
0,60,26,175,67,1,3,3,300,3000
0,67,21,182,74,1,3,2,2100,550
0,61,23,176,70,1,3,2,475,500
0,59,21,172,66,1,2,2,475,1000
0,51,24,178,75,1,3,2,50,650
0,58,26,181,76,1,3,2,250,550
0,62,22,191,78,1,3,2,825,500
0,55,20,176,65,1,4,2,275,1000
0,64,29,187,80,1,3,2,550,1000
0,59,24,185,80,1,3,3,450,3000
0,64,27,165,69,1,3,4,625,500
0,54,19,181,72,1,3,2,240,3000
0,53,19,169,66,1,3,2,250,700
0,53,17,180,64,1,2,2,300,500
0,58,19,167,63,1,3,2,450,1000
0,55,18,180,70,1,3,2,325,1000
0,65,21,196,82,1,3,2,1300,850
0,51,18,180,73,1,3,2,140,700
0,58,19,178,75,1,3,3,475,800
0,50,17,170,65,1,2,2,110,500
0,52,20,178,63,1,3,2,190,950
0,52,19,177,65,1,4,3,170,500
0,56,19,176,73,1,3,2,350,1000
0,55,20,185,79,1,2,2,275,700
0,55,19,178,71,1,2,3,300,4000
0,52,20,172,62,1,3,2,190,2000
0,61,19,172,73,1,3,3,775,2000
0,59,21,178,70,1,3,2,500,3000
0,59,23,177,73,1,3,2,500,600
0,58,19,183,77,1,3,2,450,500
0,59,19,182,82,1,3,2,500,500
0,59,19,186,72,1,3,2,550,1000
0,57,18,185,80,1,3,2,525,850
0,53,19,172,70,1,3,2,190,500
0,53,16,175,68,1,3,2,375,500
0,63,33,178,78,1,2,2,230,500
0,54,19,180,70,1,3,2,250,550
0,58,23,173,68,1,3,3,450,1000
0,60,20,175,67,1,2,2,525,500
0,60,21,181,74,1,3,2,525,1000
0,57,21,175,67,1,2,2,350,750
0,50,17,170,70,1,3,2,120,500
1,54,19,177,70,1,2,2,250,550
0,50,18,178,75,1,3,2,110,700
0,59,18,167,61,1,3,2,525,2000
0,62,23,175,78,1,2,2,750,500
0,53,22,172,67,1,3,2,200,600
0,62,28,193,87,1,2,2,400,500
0,62,31,185,75,1,3,2,325,1000
0,61,18,171,68,1,3,2,725,650
0,54,19,175,72,1,3,2,250,2000
0,55,17,174,73,1,2,2,300,500
0,57,20,186,74,1,3,2,375,3000
0,64,19,179,62,1,3,3,1200,2000
0,61,19,166,62,1,2,3,775,500
0,61,33,180,78,1,2,2,170,500
0,65,23,188,84,1,3,2,925,5000
0,51,17,183,75,1,3,2,180,500
0,54,17,177,77,1,3,2,250,500
0,63,29,185,75,1,3,2,180,2000
1,62,20,190,84,1,3,2,900,1000
0,59,24,183,63,1,2,2,450,1000
0,50,17,176,74,1,3,2,120,500
0,59,22,185,79,1,3,2,500,1000
0,62,18,185,73,1,3,2,875,750
0,58,25,180,75,1,3,2,240,500
0,60,24,180,76,1,2,2,350,500
0,60,24,186,81,1,3,2,350,700
0,58,17,174,68,1,2,3,475,500
0,56,19,180,70,1,3,2,350,500
0,54,18,183,70,1,3,2,250,2000
0,61,21,193,79,1,4,2,750,3000
0,58,19,183,70,1,4,2,425,850
0,59,19,181,73,1,3,2,575,4000
0,58,19,184,73,1,3,2,475,4000
0,54,17,182,71,1,4,4,250,500
0,65,30,175,72,1,3,1,0.0,0
0,53,20,183,82,1,3,2,220,2000
1,59,37,185,78,1,3,2,40,1000
0,59,26,180,74,1,2,2,210,500
2,51,17,178,69,1,3,2,120,500
0,74,28,185,79,1,3,1,3900,750
0,63,21,192,85,1,3,2,1000,2000
0,56,21,185,70,1,2,2,275,700
0,60,30,184,73,1,3,2,200,3000
0,55,18,170,69,1,3,2,300,500
1,53,19,170,69,1,3,2,190,500
0,60,23,182,71,1,2,2,325,500
0,60,20,184,75,1,2,2,575,1000
0,54,17,174,66,1,3,2,230,500
0,56,17,177,69,1,3,2,425,500
0,67,28,185,79,1,3,2,975,5000
1,57,19,180,70,1,3,2,400,500
0,58,20,175,68,1,3,2,500,500
0,64,23,188,78,1,4,2,1200,3000
0,60,20,179,71,1,3,2,575,2000
0,66,32,184,80,1,3,2,550,2000
0,59,22,182,77,1,3,2,500,2000
2,57,19,170,65,1,3,3,400,550
0,52,19,172,75,1,3,2,190,1000
0,59,21,168,68,1,3,2,500,500
0,58,27,190,86,1,3,2,220,2000
0,56,19,176,65,1,3,2,350,750
0,53,19,166,59,1,3,2,240,1000
0,66,33,188,79,1,3,2,275,3000
0,48,19,172,73,1,3,2,110,1000
0,62,30,188,83,1,2,2,325,1000
0,58,18,177,71,1,3,2,275,3000
0,62,22,190,73,1,3,2,750,2000
0,62,23,185,78,1,2,2,550,3000
0,59,20,185,76,1,3,3,500,3000
0,62,24,192,85,1,3,2,825,750
0,64,25,182,85,1,3,2,725,500
0,61,27,179,75,1,3,2,350,500
0,61,22,174,72,1,3,2,700,500
1,50,21,169,65,1,3,2,110,500
0,61,20,181,78,1,3,2,675,500
0,61,22,183,78,1,3,2,700,950
2,55,17,175,68,1,3,2,325,500
0,61,21,185,85,1,3,2,700,3000
0,58,19,193,82,1,3,2,450,2000
0,62,27,176,70,1,3,2,375,500
0,54,18,170,70,1,3,2,240,500
0,61,19,188,82,1,2,2,725,500
2,56,19,191,88,1,2,2,350,550
0,61,18,191,77,1,2,2,725,600
0,58,19,179,71,1,2,2,425,950
0,50,19,176,69,1,3,2,100,1000
0,54,21,177,70,1,3,2,240,3000
2,56,17,173,69,1,2,2,325,500
0,50,20,194,84,1,3,2,110,500
0,61,22,167,65,1,2,4,725,500
0,64,30,172,70,1,2,2,500,500
0,62,19,179,76,1,3,2,875,1000
0,57,19,177,70,1,3,2,400,2000
0,52,21,170,64,1,3,2,160,500
0,51,18,170,65,1,2,2,150,500
0,53,17,180,70,1,3,2,210,500
0,57,24,174,67,1,2,2,230,2000
0,56,20,173,73,1,2,2,190,500
0,58,22,172,61,1,3,3,425,1000
1,53,19,175,68,1,3,2,240,600
0,55,19,185,74,1,2,2,275,1000
0,57,21,180,71,1,2,2,325,500
0,58,19,185,75,1,2,2,425,850
0,56,17,181,72,1,2,2,350,500
0,58,19,186,83,1,3,2,400,750
0,59,18,180,75,1,3,3,525,1000
0,57,18,173,66,1,3,2,375,650
0,55,18,177,72,1,3,2,350,500
0,62,21,185,82,1,3,2,825,3000
0,54,19,177,69,1,2,2,220,1000
0,48,16,178,70,1,2,2,110,500
0,56,17,181,60,1,2,3,400,2000
0,58,19,168,65,1,3,2,475,3000
0,55,20,163,63,1,3,2,275,2000
0,62,18,186,72,1,2,2,875,900
0,54,19,178,68,1,3,2,275,500
0,62,19,193,80,1,2,2,800,1000
0,60,23,183,84,1,2,2,550,500
0,60,19,175,70,1,3,2,525,1000
0,51,17,180,70,1,2,2,160,500
0,58,20,182,81,1,3,2,450,500
0,58,22,180,75,1,3,2,425,1000
0,52,22,170,63,1,3,2,170,2000
0,54,17,176,66,1,3,2,275,950
0,59,16,177,72,1,3,2,700,800
0,52,20,178,72,1,3,2,160,500
0,62,33,188,82,1,2,2,190,1000
0,63,22,185,84,1,3,2,1000,5000
0,60,25,186,78,1,3,2,300,1000
0,53,20,179,70,1,3,2,210,1000
0,53,17,175,75,1,2,2,210,500
0,60,20,183,65,1,2,3,550,1000
0,61,20,186,80,1,3,2,750,2000
0,56,20,178,73,1,2,2,220,2000
0,60,17,149,56,1,2,2,550,650
0,54,19,182,70,1,3,2,240,4000
0,58,18,185,76,1,2,2,525,650
1,50,20,172,65,1,3,2,110,500
0,66,22,188,77,1,3,2,1600,5000
0,56,22,176,73,1,3,2,90,2000
0,62,21,180,72,1,3,2,825,500
0,56,20,184,69,1,3,2,350,2000
0,58,18,188,82,1,3,2,475,2000
0,59,18,170,65,1,2,2,575,500
2,59,22,191,83,1,3,2,475,800
0,53,19,179,73,1,3,2,220,950
0,59,27,178,74,1,2,2,240,500
0,53,19,180,71,1,4,2,220,3000
0,59,17,187,74,1,3,2,525,600
0,59,18,183,75,1,2,2,525,500
0,56,18,176,65,1,3,2,325,500
0,58,18,175,70,1,3,2,500,500
1,49,18,182,70,1,3,2,110,500
0,56,18,185,80,1,3,2,275,500
1,55,24,176,61,1,3,3,200,500
0,59,25,182,77,1,2,3,300,2000
1,59,22,178,74,1,3,2,475,1000
0,54,21,174,72,1,3,2,275,3000
0,62,20,186,77,1,2,2,825,2000
1,51,21,175,70,1,3,2,130,2000
0,63,21,184,77,1,3,2,1000,2000
0,59,21,182,70,1,2,2,500,2000
0,55,18,177,69,1,3,3,325,500
0,56,18,175,72,1,2,2,350,500
0,63,23,184,75,1,2,2,500,4000
0,60,20,192,78,1,3,2,550,1000
0,59,20,188,78,1,3,2,550,1000
0,63,25,185,78,1,3,2,675,5000
0,54,18,175,65,1,2,2,250,550
1,54,23,183,74,1,4,2,220,500
0,63,27,188,83,1,2,2,500,2000
0,63,21,190,80,1,3,2,1000,1000
0,58,20,181,68,1,3,2,500,6000
0,68,30,197,97,1,3,2,1000,5000
0,62,21,178,80,1,3,3,900,500
0,54,17,175,58,1,3,2,250,500
0,56,22,181,74,1,3,2,300,4000
0,59,25,188,85,1,2,2,250,2000
0,87,31,192,76,4,3,1,42000,150000
0,59,19,165,54,1,2,2,500,500
0,58,18,186,75,1,2,2,425,500
0,52,18,175,66,1,2,2,180,550
0,59,22,187,80,1,3,2,500,2000
0,58,21,174,61,1,3,3,180,1000
0,50,19,178,70,1,3,2,120,2000
0,66,20,183,72,1,2,2,1800,2000
0,55,23,169,62,1,2,2,190,1000
1,56,27,175,73,1,3,2,150,500
0,65,28,185,83,1,3,2,625,2000
0,50,19,170,75,1,2,2,120,500
0,60,25,166,70,1,3,2,325,900
0,63,21,192,79,1,3,2,1100,1000
0,58,25,182,73,1,3,2,275,2000
2,55,21,170,59,1,4,3,275,1000
0,59,21,183,75,1,2,2,500,1000
0,58,19,175,73,1,3,2,525,550
0,59,19,165,66,1,3,2,500,2000
0,61,21,187,75,1,3,2,750,1000
0,63,26,182,73,1,3,2,450,1000
0,51,18,185,69,1,3,2,140,700
0,58,20,180,68,1,3,2,450,1000
0,57,18,171,65,1,3,2,425,1000
0,54,20,179,63,1,2,2,240,4000
0,62,17,188,75,1,3,2,850,500
0,57,19,170,65,1,3,2,400,4000
0,57,21,178,72,1,4,2,325,3000
0,56,19,180,75,1,2,2,350,500
0,53,17,171,63,1,2,2,230,500
0,59,20,168,60,1,3,2,500,2000
0,55,21,171,66,1,3,2,275,2000
0,56,18,174,69,1,3,2,325,700
2,63,24,183,82,1,3,2,650,1000
1,53,22,176,70,1,3,2,200,500
0,56,21,191,91,1,3,2,200,1000
0,58,21,177,73,1,2,2,300,1000
0,58,22,180,73,1,2,3,450,650
0,55,21,170,78,1,2,3,275,950
0,53,18,175,71,1,3,2,200,1000
0,53,19,182,75,1,3,2,130,650
0,60,22,189,86,1,2,2,575,4000
0,56,23,174,69,1,3,2,275,4000
0,51,18,183,74,1,2,2,120,600
0,59,32,187,77,1,2,2,150,500
0,57,20,181,65,1,3,2,230,1000
0,64,21,181,94,1,2,2,1100,500
0,56,21,183,71,1,2,2,325,1000
2,56,19,175,73,1,3,2,325,1000
0,61,22,183,74,1,3,2,425,1000
0,54,22,183,73,1,2,2,240,1000
0,52,20,176,74,1,2,2,170,1000
1,54,26,173,72,1,3,2,130,500
0,59,18,193,80,1,3,2,575,1000
0,58,19,175,72,1,3,3,450,500
0,58,18,172,60,1,4,2,525,850
0,61,20,176,73,1,3,2,725,2000
0,57,24,173,70,1,3,2,130,600
0,55,20,188,84,1,2,3,275,2000
0,53,17,187,70,1,2,2,220,650
0,55,21,191,80,1,3,2,300,800
0,61,20,183,72,1,3,2,425,4000
0,66,21,192,84,1,2,2,2000,1000
0,79,27,189,77,1,3,1,17000,33000
0,50,18,178,70,1,2,2,60,650
0,51,19,182,76,1,2,2,140,900
0,58,20,182,71,1,3,2,425,1000
0,60,17,192,81,1,3,2,775,900
0,56,19,180,73,1,3,2,375,2000
0,57,19,180,73,1,3,2,400,2000
0,53,17,180,70,1,5,2,300,500
0,60,19,193,84,1,3,2,550,1000
0,54,18,179,67,1,3,2,220,650
0,56,21,181,77,1,3,2,325,700
0,62,20,198,90,1,3,3,975,5000
1,58,23,188,80,1,2,2,300,550
0,60,21,178,73,1,3,2,575,2000
0,54,19,169,63,1,3,2,250,2000
0,56,19,179,67,1,3,2,300,950
0,58,22,187,85,1,3,2,450,500
0,57,22,180,75,1,3,2,350,1000
0,60,17,183,76,1,3,2,525,500
0,56,18,178,67,1,3,2,350,2000
0,58,18,183,85,1,3,2,525,2000
0,58,21,180,78,1,3,3,450,500
0,57,25,186,80,1,3,2,300,500
0,54,18,180,70,1,3,2,220,500
0,55,25,169,68,1,2,2,160,5000
0,53,18,183,67,1,3,2,230,500
0,56,17,177,69,1,3,2,300,500
0,63,19,188,75,1,2,2,1100,550
0,60,17,174,74,1,3,2,575,500
0,59,23,186,77,1,3,2,190,850
0,52,19,169,61,1,3,2,210,500
1,54,18,180,56,1,3,2,250,600
0,61,22,179,66,1,2,2,700,2000
1,53,24,186,77,1,3,3,190,1000
1,58,19,180,73,1,3,2,425,700
0,55,25,196,75,1,3,2,170,700
0,50,18,178,74,1,2,2,150,2000
1,55,27,187,80,1,3,2,130,1000
0,56,19,182,68,1,2,2,375,2000
0,61,18,174,70,1,2,2,800,500
0,59,19,182,73,1,3,3,525,4000
0,58,18,179,72,1,2,2,375,500
1,56,25,170,67,1,3,2,170,500
1,56,20,173,63,1,3,2,325,500
0,52,17,178,64,1,2,2,170,650
0,58,18,171,65,1,3,2,450,550
0,54,19,185,74,1,2,2,230,2000
1,50,19,174,73,1,4,2,110,500
0,56,19,183,84,1,3,2,375,800
0,59,17,177,76,1,2,2,475,600
0,57,25,169,65,1,3,4,200,3000
0,61,32,188,70,1,3,2,210,500
0,59,23,188,78,1,3,2,350,1000
0,62,18,179,67,1,3,2,925,2000
0,52,18,180,73,1,3,2,220,2000
0,55,16,165,58,1,3,2,300,500
0,53,19,182,74,1,2,2,230,500
0,74,30,196,90,1,3,1,2800,33000
0,61,23,187,74,1,2,2,475,500
0,55,18,178,78,1,2,2,300,500
0,53,22,172,70,1,3,2,200,2000
0,62,31,188,84,1,3,2,275,2000
0,49,20,166,62,1,3,2,110,500
0,57,23,171,65,1,3,2,300,1000
1,49,21,175,70,1,3,2,90,2000
0,58,24,172,68,1,3,2,300,4000
1,50,21,177,73,1,4,2,45,550
1,55,19,172,64,1,3,2,300,1000
0,55,24,185,76,1,3,2,170,500
0,52,19,175,68,1,3,2,190,500
0,54,17,177,69,1,2,2,300,500
0,64,20,185,78,1,3,2,1300,700
0,52,19,175,58,1,3,2,210,1000
0,57,20,174,70,1,2,3,350,500
0,59,18,173,67,1,3,4,575,500
0,62,23,187,70,1,3,2,575,500
1,55,21,176,69,1,3,2,190,1000
0,64,24,188,81,1,3,2,850,2000
0,58,20,176,75,1,3,2,425,650
2,53,16,172,65,1,3,3,300,500
0,56,18,180,70,1,3,2,325,1000
0,53,20,173,70,1,2,2,200,500
0,61,18,187,76,1,2,2,725,1000
0,58,20,176,72,1,3,3,450,500
0,49,18,176,76,1,3,2,120,650
0,52,19,178,73,1,3,2,180,650
0,62,21,188,80,1,3,2,825,2000
0,51,19,182,76,1,2,2,60,1000
0,50,17,176,72,1,3,2,150,500
0,57,20,176,63,1,2,2,350,800
0,56,19,178,72,1,3,2,325,2000
0,56,16,177,70,1,3,2,450,600
0,57,20,179,70,1,3,2,400,1000
0,53,19,170,59,1,3,2,240,1000
0,59,23,192,85,1,2,2,500,2000
0,58,20,173,68,1,2,2,500,2000
0,54,18,180,71,1,2,2,130,500
0,64,19,190,90,1,2,2,1300,5000
0,51,21,175,73,1,3,2,140,1000
0,64,21,190,82,1,2,2,1200,3000
0,64,22,185,78,1,3,2,1200,1000
0,58,21,183,74,1,2,2,425,800
0,56,19,183,77,1,2,2,325,550
0,55,26,191,82,1,2,2,150,1000
0,63,20,192,78,1,3,2,975,2000
0,51,18,178,76,1,3,2,110,700
0,54,19,178,75,1,3,2,250,500
0,65,34,189,83,1,2,2,230,2000
0,57,18,178,61,1,3,3,450,500
0,64,21,188,83,1,3,2,1400,3000
0,58,23,191,84,1,2,2,400,1000
0,49,27,182,75,1,3,2,50,550
0,53,27,168,58,1,3,2,110,2000
0,58,30,170,75,1,3,3,200,900
0,64,29,183,76,1,3,2,500,3000
0,50,17,178,70,1,3,2,110,500
0,61,21,171,66,1,2,2,725,500
1,51,21,181,76,1,3,2,90,950
0,50,19,186,70,1,3,2,100,2000
0,56,20,172,67,1,3,2,325,750
1,53,20,176,70,1,3,2,210,750
1,56,19,177,71,1,3,3,375,1000
0,64,23,190,85,1,3,2,1200,2000
0,55,21,166,59,1,3,2,275,3000
0,60,20,183,75,1,3,2,500,1000
0,58,18,185,76,1,2,2,475,2000
0,63,22,190,81,1,3,2,1000,2000
0,56,21,176,67,1,2,2,300,1000
0,65,26,182,86,1,3,2,500,7000
0,57,17,172,66,1,3,3,525,500
0,57,26,180,68,1,3,2,120,3000
0,56,18,180,73,1,3,2,300,750
2,58,18,172,68,1,2,2,450,500
0,57,26,180,75,1,3,2,200,2000
0,75,27,188,83,1,3,1,5500,11000
0,63,18,183,80,1,2,2,1000,1000
1,54,18,160,60,1,3,2,275,550
0,58,16,175,70,1,3,2,650,500
0,61,30,190,91,1,3,3,325,3000
0,50,22,181,70,1,3,2,100,2000
0,55,18,168,61,1,3,2,325,550
1,54,27,174,70,1,3,2,110,500
0,60,20,173,72,1,3,2,550,650
0,62,19,173,66,1,3,3,525,900
0,50,19,185,65,1,2,2,100,500
0,54,20,173,56,1,2,2,250,1000
0,58,19,182,70,1,3,2,525,650
0,58,20,178,75,1,2,2,475,2000
0,63,19,185,75,1,3,2,0.0,0
0,56,18,189,75,1,3,2,425,500
0,60,31,182,79,1,2,2,170,800
0,52,23,169,64,1,3,2,160,500
0,60,28,193,84,1,4,2,250,1000
0,61,24,177,64,1,2,3,500,500
0,64,21,191,78,1,4,2,1200,2000
0,63,21,186,76,1,4,2,1000,2000
0,64,37,185,77,1,3,2,100,500
0,60,19,191,87,1,3,2,600,1000
0,55,19,178,70,1,2,2,275,1000
0,56,18,176,65,1,3,2,350,650
0,57,22,188,80,1,2,2,350,1000
0,54,20,174,65,1,2,3,250,750
0,67,25,186,80,1,2,2,1400,2000
0,65,31,183,78,3,2,1,0.0,0
0,52,18,175,68,1,3,2,200,500
0,57,18,185,79,1,3,2,425,3000
0,53,17,171,69,1,3,3,210,500
0,56,21,185,78,1,3,2,230,2000
0,57,19,177,69,1,3,2,400,2000
0,57,20,185,80,1,3,2,325,950
0,59,19,169,70,1,2,2,500,500
1,50,21,183,77,1,2,2,100,1000
0,64,30,180,75,1,3,2,475,1000
0,50,18,177,73,1,3,2,60,500
0,54,20,202,93,1,3,2,220,800
1,53,19,175,61,1,3,2,200,950
0,56,16,176,72,1,3,3,325,500
0,57,18,176,73,1,3,2,375,500
0,59,22,188,74,1,2,2,475,1000
0,53,18,190,74,1,3,2,210,500
0,58,28,181,76,1,3,2,210,800
0,56,36,187,78,1,3,2,45,800
0,58,20,188,81,1,3,2,425,1000
0,50,17,188,71,1,4,2,150,500
0,58,18,194,69,1,4,2,475,950
0,59,20,187,75,1,2,2,500,750
0,61,21,192,78,1,3,2,750,3000
0,58,20,181,72,1,3,3,500,500
0,52,22,187,78,1,3,2,160,500
0,59,23,180,65,1,2,2,475,750
0,65,21,183,69,1,2,2,1500,1000
0,57,20,178,75,1,3,2,400,2000
0,70,29,194,92,1,3,2,1300,11000
0,56,21,183,75,1,3,2,325,850
0,56,19,182,74,1,3,2,350,3000
1,69,27,196,90,1,3,2,1300,4000
0,82,31,187,83,3,2,1,16000,30000
0,57,21,190,79,1,2,2,375,3000
0,58,18,182,73,1,2,2,0.0,0
0,58,17,185,64,1,3,2,475,500
0,50,19,181,70,1,2,2,120,500
1,59,24,176,69,1,3,2,300,2000
0,50,17,175,66,1,2,2,120,500
0,56,22,178,70,1,5,3,325,2000
0,54,22,180,79,1,2,2,200,1000
0,56,18,168,59,1,3,3,350,500
0,59,18,180,74,1,3,2,0.0,0
0,53,18,184,74,1,3,2,200,500
0,62,24,187,78,1,3,2,575,500
0,62,24,193,77,1,3,2,450,2000
0,56,24,190,82,1,3,2,230,700
0,55,21,174,78,1,3,2,300,1000
0,58,22,187,77,1,3,2,425,3000
1,57,28,180,80,1,3,2,140,500
2,56,19,178,73,1,2,2,325,500
0,48,19,183,84,1,3,2,100,500
1,50,19,170,70,1,1,2,110,500
0,55,18,183,74,1,2,2,300,900
0,55,17,184,70,1,3,2,300,500
0,63,21,180,78,1,2,2,1000,500
0,58,18,184,74,1,2,2,575,1000
0,50,19,177,73,1,2,2,110,500
0,55,21,181,73,1,3,2,275,2000
0,61,18,187,77,1,4,2,725,600
0,60,21,175,61,1,2,2,575,800
2,54,17,173,66,1,3,2,275,500
0,56,19,185,78,1,3,2,350,2000
0,53,21,180,69,1,2,2,210,750
0,64,29,183,74,1,2,2,500,500
0,61,22,172,70,1,3,2,625,500
0,57,19,176,70,1,3,2,325,1000
0,57,19,187,75,1,3,2,350,900
0,56,18,178,75,1,3,2,325,700
0,58,21,172,74,1,2,2,450,3000
0,55,19,186,79,1,3,2,300,500
1,51,30,185,84,1,2,2,50,1000
0,58,19,181,70,1,3,2,450,850
0,55,24,180,67,1,3,2,110,500
0,57,19,180,70,1,4,3,400,550
0,57,20,180,74,1,3,2,350,1000
1,48,37,175,70,1,3,2,15,1000
0,59,20,178,75,1,3,2,550,800
0,60,21,182,76,1,2,2,500,1000
0,56,22,193,86,1,3,2,300,1000
0,55,19,175,65,1,3,2,300,1000
0,52,20,170,65,1,3,2,180,2000
0,56,19,175,67,1,3,2,350,500
0,51,20,183,77,1,4,2,130,3000
0,62,22,188,76,1,2,2,750,800
0,57,19,176,60,1,3,2,375,1000
0,63,22,185,87,1,4,2,900,900
0,58,18,170,64,1,3,2,500,500
0,61,22,193,83,1,3,2,700,850
0,58,26,173,70,1,3,3,250,1000
0,60,22,184,88,1,2,2,525,500
0,64,29,175,74,1,2,2,550,500
2,53,16,162,63,1,3,2,250,500
0,53,26,180,72,1,2,2,110,2000
0,54,19,170,57,1,2,2,250,750
0,60,19,184,73,1,2,2,600,650
1,56,18,173,68,1,4,2,350,600
0,65,26,183,76,1,3,2,825,500
0,58,23,184,73,1,2,2,300,2000
0,62,33,170,61,1,3,2,190,1000
0,62,21,192,85,1,3,2,575,2000
0,59,17,178,73,1,3,2,675,500
0,53,26,174,68,1,3,2,110,500
1,53,23,167,63,1,3,2,210,500
1,49,20,170,61,1,4,2,110,500
0,61,22,171,64,1,3,2,500,500
0,60,20,187,78,1,2,2,550,500
0,89,29,188,87,5,3,1,85500,100000
0,60,19,188,75,1,3,2,600,500
0,64,26,195,78,1,3,2,650,2000
0,56,18,180,74,1,2,2,375,4000
0,62,28,185,77,1,3,2,400,1000
0,56,18,177,69,1,4,2,300,750
0,59,17,191,74,1,3,2,675,500
0,66,23,191,79,1,2,2,1200,500
0,48,18,175,70,1,3,2,100,500
0,57,21,178,72,1,3,2,325,2000
0,54,20,188,78,1,3,2,220,2000
0,57,18,178,70,1,3,2,190,500
0,57,19,176,69,1,2,2,400,1000
0,57,23,189,80,1,2,2,300,1000
0,56,19,171,65,1,4,2,375,2000
0,64,21,184,81,1,2,2,625,3000
0,64,18,178,67,1,2,2,1300,500
0,52,20,178,75,1,3,3,190,2000
0,56,18,183,71,1,3,2,375,1000
0,61,20,187,80,1,3,3,725,500
0,64,21,187,76,1,3,2,1400,10000
1,51,22,175,70,1,3,2,80,500
0,61,19,178,76,1,2,2,725,500
0,49,17,178,70,1,2,2,120,500
1,59,20,193,87,1,3,2,550,850
1,54,19,173,59,1,3,2,230,500
0,57,17,184,72,1,3,2,210,500
2,57,19,178,72,1,4,2,400,550
0,54,18,175,70,1,3,2,140,500
0,56,21,166,68,1,3,2,325,750
0,66,22,180,72,1,2,2,1100,500
0,56,25,167,67,1,3,2,170,650
0,62,22,185,75,1,3,2,825,800
2,58,21,183,83,1,3,2,450,750
0,61,22,178,70,1,2,2,625,1000
0,54,18,178,70,1,3,2,230,800
0,58,17,178,66,1,3,2,500,600
1,58,21,189,83,1,3,2,475,750
0,57,19,178,72,1,2,2,325,4000
0,59,23,180,76,1,3,2,190,500
0,80,29,185,88,1,4,1,14500,95000
1,56,19,190,83,1,3,2,400,850
0,55,22,173,65,1,2,2,190,2000
0,57,18,182,77,1,2,2,170,600
0,59,20,190,86,1,3,2,550,6000
0,59,20,186,75,1,3,2,450,900
0,64,33,185,77,1,3,2,275,500
1,64,26,185,83,1,3,2,675,2000
1,56,26,181,74,1,3,3,170,1000
0,52,16,180,73,1,3,2,170,500
1,60,21,186,75,1,3,2,525,900
0,54,18,172,70,1,3,2,230,1000
0,61,26,184,80,1,3,2,375,5000
0,51,20,173,78,1,3,2,120,2000
0,56,20,177,72,1,3,2,325,2000
0,58,21,180,75,1,3,2,500,2000
0,61,26,180,76,1,3,2,425,500
0,58,20,185,76,1,3,2,425,2000
0,50,17,173,61,1,3,2,120,500
0,56,19,176,70,1,3,2,300,600
0,63,24,194,82,1,2,2,650,750
0,87,35,188,82,4,1,1,9000,80000
0,60,19,194,88,1,4,2,650,3000
0,59,20,183,85,1,2,2,300,1000
0,62,23,187,80,1,2,2,750,650
0,51,22,183,77,1,3,2,130,1000
0,63,24,180,75,1,2,2,700,1000
0,60,17,185,75,1,3,2,525,500
0,56,18,173,67,1,3,3,350,500
0,53,24,168,62,1,2,3,130,1000
0,56,22,175,72,1,3,2,275,800
0,57,21,182,71,1,2,2,350,1000
0,50,19,170,64,1,2,2,130,500
0,59,20,185,68,1,3,2,475,2000
0,51,20,176,71,1,3,2,130,1000
0,67,24,184,82,1,3,2,2100,4000
0,59,18,183,82,1,2,2,550,600
0,58,18,192,81,1,3,2,525,2000
1,51,21,175,67,1,3,2,130,750
0,59,18,192,85,1,2,2,500,1000
0,59,20,187,79,1,3,2,450,5000
0,59,17,180,75,1,3,2,600,650
0,59,22,206,85,1,3,3,500,3000
0,54,19,190,86,1,3,2,240,1000
0,64,27,182,69,1,4,2,675,4000
0,58,18,183,75,1,3,2,475,650
0,62,32,186,78,1,3,2,250,2000
0,55,20,181,80,1,3,3,275,2000
0,58,20,174,69,1,3,2,450,500
0,58,22,188,75,1,2,2,425,1000
0,57,19,167,59,1,2,2,425,800
0,59,18,185,81,1,4,4,525,500
0,53,19,175,72,1,2,2,190,500
0,52,19,179,74,1,2,2,170,500
0,54,20,175,67,1,2,2,250,1000
0,51,19,175,67,1,3,2,130,1000
0,58,24,181,72,1,3,2,325,4000
0,54,19,175,72,1,3,2,250,750
1,54,27,193,82,1,2,2,110,1000
0,63,19,188,91,1,3,2,975,1000
0,54,19,178,70,1,3,2,90,500
0,55,17,180,72,1,2,2,300,500
0,61,19,183,74,1,3,2,750,1000
0,52,18,185,78,1,2,2,170,600
0,62,19,181,78,1,3,2,800,500
0,55,18,195,81,1,3,2,325,850
0,56,18,179,72,1,3,2,350,500
0,60,21,187,84,1,3,2,600,2000
0,59,17,164,59,1,3,2,550,500
0,55,19,175,75,1,3,2,250,550
1,54,20,185,76,1,2,3,240,500
0,60,32,179,79,1,3,2,170,750
0,57,18,178,73,1,3,2,375,3000
0,61,20,190,80,1,2,2,160,3000
0,62,21,188,79,1,2,2,825,1000
0,50,20,183,79,1,4,2,110,500
0,51,17,181,73,1,4,2,180,500
0,60,22,177,81,1,3,2,550,900
0,62,24,186,75,1,3,3,550,2000
0,75,34,188,95,2,2,2,1000,25000
1,53,26,170,63,1,2,2,120,500
0,55,18,183,71,1,2,2,300,500
0,63,23,190,82,1,3,2,700,500
0,60,20,190,82,1,4,2,500,1000
0,60,22,181,76,1,4,2,500,500
0,61,21,184,72,1,2,2,700,900
1,51,21,180,72,1,3,2,60,600
0,51,23,180,73,1,3,2,90,550
0,58,19,189,78,1,3,2,525,900
0,64,23,189,87,1,2,2,1200,2000
0,50,18,178,66,1,2,2,120,500
0,54,22,187,77,1,2,2,240,500
0,82,24,191,77,1,3,1,34500,62000
0,60,22,180,75,1,3,2,525,2000
0,55,26,179,79,1,4,2,170,500
0,63,19,176,70,1,2,2,1100,750
0,55,19,188,81,1,3,2,275,900
0,61,21,189,92,1,3,2,700,500
0,63,21,187,73,1,2,2,900,1000
0,56,18,170,70,1,2,2,275,500
0,55,19,186,73,1,3,3,300,900
1,58,20,184,75,1,3,2,425,1000
0,56,21,176,70,1,2,2,300,2000
0,60,23,184,75,1,3,2,350,2000
0,57,19,185,74,1,2,2,400,1000
0,53,18,182,77,1,2,2,220,1000
0,56,19,170,70,1,3,2,325,950
0,68,24,191,84,1,2,2,1600,6000
0,54,20,176,70,1,3,2,240,1000
0,61,18,191,84,1,3,2,1000,2000
0,56,19,180,74,1,2,2,325,1000
0,62,21,189,86,1,4,2,825,1000
0,58,17,180,80,1,3,2,475,500
1,56,19,182,75,1,3,2,375,950
0,62,23,191,80,1,2,2,825,600
0,65,25,184,80,1,2,2,900,3000
0,57,20,187,75,1,3,2,375,3000
0,56,21,173,65,1,3,2,300,500
0,58,19,173,67,1,3,2,475,950
0,60,20,183,80,1,3,2,575,3000
0,54,19,191,75,1,2,3,275,1000
0,58,18,181,67,1,3,2,525,1000
0,56,18,174,70,1,3,2,350,600
0,65,29,184,70,1,3,2,600,4000
0,53,17,178,65,1,3,3,0.0,0
0,55,21,179,70,1,2,2,275,500
0,57,17,180,81,1,3,2,375,500
0,58,20,178,78,1,3,2,500,2000
0,56,20,182,72,1,3,2,325,1000
0,59,17,161,60,1,1,3,525,500
0,57,19,168,62,1,3,2,425,500
0,56,19,173,67,1,3,3,350,950
0,66,23,177,75,1,3,2,1800,550
0,57,20,180,70,1,3,2,375,2000
0,60,22,175,69,1,2,2,525,1000
0,57,19,174,69,1,2,2,325,1000
0,59,18,177,69,1,3,2,275,1000
0,50,17,168,62,1,3,2,150,500
0,59,19,180,69,1,2,2,575,500
0,66,28,188,82,1,3,2,850,5000
0,59,20,185,78,1,3,2,500,1000
0,58,20,176,76,1,3,2,450,4000
0,55,20,177,73,1,3,2,275,1000
0,61,22,186,79,1,2,2,375,500
0,53,22,174,64,1,3,2,210,2000
0,60,16,190,73,1,3,2,725,500
0,53,18,165,65,1,3,3,240,1000
0,61,20,188,84,1,1,2,750,850
0,63,27,188,83,1,3,2,475,2000
0,59,19,185,77,1,3,2,550,2000
0,54,20,189,80,1,2,2,250,500
0,54,19,171,63,1,4,2,275,750
0,56,20,177,70,1,3,2,300,700
0,62,25,182,72,1,3,2,725,500
0,61,22,192,87,1,3,2,675,600
0,57,26,182,77,1,3,3,110,500
0,58,25,175,64,1,3,2,275,500
0,53,22,177,67,1,2,3,210,500
2,56,18,189,70,1,4,2,300,500
0,59,22,176,69,1,2,2,475,2000
2,57,19,177,70,1,2,2,375,1000
0,59,19,175,73,1,3,2,575,2000
0,62,19,180,75,1,2,2,875,2000
0,55,18,181,77,1,3,2,300,700
1,58,19,178,60,1,2,3,475,1000
0,58,20,182,70,1,3,2,425,750
0,55,21,182,71,1,3,2,275,3000
0,54,19,178,66,1,2,2,275,750
0,52,19,183,80,1,3,2,210,500
0,59,22,181,68,1,3,2,500,3000
0,54,19,167,61,1,3,2,300,750
0,54,20,175,73,1,4,3,240,950
0,59,19,186,80,1,2,2,500,850
0,58,22,166,60,1,2,2,325,3000
0,57,19,168,75,1,2,3,400,500
0,56,19,184,72,1,3,3,350,1000
0,60,28,180,70,1,2,2,210,500
0,54,17,185,70,1,3,2,250,500
0,62,25,191,93,1,3,2,475,3000
0,57,18,190,79,1,4,2,425,1000
0,59,18,185,73,1,2,2,550,4000
0,54,20,170,67,1,3,2,210,550
0,54,20,172,65,1,3,3,250,2000
0,54,23,179,72,1,4,2,220,2000
0,56,21,179,71,1,3,2,325,2000
0,62,26,187,75,1,3,2,450,1000
0,58,19,178,70,1,3,2,425,1000
0,64,23,188,81,1,2,2,1200,8000
0,53,19,182,69,1,3,2,200,750
0,59,20,190,80,1,3,2,450,850
0,64,20,176,78,1,2,2,1200,500
0,63,22,185,82,1,2,2,900,8000
0,50,20,177,73,1,2,2,110,500
0,57,19,179,73,1,3,3,400,2000
1,51,21,183,79,1,3,2,130,1000
2,60,25,186,83,1,3,2,300,750
0,60,22,184,80,1,3,2,550,2000
0,57,16,188,77,1,3,3,450,500
0,58,20,193,84,1,2,2,500,5000
0,65,24,185,78,1,3,2,1000,4000
0,48,22,182,76,1,3,2,70,550
0,56,18,183,70,1,3,2,300,500
0,60,18,193,78,1,3,2,600,1000
0,66,24,194,86,1,3,2,1200,2000
0,55,17,177,69,1,3,2,325,500
1,50,21,180,65,1,2,2,100,900
0,59,21,185,70,1,3,2,500,1000
0,53,18,185,74,1,3,2,220,650
0,56,18,182,70,1,4,2,325,1000
0,59,17,180,76,1,2,2,500,500
0,60,21,180,78,1,3,2,525,2000
0,55,19,190,87,1,2,2,275,1000
0,55,18,171,60,1,3,2,350,500
1,50,22,183,66,1,3,2,70,2000
0,50,17,180,75,1,3,2,110,500
0,54,19,177,70,1,3,2,240,3000
0,50,19,177,78,1,2,2,110,700
0,52,19,180,72,1,3,2,180,850
0,49,18,165,63,1,4,3,150,500
0,59,27,184,81,1,3,2,170,1000
0,59,22,177,70,1,2,2,500,950
0,55,24,187,82,1,3,2,150,1000
0,55,20,178,67,1,2,2,300,5000
0,57,17,181,74,1,3,2,400,500
0,51,18,177,67,1,2,2,150,550
0,62,20,188,75,1,3,2,975,3000
0,51,23,178,75,1,3,2,130,500
0,58,18,182,73,1,3,2,475,500
0,55,19,176,73,1,3,2,325,550
0,60,22,176,72,1,3,2,400,500
0,58,19,180,70,1,3,2,475,2000
0,56,19,163,57,1,3,2,350,2000
1,50,21,174,68,1,3,2,100,1000
0,61,29,168,65,1,3,2,300,500
0,52,17,168,59,1,3,2,170,500
0,54,26,183,83,1,3,3,120,2000
0,56,21,178,67,1,4,2,325,3000
0,54,20,168,68,1,3,2,240,600
0,55,23,174,70,1,2,2,275,550
0,56,17,178,80,1,2,2,300,500
0,59,19,183,76,1,3,2,450,1000
0,64,29,193,79,1,2,2,500,2000
0,55,18,168,68,1,3,2,275,500
0,57,19,180,74,1,3,2,400,1000
1,54,20,163,59,1,3,3,240,500
0,61,24,186,80,1,3,2,475,2000
0,54,17,175,65,1,3,3,275,500
1,53,19,179,70,1,3,2,220,750
0,64,22,194,82,1,3,2,850,850
1,52,21,175,68,1,3,2,200,500
0,53,19,182,77,1,3,2,220,2000
0,62,24,178,78,1,2,2,525,500
0,52,20,182,73,1,2,2,180,900
0,59,18,186,78,1,3,2,550,4000
2,64,24,185,80,1,2,2,675,2000
0,61,27,175,69,1,2,2,325,500
0,52,19,182,75,1,3,2,190,500
0,51,19,172,60,1,3,2,130,1000
0,56,18,178,71,1,3,2,350,500
0,62,22,185,78,1,3,2,750,1000
0,52,18,180,70,1,3,2,190,600
0,55,17,181,74,1,3,2,150,500
1,55,29,182,82,1,4,4,130,550
0,55,18,170,60,1,2,2,325,1000
0,57,20,183,78,1,2,3,375,2000
0,64,21,191,83,1,2,2,1400,2000
0,52,18,177,64,1,3,2,180,700
0,56,25,173,72,1,3,2,190,1000
0,61,20,186,86,1,2,2,675,1000
0,57,19,178,78,1,3,2,325,500
0,56,18,178,67,1,3,2,375,6000
0,57,17,187,82,1,3,2,375,500
1,50,18,178,72,1,3,2,110,500
0,62,20,184,76,1,2,2,900,2000
0,65,23,186,81,1,3,2,1500,2000
0,61,23,173,67,1,2,3,625,500
0,59,21,178,78,1,3,2,425,650
0,57,19,186,78,1,3,2,400,500
0,66,26,195,85,1,2,2,1100,7000
0,56,18,175,65,1,2,2,150,500
0,59,19,178,74,1,2,2,525,650
0,50,19,177,64,1,2,2,110,950
0,57,20,180,76,1,2,2,300,700
0,58,20,186,81,1,3,2,425,2000
0,57,19,180,67,1,2,2,400,4000
0,49,19,179,79,1,2,2,100,500
0,56,22,175,72,1,3,2,300,1000
0,50,19,173,64,1,3,2,130,650
0,50,18,177,75,1,2,2,120,800
0,54,18,186,84,1,3,2,275,500
0,59,21,170,64,1,4,3,500,3000
0,59,18,184,74,1,3,2,450,850
0,64,21,179,72,1,3,2,1200,2000
0,56,20,178,67,1,3,2,325,950
0,54,19,172,60,1,2,2,230,1000
0,61,18,181,74,1,3,2,650,500
0,56,18,166,65,1,3,2,300,500
0,63,22,181,81,1,3,2,1100,3000
0,57,19,184,70,1,2,2,375,2000
0,60,18,192,84,1,3,2,600,700
0,51,17,179,74,1,3,2,140,500
0,54,19,168,59,1,3,2,275,2000
0,61,19,177,63,1,3,2,650,500
0,53,21,177,68,1,3,2,230,4000
0,60,28,184,84,1,2,2,210,2000
0,60,22,178,70,1,2,3,500,3000
0,56,20,179,73,1,3,2,350,800
0,57,20,184,75,1,3,2,350,1000
1,58,26,188,80,1,3,2,275,1000
0,50,16,179,77,1,2,2,110,500
0,50,17,183,73,1,2,2,110,500
0,57,19,175,69,1,2,2,400,1000
0,55,18,170,66,1,3,2,275,500
1,56,20,175,67,1,3,2,275,550
0,58,19,186,69,1,3,2,450,2000
0,60,20,189,82,1,2,2,500,2000
0,60,20,188,79,1,3,2,500,950
1,51,24,181,72,1,3,3,90,1000
1,51,19,180,75,1,4,2,130,500
0,67,24,196,86,1,4,2,1400,6000
0,66,36,189,80,1,4,2,90,4000
0,51,17,177,70,1,3,2,130,500
1,55,22,172,74,1,3,2,275,500
0,50,19,178,64,1,2,2,110,500
0,52,19,174,68,1,2,2,170,800
1,55,21,174,70,1,3,2,275,800
1,48,21,169,62,1,3,2,90,1000
1,48,16,176,69,1,3,2,120,500
0,57,22,178,77,1,3,2,375,500
0,56,22,187,78,1,3,2,325,2000
0,65,28,178,77,1,2,2,675,500
0,55,19,179,72,1,3,2,275,500
1,48,20,175,63,1,2,2,100,1000
0,59,22,187,80,1,3,2,525,750
0,55,18,185,75,1,3,2,275,600
0,60,24,191,82,1,2,2,350,1000
0,66,28,193,85,1,3,2,725,3000
0,58,18,171,70,1,3,2,450,500
0,55,21,180,72,1,2,2,275,500
0,54,19,175,65,1,2,2,240,600
0,55,19,182,73,1,3,2,275,500
0,57,20,181,70,1,3,3,400,2000
0,58,20,180,75,1,3,2,450,700
0,57,21,175,74,1,3,3,400,1000
0,60,25,189,75,1,3,2,325,3000
0,57,20,182,75,1,3,2,350,550
0,59,24,178,75,1,3,2,300,1000
0,60,20,185,71,1,2,2,600,5000
0,62,18,190,80,1,4,2,950,500
2,55,18,172,60,1,3,2,300,850
0,61,21,190,79,1,4,2,750,750
1,53,18,176,68,1,3,2,240,500
0,56,23,187,83,1,2,2,325,1000
0,52,21,175,72,1,3,2,120,2000
0,55,19,190,80,1,2,2,250,500
0,48,18,175,70,1,3,2,120,650
0,58,19,178,76,1,2,2,450,500
0,56,19,175,64,1,3,2,350,800
0,54,19,192,81,1,2,2,275,650
0,60,22,175,70,1,3,3,550,2000
0,60,19,170,68,1,2,2,600,500
0,48,18,182,70,1,3,2,120,600
0,60,20,188,80,1,3,2,550,4000
0,56,20,180,72,1,3,2,325,2000
0,50,19,183,74,1,3,2,100,1000
0,57,22,191,81,1,3,2,325,3000
0,53,17,181,72,1,3,3,0.0,0
1,49,19,173,68,1,3,2,110,900
0,62,19,185,78,1,3,2,975,2000
0,52,20,185,79,1,3,2,100,500
0,55,19,183,75,1,2,2,275,2000
0,57,18,184,72,1,3,2,375,500
0,62,29,185,82,1,3,2,375,500
0,57,21,193,81,1,3,2,375,600
0,52,16,175,70,1,3,2,200,500
0,56,18,182,70,1,2,2,300,850
0,54,31,172,65,1,2,2,90,500
0,55,19,175,71,1,3,3,275,2000
0,55,22,174,68,1,4,2,275,500
0,52,18,182,79,1,3,2,100,600
0,58,21,184,80,1,3,2,475,2000
0,58,21,173,61,1,3,2,425,900
1,55,24,166,69,1,3,2,180,500
1,52,22,178,74,1,3,2,150,1000
0,64,27,187,79,1,3,2,350,3000
0,62,19,193,75,1,3,2,875,1000
0,58,22,181,76,1,3,2,450,2000
0,63,22,185,77,1,3,2,900,2000
0,58,20,176,75,1,3,2,450,2000
1,50,27,173,64,1,2,2,50,1000
0,56,20,188,78,1,3,2,325,5000
0,54,20,185,70,1,3,2,250,2000
0,55,19,183,82,1,3,2,275,600
0,52,17,188,74,1,3,3,220,500
0,55,19,182,72,1,2,2,300,1000
0,48,18,177,64,1,3,2,100,500
0,55,19,186,81,1,2,2,250,600
0,50,19,178,72,1,3,2,110,500
0,58,20,178,73,1,3,2,475,3000
1,49,20,178,68,1,3,2,100,500
1,47,20,167,61,1,3,2,110,500
0,50,18,172,70,1,2,2,120,650
0,52,19,183,64,1,3,2,100,500
0,58,19,186,74,1,3,2,450,1000
1,48,22,183,70,1,3,2,70,1000
0,63,20,180,75,1,3,2,1100,650
1,52,19,178,70,1,3,2,180,500
1,52,28,183,80,1,3,2,80,2000
1,49,22,180,70,1,3,2,100,2000
1,46,22,170,65,1,3,2,100,500
0,60,20,180,75,1,3,2,550,2000
0,58,25,178,75,1,3,2,250,550
0,53,17,175,70,1,3,2,300,650
0,55,20,188,80,1,3,3,275,500
0,57,19,185,75,1,3,2,400,650
0,56,19,185,85,1,3,2,350,650
0,53,17,176,65,1,2,2,190,500
1,51,24,176,70,1,3,2,80,500
0,58,18,183,73,1,3,3,650,500
0,58,21,179,77,1,3,2,450,2000
0,56,20,175,60,1,3,2,350,1000
1,54,20,174,68,1,3,2,220,500
0,56,20,182,74,1,3,2,350,1000
0,57,20,185,78,1,1,2,375,500
1,50,18,173,67,1,3,2,110,500
0,60,20,185,78,1,3,2,550,5000
0,62,23,190,77,1,2,2,825,2000
0,59,17,185,78,1,3,2,525,500
1,52,22,170,65,1,3,2,180,1000
0,49,20,178,68,1,3,2,120,900
0,52,18,182,73,1,3,2,170,550
0,60,20,183,75,1,2,2,500,550
0,58,18,180,71,1,3,3,425,3000
0,58,21,190,78,1,3,2,425,2000
0,60,23,192,87,1,2,2,400,2000
0,53,20,191,83,1,2,2,220,800
1,48,19,179,71,1,3,2,120,2000
1,53,26,178,70,1,4,2,100,500
1,53,21,170,57,1,3,2,230,500
0,65,22,176,63,1,2,2,1000,500
0,60,18,177,71,1,3,3,675,8000
0,56,24,179,70,1,3,3,220,1000
0,56,23,180,70,1,2,2,230,1000
0,56,20,171,68,1,2,2,325,550
1,48,22,173,65,1,3,2,90,500
0,60,22,189,70,1,3,2,575,2000
0,50,17,174,68,1,2,2,110,500
0,61,20,192,81,1,4,2,675,6000
0,51,17,175,64,1,4,3,180,500
0,56,20,177,70,1,2,2,325,2000
0,52,19,169,67,1,2,2,160,1000
0,52,20,184,77,1,3,2,110,500
1,53,28,175,65,1,3,2,80,500
0,59,19,180,75,1,3,2,500,700
0,57,22,175,75,1,3,2,350,2000
0,66,24,196,92,1,2,2,975,3000
0,55,18,167,58,1,3,3,350,500
0,63,21,187,79,1,3,2,1100,2000
1,57,21,178,76,1,3,2,375,1000
1,51,21,172,66,1,3,2,140,500
0,56,21,179,74,1,2,2,325,1000
0,56,18,177,68,1,2,2,350,800
0,57,23,182,84,1,3,2,375,1000
0,56,18,178,68,1,3,2,400,2000
0,54,17,160,58,1,3,3,275,500
0,57,18,170,65,1,2,2,325,900
0,46,18,173,71,1,2,2,120,500
0,58,19,173,63,1,3,3,475,500
0,60,21,191,80,1,2,2,525,1000
0,57,18,183,72,1,3,2,425,1000
0,60,22,184,71,1,3,2,525,1000
0,63,22,183,73,1,3,2,900,2000
2,53,17,170,58,1,3,2,230,500
0,50,18,170,71,1,2,2,110,500
0,55,17,168,58,1,3,2,275,500
0,57,18,182,70,1,3,2,375,1000
0,55,24,175,66,1,3,2,170,2000
0,59,22,187,82,1,3,2,500,1000
2,56,19,175,66,1,3,2,350,1000
0,52,19,179,73,1,3,2,200,1000
0,64,24,186,83,1,2,2,725,2000
0,60,23,187,80,1,3,2,350,1000
0,53,19,182,76,1,3,3,200,1000
1,48,20,178,67,1,1,2,70,2000
0,57,23,175,70,1,1,2,250,500
0,59,18,186,80,1,2,2,550,950
0,54,20,179,69,1,4,2,240,500
1,55,24,176,77,1,3,2,190,2000
0,57,20,186,84,1,3,2,375,2000
0,56,17,186,75,1,3,2,300,500
0,56,17,182,76,1,3,2,325,500
0,59,21,180,73,1,3,2,475,1000
0,57,21,185,70,1,2,2,375,950
0,59,21,180,75,1,3,3,500,1000
0,53,19,181,72,1,3,3,220,1000
1,56,20,186,80,1,4,2,275,1000
0,60,24,190,82,1,3,2,325,3000
0,61,22,197,81,1,3,2,625,2000
0,57,24,183,85,1,3,2,300,550
0,51,20,178,70,1,3,2,130,2000
0,59,18,190,81,1,3,2,325,800
0,63,24,194,91,1,3,2,650,3000
1,55,23,176,69,1,3,2,180,1000
0,58,20,195,88,1,3,2,500,1000
0,54,19,175,70,1,3,2,110,500
1,51,18,178,73,1,3,2,140,500
0,57,20,183,77,1,3,2,375,4000
0,59,18,188,72,1,3,2,525,6000
0,55,31,186,82,1,2,2,90,500
0,57,22,179,68,1,1,2,350,500
0,60,20,189,78,1,3,3,600,1000
0,79,35,190,80,2,3,1,1900,29000
0,60,21,172,72,1,3,3,550,3000
0,51,17,175,70,1,3,2,130,500
1,51,19,175,68,1,4,2,120,500
0,59,26,178,79,1,3,2,170,500
0,55,24,175,68,1,3,3,170,800
1,53,22,171,65,1,3,2,210,500
0,54,18,180,70,1,2,2,240,500
0,53,18,178,69,1,3,2,240,550
0,57,21,178,70,1,2,2,350,1000
0,56,23,181,79,1,3,2,200,3000
0,52,19,186,75,1,3,2,180,800
0,54,19,180,75,1,3,2,240,500
0,60,18,178,69,1,4,4,525,500
0,57,19,180,80,1,3,2,325,500
0,53,19,184,73,1,2,2,200,6000
0,56,19,181,75,1,3,2,325,700
0,54,20,174,69,1,3,2,110,500
0,58,20,178,75,1,2,2,425,1000
0,55,18,178,70,1,3,2,275,500
0,54,17,185,75,1,3,2,250,500
0,58,19,185,75,1,3,2,450,800
1,49,21,184,73,1,3,2,100,1000
0,57,21,181,75,1,3,2,350,500
0,55,18,186,66,1,3,3,325,650
0,59,23,187,73,1,3,2,425,650
0,52,17,173,65,1,2,2,200,500
0,58,18,176,62,1,3,2,475,500
0,55,20,181,72,1,3,2,250,650
0,55,19,186,70,1,3,2,300,900
0,56,20,188,81,1,2,2,325,1000
0,59,19,192,81,1,2,2,500,1000
0,62,23,187,75,1,3,2,575,2000
1,48,17,178,63,1,3,2,120,500
0,59,21,186,81,1,3,2,475,550
1,48,24,178,68,1,3,2,70,2000
0,54,18,177,73,1,3,2,300,550
2,66,24,188,80,1,3,2,1100,2000
0,56,17,183,76,1,4,2,350,500
0,55,23,179,65,1,3,2,200,2000
0,51,22,178,70,1,2,2,90,600
0,58,18,189,81,1,3,2,450,500
0,51,18,173,71,1,2,2,120,600
0,58,17,180,75,1,2,2,500,500
0,65,22,183,80,1,3,2,1000,2000
0,54,16,179,71,1,2,2,250,500
0,56,21,180,70,1,2,2,350,500
0,59,20,176,68,1,2,2,350,550
1,50,19,174,65,1,3,2,110,500
0,53,19,179,67,1,2,2,220,1000
0,63,21,190,75,1,3,2,1000,2000
0,62,30,194,87,1,2,2,325,500
0,52,19,170,65,1,3,2,170,600
0,61,20,187,86,1,2,2,675,1000
0,63,22,190,83,1,2,2,1000,1000
0,58,17,192,78,1,3,2,500,900
0,64,23,192,88,1,2,2,850,2000
1,60,22,187,78,1,3,2,525,700
0,59,19,190,75,1,3,2,450,2000
0,59,19,175,70,1,3,2,500,3000
0,58,19,178,68,1,3,3,450,500
0,60,20,191,83,1,3,2,500,1000
0,88,23,196,90,3,3,1,103500,110000
0,60,18,185,77,1,3,2,650,3000
0,58,19,183,73,1,3,2,450,2000
0,50,16,175,65,1,2,2,150,500
0,55,20,185,81,1,4,2,300,550
0,51,18,180,72,1,3,2,140,500
0,58,20,171,62,1,2,2,425,500
0,55,17,183,78,1,3,3,325,500
1,56,21,179,67,1,3,2,325,1000
0,57,21,183,73,1,2,2,300,2000
0,54,19,177,69,1,3,2,250,500
0,64,19,182,72,1,2,2,1200,500
1,57,17,175,70,1,3,2,375,500
0,53,18,185,76,1,3,2,190,600
0,55,25,177,71,1,3,2,150,5000
0,60,19,182,74,1,3,3,600,900
0,61,21,185,76,1,2,2,475,2000
0,55,23,165,60,1,3,2,190,500
0,56,18,175,67,1,3,2,350,500
0,51,18,175,70,1,3,2,140,500
0,59,20,185,75,1,3,2,500,3000
0,53,20,173,68,1,3,2,230,2000
0,53,21,184,73,1,3,2,220,3000
0,63,22,186,76,1,3,2,1000,4000
0,63,26,178,83,1,4,2,525,500
0,51,19,176,69,1,2,2,140,500
0,58,21,185,77,1,3,2,425,900
0,55,21,180,75,1,3,2,275,2000
1,60,24,190,89,1,3,2,325,1000
0,57,20,175,76,1,3,2,375,950
0,55,16,186,72,1,3,2,350,500
0,53,21,165,61,1,3,2,210,5000
0,55,17,180,74,1,3,2,325,500
0,51,21,190,83,1,2,2,120,850
0,57,21,180,78,1,3,2,350,900
2,60,22,183,77,1,3,2,350,2000
0,62,21,185,80,1,2,2,750,3000
0,60,19,191,86,1,2,2,600,500
0,56,19,182,78,1,4,2,350,500
0,53,18,178,66,1,2,2,240,500
0,57,20,176,67,1,2,2,140,550
0,55,19,188,75,1,3,2,325,1000
2,63,26,182,71,1,3,2,550,2000
1,50,20,173,62,1,3,2,110,500
0,65,22,190,84,1,2,2,1500,2000
0,54,19,190,80,1,3,2,220,850
0,59,23,191,80,1,2,2,450,1000
0,59,20,196,90,1,2,2,500,5000
0,53,18,183,69,1,3,2,210,650
0,55,19,179,67,1,3,2,350,650
0,55,19,170,61,1,3,2,275,500
0,56,22,180,75,1,3,4,300,1000
0,60,20,190,83,1,3,2,500,500
0,55,19,180,70,1,2,2,300,1000
0,58,28,185,73,1,3,2,210,3000
2,65,24,185,73,1,2,2,975,3000
0,55,19,185,68,1,3,2,250,1000
0,57,17,179,71,1,2,2,375,500
0,60,23,186,83,1,2,2,350,2000
0,54,19,178,67,1,2,2,250,500
0,55,20,175,69,1,3,2,325,3000
0,53,18,177,70,1,3,2,220,600
0,57,21,175,70,1,2,2,375,3000
0,53,19,172,58,1,3,2,220,500
0,60,33,183,78,1,3,2,120,2000
0,52,23,170,65,1,2,2,70,500
1,55,25,174,65,1,4,2,150,500
0,48,18,182,73,1,3,2,120,500
0,52,17,185,76,1,3,2,200,500
2,55,17,178,65,1,4,2,300,500
0,56,20,178,72,1,2,2,350,6000
0,61,23,198,89,1,2,2,500,2000
1,51,21,180,66,1,3,2,130,1000
0,48,18,182,77,1,2,2,100,500
0,50,18,189,80,1,3,2,110,500
0,55,18,184,75,1,2,2,250,500
0,52,19,178,70,1,3,2,190,800
0,58,20,174,69,1,2,2,475,500
0,65,20,190,80,1,2,2,1500,7000
0,57,19,188,78,1,2,2,375,850
0,54,18,178,64,1,3,2,250,500
0,50,18,173,63,1,2,2,100,500
0,66,22,194,80,1,2,2,500,8000
0,55,20,179,71,1,2,2,250,600
0,63,20,185,79,1,3,2,1100,650
0,55,20,186,72,1,2,2,300,1000
0,55,21,183,75,1,3,2,250,650
0,52,17,183,75,1,2,2,190,500
0,58,24,180,75,1,3,2,180,550
0,55,20,174,65,1,3,2,300,650
0,56,20,179,68,1,3,2,300,2000
0,51,17,180,71,1,2,2,110,500
0,66,31,179,78,1,3,1,0.0,0
1,49,21,178,72,1,3,2,90,2000
0,57,20,182,70,1,3,2,375,1000
0,63,23,192,81,1,3,2,1000,1000
0,61,20,193,80,1,3,2,750,600
0,58,21,185,82,1,2,2,450,1000
1,48,19,182,62,1,1,2,70,2000
0,57,21,181,82,1,3,2,150,3000
0,55,23,175,73,1,3,3,190,500
0,63,23,182,77,1,2,2,1000,1000
0,61,21,186,80,1,2,2,700,2000
0,57,27,170,65,1,2,2,160,500
0,60,17,186,80,1,3,2,575,500
1,51,19,174,68,1,3,2,130,500
0,59,21,185,75,1,3,2,525,1000
0,60,24,174,71,1,3,3,350,4000
0,58,18,178,72,1,3,2,525,500
0,54,21,187,81,1,3,2,230,500
0,52,18,177,67,1,3,2,190,600
1,47,18,170,62,1,2,2,120,500
0,53,18,180,73,1,3,2,240,900
0,51,17,180,67,1,2,2,150,500
0,53,18,178,65,1,3,2,230,500
0,62,26,184,85,1,3,2,425,500
1,49,23,178,71,1,2,2,70,2000
0,50,17,173,70,1,3,2,100,500
1,52,18,179,65,1,2,2,170,500
0,52,21,175,71,1,3,2,180,950
0,57,20,189,78,1,3,2,375,2000
0,64,21,189,83,1,3,2,1200,9000
0,59,18,180,71,1,3,2,500,500
1,53,20,175,75,1,3,2,230,500
0,56,20,179,68,1,2,2,350,1000
0,56,19,175,65,1,3,3,140,500
0,55,23,178,66,1,3,2,240,1000
0,53,18,180,69,1,3,2,230,1000
0,58,21,180,70,1,5,2,450,2000
0,53,23,178,73,1,2,2,200,500
1,47,22,175,73,1,2,2,100,500
0,60,25,180,77,1,3,2,325,500
0,58,26,178,85,1,2,2,240,500
0,56,19,175,65,1,3,2,350,1000
0,56,19,175,68,1,2,2,300,550
0,81,29,195,94,2,3,1,20000,64000
0,52,20,180,73,1,3,2,180,2000
1,52,21,178,72,1,3,2,180,1000
0,52,21,170,64,1,3,2,180,2000
0,55,16,175,60,1,2,2,300,500
0,57,21,180,75,1,4,2,375,1000
0,56,19,175,72,1,3,2,325,750
0,63,19,186,76,1,3,2,975,550
0,53,18,181,75,1,3,2,210,500
2,57,18,173,67,1,3,2,375,800
0,57,30,186,75,1,3,2,160,500
0,56,17,189,78,1,3,2,350,500
0,66,33,188,85,1,2,2,400,4000
0,58,18,172,65,1,3,2,450,500
0,53,21,172,67,1,3,2,230,4000
1,54,23,175,59,1,3,2,240,500
0,57,24,181,78,1,3,2,300,3000
0,57,17,185,70,1,3,2,350,500
0,57,24,175,70,1,3,2,220,500
0,56,26,173,79,1,3,2,170,1000
0,54,21,175,64,1,3,2,240,750
0,56,23,180,65,1,3,3,325,1000
0,48,19,168,66,1,3,2,120,1000
1,47,18,170,60,1,2,2,110,500
0,56,19,186,75,1,3,2,300,1000
0,59,20,186,78,1,3,2,450,2000
0,61,20,177,78,1,2,2,675,500
0,57,16,184,75,1,2,2,375,550
0,57,18,187,74,1,3,2,400,850
1,52,20,181,70,1,3,2,170,750
1,48,19,180,75,1,3,2,110,500
1,48,19,170,61,1,3,2,110,800
0,63,28,193,80,1,2,2,425,850
0,67,30,186,78,1,2,2,825,500
0,54,17,185,85,1,3,2,210,500
0,56,30,179,76,1,3,2,140,500
0,49,18,183,65,1,3,2,100,500
0,49,18,178,76,1,4,3,110,500
0,82,34,190,84,3,2,1,5000,59000
0,55,20,177,68,1,2,2,275,650
0,54,18,174,68,1,3,2,250,500
0,55,21,175,72,1,2,2,275,850
0,62,26,191,94,1,3,2,375,850
0,60,21,170,62,1,3,2,525,900
0,56,20,180,71,1,3,2,300,1000
0,62,21,178,75,1,2,2,825,500
1,56,18,180,75,1,3,3,325,750
2,48,17,173,67,1,3,2,130,500
0,55,19,188,73,1,2,2,275,1000
1,47,21,178,71,1,2,2,110,1000
0,58,18,172,60,1,3,2,525,650
0,51,19,170,65,1,3,2,130,1000
0,57,19,192,79,1,3,2,160,700
0,57,18,183,75,1,3,2,500,2000
0,59,21,185,78,1,3,2,525,1000
0,60,29,193,86,1,2,2,250,1000
0,61,22,191,80,1,3,2,700,850
0,53,21,183,75,1,3,2,80,550
0,56,21,186,80,1,2,2,300,500
0,58,19,189,76,1,3,2,450,800
0,53,18,184,79,1,2,2,220,1000
0,54,26,178,77,1,3,2,120,2000
0,58,16,175,66,1,3,2,500,500
0,55,19,178,72,1,3,2,300,600
0,54,18,181,70,1,4,2,240,500
0,65,31,185,82,1,3,2,375,2000
0,60,19,167,63,1,3,2,550,500
0,57,26,180,75,1,3,2,160,2000
0,55,18,172,66,1,2,2,250,500
0,62,23,187,75,1,3,2,825,4000
1,52,19,178,70,1,2,2,170,1000
0,48,16,183,65,1,2,2,100,500
0,55,18,168,59,1,2,3,300,500
2,58,23,181,70,1,3,2,375,1000
0,57,20,183,75,1,4,3,400,1000
0,57,19,180,72,1,3,2,400,900
0,54,18,188,73,1,2,3,350,500
1,48,18,180,73,1,3,2,130,500
0,62,27,185,75,1,3,2,400,2000
0,62,28,186,84,1,2,2,400,1000
0,57,21,177,73,1,2,2,375,1000
0,52,20,175,69,1,3,2,170,4000
0,52,18,185,74,1,3,2,170,2000
0,59,18,187,73,1,3,2,550,950
0,62,23,194,88,1,3,2,750,1000
0,55,19,178,72,1,2,2,300,850
0,59,20,192,85,1,4,2,500,3000
0,64,27,186,86,1,3,2,600,500
1,48,20,173,66,1,3,2,110,500
1,48,23,176,68,1,3,2,70,1000
1,51,22,173,67,1,3,2,50,1000
0,57,24,191,79,1,2,2,250,1000
0,56,18,182,77,1,3,2,325,500
0,55,18,174,64,1,3,2,275,600
0,53,18,178,65,1,2,2,210,500
0,55,20,188,77,1,3,2,250,1000
0,60,20,185,75,1,2,2,600,6000
0,56,22,180,75,1,3,2,325,650
1,58,21,174,70,1,3,2,400,1000
0,58,20,192,83,1,2,2,425,700
0,52,17,180,73,1,2,2,210,500
0,63,27,180,80,1,2,2,550,500
0,59,22,177,74,1,3,2,475,1000
0,55,16,178,71,1,4,2,300,500
0,62,23,188,74,1,3,2,750,550
0,64,22,185,75,1,3,2,1200,8000
0,58,22,187,83,1,3,2,190,1000
0,60,21,184,78,1,3,2,525,500
0,60,21,185,77,1,3,2,575,1000
1,49,21,175,64,1,2,2,100,1000
0,56,19,183,70,1,3,2,350,1000
0,56,18,186,77,1,2,2,300,500
0,53,20,185,75,1,3,2,210,1000
0,58,20,191,73,1,3,2,500,2000
0,61,20,195,75,1,2,2,675,3000
0,59,18,177,68,1,3,2,575,2000
1,50,22,180,73,1,3,2,70,1000
0,56,19,183,73,1,3,2,350,900
0,57,29,189,82,1,3,2,160,1000
0,54,20,178,60,1,3,2,240,2000
0,60,21,187,82,1,3,2,525,500
0,55,19,183,76,1,2,2,275,1000
0,60,21,183,73,1,3,2,525,1000
0,61,24,186,80,1,2,2,600,600
0,59,25,197,80,1,2,2,400,1000
0,56,19,175,71,1,3,2,375,2000
0,54,19,183,75,1,3,2,250,900
0,57,22,187,84,1,3,2,300,1000
2,54,18,170,64,1,3,2,250,500
0,55,20,180,74,1,2,2,300,950
0,57,19,180,69,1,3,2,375,550
0,53,23,171,65,1,3,2,180,4000
0,56,19,174,70,1,3,2,300,650
0,57,22,172,68,1,3,2,375,2000
0,73,35,191,88,2,3,1,0.0,0
0,52,22,175,68,1,3,2,180,2000
0,60,22,188,83,1,3,2,525,2000
0,50,18,178,75,1,2,2,110,500
0,63,21,189,85,1,3,2,675,1000
0,59,19,186,71,1,2,2,500,4000
0,54,19,183,75,1,3,3,275,500
0,60,19,188,70,1,2,2,550,1000
0,54,19,185,80,1,2,2,240,500
2,57,19,170,63,1,1,2,400,1000
0,57,20,185,77,1,3,2,375,3000
0,57,24,193,84,1,3,2,250,1000
0,54,17,175,65,1,3,2,250,500
1,50,23,170,65,1,3,2,60,1000
0,52,19,176,68,1,2,2,180,900
0,49,16,176,70,1,3,2,120,500
0,55,19,180,70,1,2,2,275,1000
1,48,20,172,64,1,3,2,100,500
0,58,18,187,78,1,3,2,450,3000
0,58,21,187,81,1,2,3,450,500
0,59,19,188,84,1,3,2,500,600
0,56,22,183,79,1,4,3,325,1000
0,61,19,186,78,1,3,2,725,1000
0,58,23,178,82,1,3,2,325,500
0,48,21,170,65,1,3,2,70,2000
0,52,19,168,69,1,2,2,200,600
0,57,20,185,74,1,2,2,325,4000
0,58,16,177,75,1,3,2,525,500
0,58,21,196,80,1,3,3,500,3000
0,51,18,182,70,1,3,2,120,550
0,63,26,187,81,1,3,2,550,1000
1,50,17,188,78,1,3,2,120,500
0,57,19,187,78,1,3,2,425,2000
0,62,26,186,78,1,2,2,525,500
0,51,18,177,63,1,3,2,140,650
0,63,24,193,88,1,3,2,625,500
0,51,17,169,64,1,1,2,70,500
0,62,18,186,73,1,3,2,875,950
0,58,19,173,65,1,3,2,450,500
0,61,22,191,79,1,3,2,700,2000
0,57,25,175,70,1,2,2,210,500
0,60,18,185,87,1,2,2,600,2000
0,58,19,169,62,1,3,2,475,750
0,56,22,187,80,1,3,2,325,850
0,56,22,178,66,1,3,2,300,1000
0,55,19,192,76,1,3,2,325,500
0,65,29,189,85,1,3,2,600,6000
0,53,19,169,62,1,3,2,90,500
0,61,18,188,78,1,2,2,775,500
2,53,18,178,73,1,3,2,220,500
0,55,20,176,65,1,3,2,275,1000
1,54,22,174,64,1,3,2,220,1000
1,53,29,185,78,1,3,2,80,1000
0,79,36,190,74,3,2,1,1900,34000
1,52,23,171,71,1,4,2,110,500
0,48,25,181,73,1,2,2,35,500
0,55,18,188,76,1,2,2,300,500
1,48,20,175,67,1,3,2,100,650
0,57,19,189,88,1,3,2,375,500
2,56,19,180,73,1,3,2,300,1000
0,62,22,191,82,1,2,2,750,1000
1,52,21,186,80,1,3,2,180,750
0,57,19,172,65,1,2,2,400,500
0,56,22,177,75,1,3,2,300,1000
0,60,22,180,75,1,3,2,275,1000
0,57,18,186,79,1,3,2,425,1000
0,67,26,181,73,2,3,1,0.0,0
0,54,22,175,68,1,2,2,240,1000
0,60,29,188,82,1,3,2,250,2000
0,56,18,178,71,1,2,3,350,900
0,51,17,178,64,1,3,2,130,500
0,63,22,191,76,1,3,2,1000,500
0,50,19,181,70,1,3,2,100,500
1,52,19,175,62,1,2,2,180,650
0,56,19,180,75,1,3,2,300,500
0,57,18,174,66,1,3,3,350,1000
0,64,26,187,79,1,3,2,675,2000
2,56,21,180,74,1,3,2,300,550
0,66,28,186,77,1,3,2,800,10000
0,58,19,176,62,1,2,2,450,4000
0,77,34,196,84,1,2,1,0.0,0
0,61,22,184,82,1,3,2,700,2000
0,60,21,188,79,1,2,2,550,3000
0,60,26,172,70,1,3,2,300,500
0,53,19,169,59,1,3,2,220,1000
0,57,23,183,79,1,2,2,240,2000
1,53,23,181,75,1,3,2,80,800
0,62,20,190,78,1,3,2,900,5000
0,53,21,179,74,1,2,2,210,800
1,50,18,178,72,1,3,2,110,500
0,52,23,168,61,1,2,2,170,1000
0,51,19,177,77,1,2,2,130,1000
0,60,23,182,76,1,3,2,550,2000
0,56,21,180,73,1,3,2,275,500
0,54,17,172,64,1,2,2,350,500
0,79,35,183,80,2,3,1,0.0,0
0,54,19,180,75,1,2,2,150,1000
0,56,22,165,63,1,3,3,230,500
0,53,18,175,70,1,3,2,220,2000
1,78,30,184,82,1,4,1,9500,20000
0,60,26,184,83,1,2,2,275,500
0,57,17,180,76,1,3,3,525,500
1,57,23,188,82,1,2,2,230,1000
0,60,22,191,79,1,3,2,525,1000
0,56,19,175,70,1,3,2,350,3000
0,58,20,187,76,1,3,2,500,1000
0,52,21,178,74,1,3,2,180,500
0,59,19,175,70,1,2,2,475,2000
0,58,22,176,73,1,3,2,425,500
0,60,22,175,69,1,2,2,350,500
0,61,25,182,77,1,3,2,400,650
0,63,25,191,82,1,3,2,625,5000
0,53,18,166,55,1,3,2,240,500
1,48,22,175,68,1,3,2,70,1000
0,52,19,170,64,1,3,2,220,850
0,61,21,187,80,1,3,2,700,1000
0,57,19,187,80,1,2,2,425,1000
0,60,20,185,77,1,2,2,500,1000
0,58,20,190,80,1,2,2,450,950
0,54,18,177,60,1,2,2,250,500
0,60,21,187,70,1,3,2,525,900
0,52,18,180,73,1,2,2,200,700
0,56,20,178,72,1,2,2,325,3000
1,54,22,183,80,1,3,2,230,500
0,57,16,188,86,1,3,2,450,500
1,48,20,174,69,1,2,2,110,2000
0,51,20,180,72,1,3,2,130,500
0,54,18,180,65,1,2,2,250,950
0,62,22,189,83,1,3,2,750,1000
0,55,18,177,70,1,2,2,300,500
1,47,23,170,62,1,2,2,60,1000
0,59,17,186,77,1,3,2,240,500
0,62,27,188,85,1,3,2,425,2000
0,57,17,192,80,1,4,3,400,500
0,58,19,172,65,1,3,3,525,4000
1,50,18,176,68,1,2,2,110,500
0,55,30,181,78,1,2,2,120,2000
0,55,20,180,72,1,3,2,300,950
0,57,20,170,66,1,3,2,350,1000
0,60,27,179,85,1,3,2,275,500
0,58,22,176,61,1,3,2,450,3000
1,51,19,169,65,1,3,2,120,500
0,57,19,194,86,1,3,2,325,550
0,55,20,184,80,1,2,2,275,500
0,66,23,189,80,1,3,2,1200,500
0,61,21,189,74,1,3,2,625,1000
0,53,17,183,71,1,3,2,230,500
0,60,20,184,76,1,2,2,500,2000
1,52,22,168,65,1,4,3,180,500
1,53,20,183,74,1,2,2,230,1000
0,64,21,192,84,1,3,2,1200,2000
0,53,21,175,67,1,3,2,200,2000
0,61,33,176,70,1,2,2,160,500
0,57,18,189,77,1,3,2,375,4000
0,63,25,179,68,1,3,2,450,1000
0,57,20,185,75,1,2,2,375,2000
0,54,22,188,77,1,4,3,240,1000
0,85,33,183,79,3,4,1,17500,40000
0,53,18,175,70,1,2,2,230,500
0,60,19,186,80,1,2,2,550,1000
0,51,19,168,61,1,3,2,140,3000
0,55,20,182,79,1,2,2,275,750
0,56,23,185,76,1,2,2,200,2000
0,64,34,185,78,1,2,2,130,2000
0,53,22,180,67,1,2,2,210,2000
0,55,22,180,79,1,3,2,300,1000
0,56,21,182,75,1,2,2,350,7000
0,49,17,188,72,1,2,2,50,500
0,56,19,183,73,1,3,2,300,800
0,53,22,175,72,1,3,2,210,1000
0,56,23,180,80,1,3,2,210,800
0,56,22,180,74,1,3,2,325,1000
0,61,20,194,88,1,3,2,450,1000
0,53,19,185,75,1,2,2,200,1000
0,61,20,188,82,1,2,2,675,3000
0,55,20,181,71,1,2,2,275,1000
1,54,22,185,80,1,3,2,230,1000
0,51,17,176,67,1,3,2,130,500
2,57,17,185,74,1,4,2,350,500
1,47,19,178,68,1,2,2,100,800
1,51,23,176,72,1,3,2,120,1000
0,59,16,186,72,1,3,2,275,500
0,58,23,188,88,1,3,2,325,650
0,53,18,176,71,1,2,2,240,600
0,52,17,178,70,1,3,2,170,550
0,51,24,175,70,1,4,2,90,1000
0,55,18,180,75,1,3,2,325,2000
0,56,18,169,55,1,2,2,300,500
0,53,20,178,72,1,3,2,100,500
0,56,17,175,70,1,3,2,180,500
0,56,18,180,76,1,3,2,325,600
1,54,23,182,82,1,4,2,140,500
0,58,27,187,76,1,3,2,210,500
0,52,17,185,75,1,3,2,200,1000
0,76,26,183,75,1,3,1,7000,33000
1,49,20,177,67,1,3,2,110,1000
0,61,20,182,71,1,2,2,675,750
0,61,21,188,78,1,2,2,700,2000
0,54,20,185,75,1,3,2,240,1000
1,48,19,173,60,1,1,2,100,1000
0,63,30,181,81,1,2,2,400,3000
0,54,18,175,69,1,2,2,250,700
0,53,19,177,73,1,3,3,220,500
1,53,21,174,65,1,3,2,210,500
2,53,24,172,70,1,3,2,130,1000
0,55,21,176,70,1,3,2,275,3000
0,61,20,189,80,1,3,3,400,2000
0,54,17,188,79,1,2,2,220,500
0,57,18,190,68,1,3,2,325,500
0,53,17,186,78,1,2,2,220,500
0,52,18,178,67,1,2,2,250,500
0,60,31,176,72,1,3,2,0.0,0
0,50,19,183,68,1,3,2,110,1000
0,55,19,171,65,1,3,2,325,1000
1,47,19,178,68,1,1,2,70,2000
0,62,29,187,82,1,3,2,300,900
0,50,18,177,72,1,3,2,110,950
0,61,22,190,79,1,2,2,700,2000
0,52,17,178,70,1,3,2,170,500
0,62,25,183,75,1,2,2,525,500
0,63,23,185,74,1,4,1,0.0,0
0,54,17,185,75,1,3,2,300,550
0,62,22,190,80,1,2,2,825,1000
0,55,20,183,75,1,4,2,275,850
0,56,19,188,80,1,2,2,325,500
0,58,18,180,77,1,2,2,525,500
1,51,19,172,70,1,3,2,130,850
0,65,31,182,85,1,2,2,500,500
0,74,29,179,75,3,3,1,0.0,0
0,59,20,190,77,1,3,2,550,3000
0,63,19,201,84,1,2,2,1100,5000
0,62,29,182,89,1,2,2,250,500
1,47,18,173,65,1,3,2,110,500
0,58,20,186,80,1,3,2,180,2000
0,56,19,191,77,1,3,2,350,500
0,60,23,184,73,1,2,2,400,500
0,59,18,182,68,1,3,2,450,500
1,54,21,182,70,1,3,2,275,1000
0,55,21,163,60,1,2,2,275,500
0,56,19,169,67,1,3,2,350,3000
0,59,19,183,71,1,2,2,500,2000
0,63,28,176,78,1,3,2,425,500
2,57,24,183,76,1,2,2,220,2000
0,53,18,176,68,1,2,2,210,500
1,47,19,175,70,1,3,2,110,950
1,53,21,173,68,1,3,2,190,850
0,55,18,175,60,1,2,2,275,1000
0,52,18,185,71,1,2,2,190,550
0,68,36,173,64,3,4,1,0.0,0
0,58,20,188,77,1,2,2,425,900
0,53,18,182,65,1,2,2,220,900
0,65,23,190,80,1,3,2,1300,2000
1,53,25,177,70,1,3,2,120,500
0,54,18,180,70,1,3,2,250,1000
0,57,23,182,78,1,3,2,350,550
1,48,24,178,70,1,2,2,70,2000
0,58,22,182,75,1,3,2,425,2000
0,60,19,186,83,1,2,2,500,850
0,59,23,180,78,1,3,2,350,1000
0,57,20,184,75,1,3,2,140,500
1,48,19,173,67,1,3,2,120,700
0,54,19,167,57,1,3,3,275,500
0,54,19,178,71,1,2,2,220,900
1,48,22,165,66,1,3,2,110,500
0,55,21,180,80,1,3,2,275,500
0,56,21,183,80,1,3,2,300,2000
0,54,19,181,69,1,1,2,275,1000
0,59,19,191,87,1,3,2,450,500
0,59,22,185,86,1,3,2,325,1000
0,58,20,188,78,1,2,2,425,900
0,58,19,192,85,1,3,2,500,500
0,55,20,176,73,1,3,2,275,1000
0,58,18,187,78,1,3,2,450,500
0,56,19,191,80,1,2,2,350,500
1,52,19,190,86,1,5,2,190,650
0,54,18,174,65,1,2,2,250,500
0,64,22,183,74,1,3,2,1100,500
0,56,19,170,65,1,3,2,350,2000
0,56,20,165,62,1,2,2,375,500
1,49,17,185,77,1,3,2,110,500
0,59,20,181,75,1,3,2,450,1000
0,54,19,173,60,1,3,2,275,1000
0,57,17,187,85,1,3,2,450,500
0,57,27,180,60,1,3,2,190,4000
0,63,30,185,79,1,3,2,0.0,0
1,53,21,182,72,1,2,2,230,2000
0,57,19,180,75,1,2,2,375,2000
0,59,23,193,88,1,2,2,300,1000
1,48,22,180,73,1,3,3,100,1000
0,53,22,179,69,1,2,2,210,2000
0,61,25,194,88,1,3,2,425,1000
0,57,18,191,77,1,3,2,400,500
0,71,32,182,69,2,3,1,0.0,0
0,56,18,183,75,1,2,2,350,500
0,65,23,184,78,1,2,2,975,500
0,52,17,177,75,1,3,2,180,500
0,50,20,188,87,1,3,2,90,500
1,51,21,174,70,1,3,2,140,500
0,62,28,187,83,1,3,2,300,650
0,57,20,186,80,1,3,2,400,650
1,54,21,183,78,1,3,2,240,1000
1,48,23,171,66,1,2,2,70,2000
0,53,18,183,72,1,3,2,220,500
0,58,18,189,80,1,2,2,450,2000
0,60,27,188,79,1,3,2,250,500
1,51,20,183,69,1,3,2,130,750
0,59,18,184,74,1,2,2,500,2000
0,64,24,185,78,1,3,2,1100,2000
0,55,19,172,70,1,2,2,300,500
0,63,26,182,81,1,2,2,400,500
0,54,20,184,76,1,3,2,240,1000
0,52,22,175,67,1,3,2,180,3000
0,59,19,176,64,1,3,3,575,550
0,63,22,188,75,1,2,2,1000,2000
0,59,17,187,72,1,3,2,575,500
0,55,18,193,82,1,3,2,275,500
1,53,27,172,67,1,3,2,90,1000
0,60,20,183,72,1,2,2,550,4000
0,60,19,181,70,1,2,2,500,500
0,56,19,186,80,1,3,2,350,950
0,61,31,198,92,1,3,2,220,500
0,50,20,177,74,1,2,2,100,500
1,50,19,178,70,1,3,2,100,700
0,54,21,175,64,1,3,2,240,5000
0,55,19,178,71,1,3,2,325,600
0,57,19,187,75,1,3,2,400,1000
0,56,17,184,74,1,2,2,450,500
0,60,23,195,79,1,3,2,350,3000
0,62,22,195,84,1,3,2,825,2000
0,56,25,183,76,1,3,2,180,1000
0,55,21,189,77,1,3,2,275,4000
0,53,21,182,65,1,3,2,120,500
0,61,19,188,80,1,3,2,725,500
0,54,18,183,75,1,2,2,230,500
1,56,21,180,71,1,3,3,325,2000
0,58,19,187,80,1,3,2,475,1000
0,59,18,182,75,1,3,2,450,500
1,52,21,176,70,1,3,3,160,750
0,59,30,193,84,1,3,2,180,2000
0,60,21,182,70,1,2,2,600,1000
1,53,27,170,63,1,2,3,90,3000
0,53,18,167,81,1,2,2,240,500
0,54,21,173,64,1,2,2,275,950
0,53,19,177,63,1,2,2,190,850
0,57,20,187,77,1,2,2,350,1000
1,51,18,180,72,1,3,2,150,500
0,53,16,181,68,1,2,2,220,500
0,57,17,188,84,1,2,2,350,500
2,59,21,178,75,1,3,2,475,550
0,58,20,183,79,1,2,2,425,2000
0,52,19,177,71,1,3,3,190,750
0,53,18,178,67,1,2,2,240,500
0,55,17,180,70,1,3,2,300,500
1,51,18,177,70,1,3,2,140,500
0,58,19,190,77,1,2,2,450,500
0,55,18,175,71,1,4,3,160,2000
0,58,20,179,75,1,2,2,425,2000
0,58,23,188,88,1,3,2,375,1000
0,57,20,188,75,1,3,2,375,3000
0,54,18,180,77,1,3,2,230,500
0,54,21,187,80,1,3,2,230,550
0,57,20,185,75,1,3,2,375,500
0,52,17,187,85,1,2,2,200,500
0,56,17,176,66,1,3,2,425,500
0,54,17,184,74,1,3,2,350,500
0,59,20,184,76,1,3,2,500,500
1,48,22,180,64,1,3,2,70,1000
1,48,21,178,67,1,3,2,70,1000
0,53,19,185,79,1,3,2,130,1000
0,62,20,190,82,1,3,2,900,2000
0,54,18,172,72,1,2,2,240,550
1,47,23,186,80,1,2,2,70,1000
0,65,35,195,90,1,2,2,190,2000
0,59,20,191,82,1,3,2,450,700
0,50,19,180,79,1,2,2,110,900
0,58,18,181,70,1,3,2,450,600
0,55,19,178,68,1,3,3,300,1000
0,52,19,175,67,1,3,2,180,500
0,56,20,183,68,1,2,2,325,1000
0,56,16,180,70,1,3,2,350,2000
0,57,20,181,77,1,3,2,375,500
0,79,39,186,85,1,4,1,0.0,0
0,53,17,174,70,1,3,3,130,1000
0,54,20,175,70,1,3,2,90,500
0,52,18,167,58,1,2,2,70,500
0,53,20,174,72,1,3,2,200,2000
0,52,16,180,79,1,2,2,170,500
0,81,34,184,84,3,4,1,1600,50000
1,53,21,173,70,1,3,3,200,600
0,54,17,188,83,1,3,3,250,500
0,61,19,187,80,1,3,2,800,1000
0,54,19,190,80,1,3,2,230,500
0,54,19,176,70,1,2,2,275,750
0,52,17,172,69,1,3,2,250,500
0,50,19,186,74,1,2,2,110,500
0,53,23,172,68,1,3,2,180,2000
0,61,21,184,73,1,3,2,700,600
1,48,20,180,73,1,2,2,70,1000
0,58,21,182,73,1,3,2,425,5000
1,57,24,181,70,1,3,2,200,1000
0,56,17,184,76,1,3,2,450,950
1,54,22,170,57,1,3,2,240,500
0,56,22,184,80,1,2,2,325,2000
0,56,20,171,70,1,3,2,325,1000
0,55,23,176,75,1,3,3,110,2000
0,59,21,187,80,1,4,2,220,1000
0,56,19,185,84,1,2,2,325,650
0,60,22,189,80,1,3,2,525,1000
0,54,20,180,75,1,3,2,250,2000
0,58,25,178,68,1,3,2,275,3000
0,62,21,175,67,1,2,2,825,500
0,60,19,178,79,1,2,2,550,1000
0,54,17,167,64,1,2,2,250,500
0,77,27,190,86,1,3,1,10500,21000
0,54,18,177,70,1,2,2,240,500
0,79,33,189,87,2,3,1,5500,21000
0,60,27,186,80,1,3,2,250,500
1,53,19,190,84,1,4,2,200,550
0,61,23,198,97,1,2,2,600,1000
1,52,17,171,64,1,3,2,190,500
0,64,29,190,86,1,3,2,550,1000
1,51,18,175,67,1,3,2,150,500
0,66,26,190,86,1,3,2,700,4000
0,53,20,174,73,1,2,2,230,3000
0,53,20,172,64,1,3,2,210,2000
0,60,22,179,76,1,3,2,525,500
0,51,17,180,75,1,3,2,150,500
0,55,17,178,65,1,2,3,400,500
1,50,20,176,67,1,3,2,100,500
0,52,18,183,78,1,2,2,200,850
1,55,22,183,79,1,3,2,240,1000
1,48,20,176,62,1,3,2,70,2000
0,51,18,173,63,1,3,2,190,800
0,57,23,183,81,1,3,2,375,500
0,48,20,178,74,1,2,2,45,500
0,59,21,197,84,1,3,2,475,5000
0,55,23,187,77,1,3,2,170,800
0,58,20,182,78,1,3,2,500,750
0,51,21,183,74,1,2,2,130,1000
0,54,17,178,68,1,3,2,250,500
1,53,23,180,76,1,3,2,180,500
0,52,17,180,76,1,3,2,190,500
0,55,17,189,79,1,3,2,350,500
0,55,23,188,74,1,3,2,200,2000
1,48,21,176,69,1,3,2,100,2000
0,57,19,180,70,1,3,2,170,1000
0,61,19,190,75,1,2,2,800,850
0,55,19,194,71,1,3,2,275,500
0,53,20,172,65,1,3,2,230,3000
0,56,21,194,75,1,3,2,300,1000
0,55,20,192,72,1,3,2,275,1000
0,55,20,175,65,1,3,2,300,550
0,60,23,184,77,1,3,2,500,900
0,55,17,190,83,1,3,2,300,500
0,53,19,178,64,1,3,2,230,600
0,56,19,201,93,1,2,2,300,2000
1,49,21,183,70,1,3,2,80,1000
0,62,18,186,75,1,3,2,950,500
0,57,20,181,73,1,3,2,375,600
0,59,22,192,80,1,3,2,475,1000
0,57,17,186,75,1,3,2,375,500
0,59,20,195,80,1,3,2,500,3000
0,59,35,184,81,1,2,2,60,500
0,61,18,181,75,1,2,2,775,2000
0,52,17,167,66,1,3,2,200,500
1,47,23,175,70,1,3,2,100,500
0,56,25,180,75,1,2,2,210,1000
0,53,19,173,70,1,3,2,220,2000
0,49,19,184,66,1,3,2,100,500
1,52,22,170,61,1,4,2,150,500
1,49,17,178,67,1,2,3,110,500
0,47,24,176,73,1,2,2,70,500
0,54,20,182,71,1,2,2,220,2000
1,51,19,170,70,1,1,2,130,500
0,59,19,189,80,1,2,2,500,950
0,58,19,184,78,1,2,2,450,2000
0,54,22,190,88,1,2,2,220,500
0,64,24,187,82,1,2,2,850,2000
0,75,33,186,78,3,3,1,0.0,0
0,55,18,170,70,1,3,2,120,500
1,55,21,192,84,1,3,2,210,1000
0,57,30,175,70,1,3,2,100,900
0,52,18,184,80,1,3,2,170,500
0,59,18,195,80,1,2,2,500,650
0,56,18,178,65,1,2,2,325,2000
0,59,28,191,83,1,2,2,210,500
0,55,19,176,70,1,2,2,300,1000
0,56,17,170,65,1,3,2,300,500
0,57,20,180,75,1,3,2,400,500
0,53,21,182,72,1,3,2,220,500
0,83,35,189,89,2,3,1,4000,31000
0,50,19,170,65,1,3,2,100,500
0,58,21,185,74,1,3,2,475,7000
1,53,20,176,70,1,3,2,220,500
0,80,30,190,83,3,3,1,14000,50000
0,53,28,179,73,1,3,2,100,2000
0,58,22,185,84,1,2,3,325,1000
0,53,19,170,62,1,3,2,120,1000
0,54,19,183,74,1,3,2,240,850
0,53,19,177,66,1,3,2,240,3000
0,57,19,192,78,1,3,2,375,3000
0,62,30,179,81,1,2,2,325,500
0,55,19,178,75,1,3,2,170,4000
1,49,18,177,70,1,3,2,130,500
0,53,18,172,74,1,3,2,220,500
0,53,19,170,58,1,3,2,220,500
0,56,19,173,65,1,2,2,350,550
1,50,19,173,68,1,3,2,120,1000
0,51,17,174,64,1,2,2,180,500
0,52,20,189,79,1,2,2,190,2000
0,60,21,181,72,1,3,2,525,500
0,59,19,189,78,1,3,2,550,1000
0,58,19,176,69,1,4,3,475,2000
0,59,22,185,78,1,2,2,475,500
0,57,23,186,63,1,2,2,325,500
0,58,17,189,80,1,3,2,475,500
0,56,16,195,80,1,2,2,350,500
0,56,18,188,81,1,3,2,350,500
0,55,21,175,69,1,2,2,110,2000
0,60,21,196,84,1,3,2,525,2000
0,62,21,186,75,1,3,2,825,2000
0,81,29,192,84,1,2,1,20000,74000
0,57,23,176,72,1,3,2,250,500
0,59,21,185,77,1,2,2,425,500
0,51,19,175,72,1,2,2,140,1000
1,55,23,171,64,1,2,2,240,1000
0,54,19,185,69,1,2,2,240,500
1,52,21,177,69,1,3,2,70,550
0,54,21,186,77,1,3,3,240,700
0,53,20,179,69,1,2,2,230,1000
0,54,18,178,70,1,3,2,250,1000
2,56,18,186,73,1,3,2,300,550
1,53,22,179,69,1,3,2,210,1000
0,50,20,169,63,1,3,2,110,2000
0,50,17,176,65,1,3,2,120,500
0,62,22,184,77,1,3,2,375,3000
0,54,19,183,69,1,3,2,220,500
1,49,19,176,64,1,3,2,110,950
0,54,19,188,80,1,3,2,250,3000
0,53,18,181,70,1,2,2,210,500
0,55,20,183,73,1,2,2,275,850
0,54,20,180,75,1,2,2,250,700
1,52,20,172,64,1,3,2,170,850
0,63,27,186,78,1,2,2,450,500
0,50,18,189,81,1,3,2,100,500
0,53,19,175,67,1,4,3,220,850
0,57,18,172,65,1,1,2,350,1000
0,58,22,188,80,1,2,2,475,3000
0,56,18,190,84,1,3,2,375,500
1,54,21,166,60,1,3,2,230,500
0,50,17,168,68,1,2,2,120,500
0,57,20,172,74,1,1,2,350,650
0,82,30,189,84,3,3,1,20500,34000
0,50,19,175,68,1,2,2,120,650
0,60,20,188,78,1,3,2,500,500
0,53,17,180,72,1,3,2,300,500
0,53,18,175,72,1,3,2,210,550
1,52,19,170,62,1,3,2,190,850
1,52,23,173,66,1,3,2,110,1000
0,56,18,185,71,1,3,2,350,500
0,57,21,183,73,1,3,2,375,1000
0,69,31,191,90,1,2,2,950,8000
0,56,17,180,83,1,3,2,350,1000
0,60,19,182,75,1,3,2,550,1000
0,53,17,180,70,1,3,2,250,500
0,59,20,197,97,1,3,2,450,2000
0,54,18,171,63,1,4,2,275,1000
0,55,16,191,85,1,3,2,350,500
2,52,18,168,65,1,3,2,100,500
0,58,20,194,84,1,3,2,275,850
0,59,19,189,80,1,3,2,550,950
0,73,25,193,90,1,3,1,3600,10000
1,50,32,180,69,1,3,2,30,1000
0,49,20,175,70,1,3,2,110,500
0,54,17,175,64,1,2,2,275,500
0,46,19,181,73,1,2,2,110,500
0,53,18,175,75,1,3,2,200,1000
1,48,25,175,66,1,3,2,60,1000
1,45,16,180,70,1,2,2,100,500
0,62,22,191,83,1,3,2,825,2000
0,59,22,181,75,1,2,2,425,2000
0,68,21,187,75,1,2,1,2600,6000
0,90,30,199,96,4,3,1,90000,250000
0,53,19,169,60,1,2,2,130,550
1,51,17,170,70,1,2,2,130,500
1,50,18,175,70,1,3,2,110,500
1,49,20,178,70,1,3,2,100,1000
0,79,32,187,82,1,3,1,8500,14000
0,54,18,183,75,1,3,2,325,500
0,72,27,185,79,1,3,1,2100,4000
0,54,21,173,69,1,3,2,240,4000
0,55,19,176,69,1,3,3,0.0,0
0,51,16,174,66,1,2,2,150,500
0,53,19,180,75,1,3,2,230,2000
0,55,18,175,65,1,3,2,300,550
0,54,20,176,78,1,3,3,230,500
0,54,19,185,75,1,3,2,130,500
0,57,17,190,83,1,3,2,375,500
0,57,19,185,73,1,3,2,375,850
1,54,30,190,83,1,2,2,110,3000
0,55,21,174,69,1,3,2,275,900
0,52,20,175,65,1,3,2,180,1000
0,47,18,170,65,1,3,2,130,500
0,54,17,184,77,1,3,2,275,650
0,53,18,170,65,1,2,2,220,850
0,55,18,180,70,1,3,2,325,3000
1,59,19,185,82,1,3,2,500,500
0,51,19,176,67,1,4,2,140,1000
0,60,25,188,78,1,3,2,325,500
0,54,17,178,79,1,4,2,350,500
0,50,19,176,68,1,2,2,100,500
1,54,21,180,79,1,3,2,230,1000
0,57,19,189,80,1,3,2,400,800
1,52,17,170,70,1,1,2,200,500
0,53,25,178,79,1,2,2,140,500
0,54,19,191,82,1,3,2,250,2000
0,54,19,183,72,1,3,2,275,600
0,55,19,182,72,1,3,2,140,2000
0,53,17,177,75,1,2,2,300,500
0,58,17,189,70,1,3,2,475,500
0,52,21,176,62,1,3,2,180,2000
0,65,24,190,84,1,2,2,975,500
0,54,18,182,75,1,3,2,130,500
0,53,18,175,65,1,3,2,220,950
0,56,22,192,90,1,2,2,325,2000
0,53,17,195,78,1,3,2,110,500
2,57,21,182,76,1,2,2,350,1000
0,57,20,196,86,1,2,2,325,1000
0,50,17,186,74,1,2,2,120,500
0,54,23,196,81,1,3,2,240,2000
0,53,19,168,57,1,2,2,210,600
0,55,20,180,70,1,3,2,275,600
0,53,21,175,65,1,3,2,210,550
0,54,21,187,80,1,2,2,250,1000
0,50,20,175,70,1,3,2,110,500
0,56,18,184,65,1,4,2,350,1000
0,62,19,190,67,1,2,2,800,700
0,54,17,192,82,1,3,2,250,500
0,54,22,185,79,1,3,2,240,1000
0,54,20,181,75,1,3,2,240,3000
0,56,19,177,72,1,3,2,300,500
0,55,18,173,70,1,2,2,300,550
1,50,18,178,69,1,3,3,100,500
0,58,18,192,80,1,3,2,475,650
0,59,20,175,70,1,3,2,450,550
1,52,16,188,80,1,3,2,200,500
0,56,18,176,71,1,2,2,350,500
0,62,25,180,78,1,2,2,550,500
0,55,21,180,75,1,2,2,275,650
0,51,21,176,67,1,3,2,140,4000
1,55,20,183,72,1,3,2,275,2000
0,51,19,175,65,1,4,2,130,1000
0,60,22,195,85,1,3,2,525,2000
2,59,22,183,79,1,3,2,325,700
0,52,20,182,75,1,3,2,190,3000
0,57,19,186,82,1,3,2,375,2000
0,53,16,188,77,1,3,2,240,500
0,73,25,202,90,1,3,1,3300,22000
1,47,24,176,70,1,3,2,60,2000
0,59,24,192,92,1,3,2,475,650
0,54,20,181,62,1,3,2,250,3000
0,54,19,182,78,1,2,2,240,850
1,51,19,170,67,1,2,2,130,800
0,53,21,175,63,1,2,2,200,850
1,47,20,175,65,1,3,2,100,1000
0,57,23,188,75,1,3,2,240,5000
0,71,22,187,76,1,3,1,3600,7000
0,63,24,185,75,1,3,2,0.0,0
0,57,21,180,60,1,3,2,375,1000
1,53,19,181,70,1,3,3,240,1000
1,47,20,178,66,1,2,2,100,2000
0,51,17,170,65,1,2,2,140,500
0,53,20,174,67,1,3,2,100,500
0,54,19,183,75,1,3,2,250,750
0,53,17,185,74,1,3,2,200,500
0,54,20,188,75,1,2,2,220,2000
0,63,31,189,83,1,3,2,325,600
0,53,18,176,70,1,2,2,210,500
0,59,23,190,88,1,3,2,300,600
0,52,17,188,78,1,2,2,180,500
0,74,33,180,76,1,4,1,1400,15000
0,58,22,180,76,1,2,2,375,1000
0,52,18,170,62,1,3,2,100,550
0,58,21,183,74,1,3,2,425,1000
0,58,20,188,78,1,2,2,450,1000
0,54,18,175,70,1,3,2,90,500
0,51,21,173,70,1,3,2,140,950
0,52,17,177,60,1,3,2,200,500
0,52,17,180,72,1,3,2,180,500
0,58,19,189,76,1,2,2,450,3000
0,49,19,170,68,1,3,2,110,500
0,56,20,186,75,1,2,2,250,650
0,54,18,178,73,1,2,2,240,2000
1,47,16,180,63,1,2,2,120,500
0,52,18,178,72,1,3,2,180,750
1,52,19,165,61,1,4,2,190,500
0,62,20,189,77,1,3,2,900,700
0,56,20,185,69,1,3,2,300,3000
0,58,21,185,75,1,2,2,425,900
0,58,22,167,61,1,3,2,325,500
0,54,21,181,70,1,2,2,240,1000
0,52,17,181,70,1,3,2,210,500
0,57,18,185,73,1,3,2,0.0,0
1,47,18,179,70,1,3,2,60,500
0,53,18,184,75,1,3,2,220,600
0,56,18,182,73,1,3,2,375,2000
0,54,18,167,67,1,2,4,250,500
0,53,21,188,78,1,3,2,210,500
0,57,16,183,75,1,3,2,625,500
0,55,18,186,80,1,3,2,325,800
0,51,19,182,72,1,3,2,140,2000
0,54,19,180,70,1,3,2,250,1000
0,53,19,179,70,1,2,2,240,700
0,53,18,180,78,1,2,2,250,800
0,80,26,191,82,1,3,1,22500,33000
0,55,18,169,70,1,3,2,325,550
1,49,21,178,70,1,3,2,110,500
0,57,18,185,80,1,2,2,400,2000
0,59,21,191,79,1,3,2,525,900
0,60,21,185,80,1,3,2,525,500
1,47,21,173,69,1,2,2,100,1000
0,59,24,178,76,1,3,2,300,500
0,55,22,185,78,1,3,3,190,550
0,57,19,183,80,1,2,2,375,700
0,55,19,190,78,1,3,2,275,2000
0,55,18,187,63,1,2,2,325,700
0,55,27,179,77,1,3,2,130,500
0,63,25,181,73,1,3,2,675,500
0,49,19,183,74,1,3,2,60,750
0,51,19,170,65,1,3,2,160,550
0,57,17,184,78,1,2,2,325,500
0,55,23,170,66,1,3,3,190,950
0,55,17,178,73,1,3,2,300,650
1,49,19,178,74,1,3,2,120,1000
1,48,21,177,63,1,2,2,70,2000
0,58,19,172,64,1,2,2,450,500
1,51,23,165,68,1,3,2,90,550
0,53,19,175,67,1,3,2,210,500
1,55,21,184,75,1,3,2,275,500
0,60,25,186,85,1,2,2,300,500
0,54,18,175,65,1,2,2,275,500
0,57,19,182,75,1,2,2,375,500
0,52,22,180,71,1,3,2,180,2000
2,56,24,185,69,1,3,2,220,850
0,54,20,170,64,1,3,2,250,3000
0,60,23,188,77,1,2,2,325,2000
0,53,19,178,72,1,3,2,240,500
0,56,18,172,71,1,3,2,375,500
0,57,22,182,83,1,2,2,375,2000
1,50,16,182,74,1,3,2,130,500
0,55,19,180,73,1,2,2,230,500
0,52,18,175,66,1,3,2,190,750
0,52,19,168,70,1,2,2,180,2000
0,58,23,188,85,1,2,2,300,500
0,58,26,184,81,1,2,2,250,1000
0,57,22,189,86,1,3,2,300,500
0,57,19,177,73,1,2,3,350,500
0,52,17,178,70,1,3,2,200,500
0,52,20,181,80,1,3,2,170,700
0,58,17,184,72,1,5,2,475,500
0,81,32,190,84,2,2,1,13000,47000
1,52,17,176,64,1,4,2,200,500
1,46,19,182,69,1,3,2,100,900
0,57,18,178,73,1,2,2,220,1000
0,56,18,186,74,1,3,3,325,850
1,47,19,173,63,1,3,2,90,1000
0,51,17,175,85,1,2,2,120,500
0,51,18,183,70,1,2,2,140,500
0,57,20,175,68,1,2,2,400,2000
0,53,19,178,68,1,3,2,130,3000
0,57,18,190,78,1,2,2,325,500
0,54,18,180,70,1,2,2,275,4000
2,54,18,180,74,1,3,2,250,500
0,61,29,185,86,1,3,2,275,3000
0,56,22,185,88,1,3,2,325,1000
0,54,17,190,70,1,2,2,230,500
0,53,18,175,70,1,3,2,230,500
0,63,31,188,86,1,2,2,325,950
0,52,16,173,62,1,2,2,210,500
2,55,18,168,60,1,3,2,325,850
0,57,21,179,74,1,3,2,375,500
0,59,36,183,75,1,3,2,40,500
1,50,21,175,79,1,3,2,70,1000
0,77,27,191,86,1,3,1,9500,73000
0,60,21,183,77,1,2,2,475,2000
0,56,17,187,74,1,3,2,300,500
0,56,18,182,77,1,3,2,375,500
0,47,17,175,72,1,2,2,120,500
0,56,19,184,78,1,2,2,325,500
0,53,19,186,70,1,2,2,240,700
0,57,19,189,74,1,2,2,325,1000
0,59,25,188,81,1,2,2,300,4000
1,48,19,169,62,1,3,2,110,500
0,54,18,179,70,1,3,2,130,1000
1,51,23,173,65,1,3,2,90,1000
0,52,18,182,72,1,3,2,190,500
0,54,19,179,68,1,3,2,275,550
0,54,22,185,78,1,3,2,220,1000
0,60,19,190,92,1,3,2,550,900
0,55,19,186,77,1,3,2,275,550
0,52,18,179,72,1,3,3,190,500
0,56,19,183,73,1,2,2,350,650
0,56,19,185,78,1,3,3,350,500
0,62,17,198,78,1,2,2,925,500
1,47,22,180,61,1,2,2,90,500
0,62,20,183,74,1,2,2,825,1000
0,54,19,185,75,1,3,2,230,650
1,52,22,180,78,1,3,2,180,1000
0,50,18,186,67,1,3,2,100,500
0,57,20,189,81,1,3,2,325,2000
0,53,19,178,73,1,2,2,210,600
0,58,30,190,85,1,2,2,170,800
0,57,21,183,76,1,3,2,300,950
0,53,19,179,64,1,3,2,210,1000
0,53,17,186,80,1,2,2,300,500
0,54,19,176,66,1,3,2,275,600
0,54,19,183,75,1,3,2,275,750
0,50,18,175,69,1,2,2,100,500
1,47,21,170,64,1,3,2,70,1000
0,57,21,180,71,1,2,2,300,2000
1,49,19,178,69,1,3,2,110,600
0,52,19,177,70,1,3,2,200,1000
0,57,19,187,73,1,3,2,400,700
0,55,18,186,74,1,3,2,275,2000
0,57,36,185,79,1,2,2,60,1000
0,53,18,183,74,1,2,2,210,600
1,51,20,175,68,1,3,2,130,500
0,56,18,180,70,1,3,2,350,650
2,59,20,173,63,1,2,3,500,1000
0,53,16,175,66,1,3,2,200,500
1,48,33,182,78,1,2,2,30,2000
0,55,22,180,73,1,3,2,275,1000
0,51,21,174,67,1,3,2,140,2000
2,56,18,187,82,1,2,2,375,800
0,59,22,188,73,1,3,2,425,3000
0,52,19,178,72,1,3,2,170,850
0,80,27,187,79,2,2,1,20500,1000
0,58,24,192,85,1,3,2,425,550
0,80,33,185,83,3,3,1,7000,13000
0,54,20,185,75,1,3,2,250,1000
1,53,25,179,69,1,2,2,120,500
0,73,29,196,95,2,4,1,2100,31000
1,58,21,181,75,1,2,2,425,500
1,51,20,182,70,1,3,2,140,500
0,55,20,190,83,1,3,2,250,500
0,59,19,185,76,1,3,3,500,3000
2,56,17,183,79,1,3,2,325,500
0,58,24,179,75,1,2,2,325,1000
0,53,20,179,73,1,2,4,130,2000
1,46,19,176,67,1,3,2,100,1000
1,52,24,172,61,1,2,2,150,500
0,50,18,181,64,1,2,2,110,500
0,54,19,186,74,1,2,2,230,2000
0,58,21,190,73,1,3,2,170,500
0,63,24,203,71,1,2,2,575,2000
0,58,22,194,90,1,2,2,450,650
1,47,19,183,78,1,3,2,100,1000
0,53,18,182,83,1,3,2,230,550
0,52,21,181,71,1,3,2,180,1000
1,44,16,175,70,1,1,2,110,500
0,55,22,196,91,1,2,3,275,1000
0,52,19,176,72,1,2,2,210,3000
0,54,18,180,74,1,3,2,275,1000
1,59,24,186,85,1,3,2,300,1000
0,56,17,189,75,1,3,2,300,500
1,57,20,184,74,1,3,2,300,1000
0,58,18,184,78,1,2,2,400,500
0,52,21,184,60,1,3,2,100,500
0,64,24,193,88,1,2,2,800,1000
0,61,27,187,81,1,3,2,375,700
0,54,27,188,80,1,3,2,130,700
1,52,24,177,64,1,2,2,120,500
0,54,18,193,78,1,2,2,250,500
0,56,22,172,70,1,3,2,300,500
0,54,19,175,65,1,3,2,250,1000
0,57,20,184,74,1,3,2,325,1000
0,61,24,179,65,1,2,2,475,950
0,56,24,186,81,1,3,2,220,500
0,57,20,180,75,1,3,2,375,2000
0,56,16,180,75,1,3,2,325,500
0,56,22,188,85,1,2,2,300,3000
0,57,19,186,80,1,2,2,375,2000
0,52,21,182,73,1,2,2,200,550
0,54,18,184,80,1,2,2,275,500
0,56,20,187,84,1,3,2,250,2000
0,56,23,188,78,1,4,2,170,500
0,59,19,176,70,1,2,2,450,500
0,52,17,165,57,1,3,2,180,500
0,54,23,168,63,1,3,2,160,500
0,62,22,180,72,1,2,2,825,500
0,59,27,183,79,1,2,2,250,2000
1,48,18,180,75,1,3,2,110,750
0,47,17,175,65,1,2,2,130,500
0,53,17,171,73,1,2,2,275,500
0,53,18,178,72,1,4,2,210,500
0,52,19,175,62,1,3,2,210,500
0,57,21,182,74,1,3,2,350,3000
0,50,19,175,67,1,2,2,120,500
1,50,29,175,68,1,3,2,45,500
0,52,20,179,67,1,3,2,170,2000
0,52,17,175,68,1,3,2,250,500
0,55,18,184,78,1,3,2,300,650
0,56,22,185,82,1,3,2,130,800
0,58,21,188,72,1,3,2,425,900
0,54,17,162,60,1,3,2,250,500
0,55,21,178,72,1,2,2,275,850
0,55,17,188,82,1,3,2,300,500
1,52,19,192,85,1,3,2,190,650
1,47,21,174,68,1,2,2,70,1000
1,51,23,181,75,1,3,2,110,500
1,49,20,174,68,1,3,2,100,900
0,86,32,195,90,3,3,1,33500,125000
0,59,18,188,86,1,3,2,550,1000
1,54,22,174,70,1,3,2,220,1000
1,57,20,190,68,1,3,2,325,700
0,57,18,187,73,1,3,2,350,800
1,53,20,180,73,1,4,2,100,700
0,60,25,182,77,1,3,2,300,500
0,60,24,184,75,1,2,2,450,2000
0,54,18,178,72,1,2,2,250,500
0,57,19,181,70,1,3,2,150,2000
0,51,17,183,76,1,2,2,50,2000
0,53,20,173,64,1,3,2,200,850
0,58,18,188,74,1,2,2,450,1000
1,51,20,182,77,1,3,2,130,3000
1,53,20,178,65,1,3,2,80,900
0,52,18,182,74,1,3,2,190,850
0,60,17,190,83,1,2,2,475,500
0,54,19,180,74,1,3,2,160,1000
0,57,19,183,81,1,3,2,325,850
0,52,19,168,65,1,3,3,110,3000
1,51,20,183,78,1,3,3,130,1000
1,49,21,169,63,1,3,2,110,500
0,60,20,180,75,1,3,2,500,500
0,67,22,182,77,1,3,1,0.0,0
0,57,24,183,75,1,2,2,240,2000
0,58,18,190,80,1,3,2,450,550
0,52,18,176,66,1,3,2,180,550
0,53,20,175,70,1,3,2,100,600
0,55,20,179,72,1,2,2,240,500
0,55,16,183,73,1,4,2,325,1000
0,57,21,184,80,1,3,2,350,500
0,57,21,189,84,1,2,2,350,800
0,53,20,167,61,1,3,2,210,4000
0,52,18,180,75,1,3,2,100,500
0,56,21,184,75,1,2,2,300,2000
0,50,18,183,75,1,2,2,90,500
0,52,18,178,72,1,2,2,190,2000
0,60,21,194,84,1,3,2,475,2000
0,52,18,178,75,1,2,2,100,1000
0,73,24,180,77,1,3,1,3700,15000
0,51,18,181,73,1,2,2,150,650
0,52,20,178,79,1,2,2,210,1000
0,56,19,194,98,1,3,2,325,900
1,54,25,180,78,1,3,2,140,500
0,58,18,183,78,1,2,2,475,2000
0,55,22,171,69,1,2,2,275,500
0,53,21,186,76,1,2,2,210,1000
0,55,19,183,77,1,3,2,130,600
0,83,25,190,89,3,3,1,37000,30000
0,60,24,193,85,1,2,2,325,550
1,54,21,178,72,1,3,3,170,1000
1,55,19,186,82,1,2,2,275,900
0,52,19,180,71,1,3,2,180,650
2,60,23,184,80,1,3,2,450,700
0,64,34,178,75,2,4,1,0.0,0
0,50,21,185,74,1,3,2,100,2000
0,55,25,190,86,1,3,2,190,2000
0,49,18,180,73,1,3,2,60,500
0,72,29,184,83,1,3,1,1600,3000
0,52,26,184,79,1,2,2,110,550
0,53,18,188,75,1,3,2,250,550
0,51,17,178,66,1,3,2,140,500
0,49,17,174,74,1,3,2,110,500
0,51,22,173,68,1,3,2,130,500
0,54,19,170,70,1,3,2,130,500
0,52,19,175,69,1,3,2,200,800
1,50,21,175,65,1,3,2,100,1000
0,50,21,192,84,1,3,2,70,500
0,51,17,193,73,1,2,2,180,500
0,64,21,192,94,1,2,2,1400,2000
0,51,16,178,74,1,2,2,150,500
0,60,21,180,76,1,3,3,525,500
0,53,16,173,64,1,2,2,230,500
0,54,18,177,66,1,3,2,250,500
0,53,18,187,76,1,2,2,250,500
0,52,20,176,75,1,2,2,180,500
1,49,22,182,76,1,3,2,100,500
0,49,24,182,80,1,2,2,35,500
0,80,33,188,85,1,3,1,0.0,0
0,57,23,192,84,1,2,2,350,3000
1,52,25,180,73,1,4,2,100,500
0,55,21,176,71,1,3,2,120,500
0,54,19,182,78,1,2,2,275,1000
0,55,21,185,76,1,2,2,325,950
0,80,27,186,88,2,4,1,20500,80000
0,52,18,183,76,1,4,2,200,950
0,52,17,177,70,1,3,2,170,500
1,52,20,175,68,1,4,2,180,950
0,51,18,175,72,1,2,2,140,500
0,55,20,183,70,1,3,2,300,3000
0,56,40,188,88,1,3,2,0.0,1000
0,54,22,176,71,1,3,2,240,650
0,55,18,190,77,1,2,2,275,600
0,60,19,185,80,1,3,2,500,800
0,52,19,182,75,1,2,2,180,800
0,58,19,183,71,1,3,2,250,1000
0,52,18,181,75,1,3,2,190,600
0,57,20,192,80,1,3,2,325,850
0,57,21,185,75,1,2,2,350,500
0,52,22,178,75,1,3,2,180,1000
0,55,18,182,70,1,2,2,300,500
1,49,18,172,68,1,3,2,110,500
1,51,22,175,66,1,3,2,120,2000
0,52,20,180,65,1,2,2,180,1000
0,54,21,176,73,1,2,2,240,1000
0,56,19,183,75,1,3,2,325,850
0,58,18,174,72,1,2,2,450,650
0,50,21,178,73,1,3,2,120,500
1,55,21,185,80,1,3,2,275,750
0,55,18,175,71,1,2,2,325,500
0,57,20,187,78,1,3,2,375,2000
0,59,21,193,82,1,3,2,475,1000
0,51,17,170,60,1,2,2,140,500
0,53,18,182,73,1,3,2,300,600
0,57,19,190,88,1,2,2,375,500
0,51,18,183,65,1,3,2,140,500
0,53,19,188,79,1,2,2,230,3000
0,62,24,194,81,1,4,2,575,2000
0,57,22,183,77,1,2,2,350,1000
0,53,17,180,71,1,3,2,220,500
1,53,22,165,58,1,3,2,210,500
0,58,20,181,77,1,2,2,230,2000
0,58,32,182,78,1,3,2,130,1000
2,63,32,186,80,1,3,2,300,2000
1,51,21,178,75,1,3,2,130,500
0,54,30,187,83,1,2,2,90,2000
0,53,21,175,70,1,2,2,210,950
1,51,21,179,70,1,3,2,130,1000
1,47,18,184,75,1,3,2,110,500
0,58,21,188,78,1,2,2,425,5000
0,53,19,178,70,1,2,2,210,650
0,49,18,178,69,1,3,2,110,500
1,51,20,180,74,1,3,3,120,1000
0,50,20,173,67,1,3,2,110,1000
0,55,18,180,70,1,2,2,250,500
1,50,21,179,66,1,3,2,45,700
0,85,32,191,86,3,2,1,26500,65000
0,53,17,175,65,1,2,2,250,500
0,60,22,193,80,1,2,2,525,500
0,53,18,172,65,1,3,2,220,500
0,55,20,195,83,1,4,2,300,2000
0,59,25,180,78,1,3,2,300,500
0,80,34,193,87,3,3,1,3600,24000
0,57,20,184,78,1,3,2,325,950
0,58,22,190,80,1,3,2,300,850
0,53,20,188,88,1,3,2,230,2000
0,51,18,180,75,1,3,3,150,900
0,53,23,175,68,1,3,2,200,1000
0,73,35,186,80,2,2,1,1500,25000
0,56,17,190,78,1,3,2,325,500
0,59,30,183,76,1,2,2,180,900
0,52,18,178,69,1,2,2,190,500
0,50,17,188,78,1,3,2,110,500
0,52,17,179,70,1,3,2,190,500
0,54,18,185,76,1,3,2,210,650
1,50,22,186,80,1,3,2,110,1000
0,53,20,179,76,1,3,2,130,1000
0,79,26,195,95,1,2,1,19000,16000
0,53,19,182,74,1,3,2,240,850
0,56,19,186,77,1,2,2,300,500
0,52,21,174,70,1,3,2,180,5000
2,55,17,184,75,1,3,2,275,500
1,52,23,169,67,1,3,2,110,500
0,54,19,196,87,1,2,2,250,850
0,52,18,178,68,1,3,3,190,500
1,54,19,191,80,1,3,2,240,600
0,58,18,187,75,1,2,2,450,650
0,52,18,172,65,1,3,2,180,850
0,53,21,178,69,1,3,2,180,750
1,49,21,171,63,1,3,3,110,900
0,52,19,175,70,1,3,2,200,650
1,54,22,184,72,1,3,2,230,500
0,56,21,185,74,1,3,2,325,900
0,54,18,183,76,1,2,2,250,950
0,57,19,187,76,1,2,2,400,1000
0,51,19,183,79,1,3,2,130,850
0,51,18,182,81,1,3,2,70,600
0,52,17,170,65,1,2,2,200,500
0,49,18,184,72,1,3,2,60,500
0,56,20,186,77,1,3,2,325,2000
0,53,17,186,79,1,3,2,275,500
0,60,22,192,83,1,3,2,525,2000
0,55,21,180,78,1,3,2,240,550
0,52,18,171,70,1,3,2,180,500
0,53,17,175,66,1,2,3,300,500
0,54,22,179,72,1,3,2,230,500
0,66,34,191,84,2,2,2,190,4000
0,84,30,197,86,3,2,1,31500,55000
0,51,17,163,54,1,2,2,180,500
1,56,23,184,77,1,3,2,200,1000
0,59,21,189,87,1,3,2,475,500
0,55,19,177,72,1,3,2,275,1000
0,47,19,174,68,1,3,2,120,500
0,76,29,187,86,1,2,1,6000,18000
1,46,16,175,65,1,3,2,110,500
0,54,20,185,75,1,2,2,240,1000
0,51,18,172,67,1,3,2,80,500
0,52,18,176,67,1,3,2,180,500
0,52,19,183,70,1,2,2,190,1000
0,56,17,174,66,1,3,3,350,550
0,79,38,185,84,4,2,1,1300,8000
1,53,20,174,69,1,4,2,100,700
0,51,18,185,78,1,4,2,150,600
0,54,21,183,81,1,3,2,240,4000
1,51,19,177,74,1,3,2,130,650
0,67,35,178,77,3,3,1,0.0,0
0,60,21,192,87,1,2,2,575,900
0,53,18,178,70,1,2,2,220,500
0,53,23,182,85,1,3,2,140,500
0,53,18,191,79,1,3,2,120,1000
1,51,21,182,75,1,4,2,140,500
0,51,18,180,70,1,3,2,70,1000
0,55,21,187,80,1,2,2,275,1000
0,80,30,194,94,1,2,1,16000,25000
0,50,17,177,60,1,3,3,60,500
0,51,23,175,75,1,2,2,90,600
2,57,21,187,80,1,3,2,350,550
0,52,19,184,75,1,3,2,60,600
0,51,18,178,75,1,3,2,140,500
2,53,17,174,66,1,3,2,180,500
0,53,17,191,77,1,3,2,240,500
0,56,23,185,80,1,3,2,200,2000
0,57,19,192,82,1,2,2,375,2000
0,79,25,188,85,2,3,1,18000,76000
0,58,21,180,77,1,2,2,425,2000
0,59,18,188,80,1,2,2,300,600
1,48,24,179,74,1,3,2,70,1000
0,61,26,191,87,1,3,2,375,500
2,56,21,185,80,1,2,2,325,2000
0,50,20,176,72,1,3,2,100,4000
0,50,16,160,48,1,3,2,110,500
0,71,28,180,75,1,3,1,850,25000
0,52,19,183,68,1,2,2,180,850
0,82,22,183,77,1,3,1,27000,33000
0,60,23,198,91,1,2,2,450,1000
0,58,19,182,75,1,3,2,250,1000
0,53,17,184,79,1,3,2,300,500
1,54,23,191,80,1,3,2,200,1000
0,59,19,195,83,1,3,2,550,700
0,82,27,192,79,1,4,1,28000,34000
0,52,18,190,83,1,2,2,220,950
1,54,22,194,85,1,3,2,240,1000
1,53,20,183,75,1,3,2,190,650
0,53,17,174,69,1,3,2,220,500
0,61,28,189,86,1,3,2,275,950
1,52,17,174,65,1,3,3,180,500
0,56,19,188,75,1,2,2,300,750
1,51,22,190,82,1,3,2,90,2000
0,55,20,191,80,1,2,2,275,1000
0,54,17,184,73,1,3,2,325,500
1,48,22,185,70,1,2,2,90,2000
0,67,20,187,80,1,3,1,0.0,0
0,56,20,190,76,1,3,2,325,550
1,50,25,172,62,1,3,2,60,500
0,56,17,180,72,1,3,2,300,500
0,53,19,182,82,1,3,2,210,1000
0,54,21,178,71,1,4,2,275,2000
0,56,18,173,70,1,3,2,190,500
0,54,19,184,78,1,3,2,240,1000
1,50,21,177,63,1,3,2,110,500
0,54,19,185,80,1,3,2,275,1000
0,55,20,175,72,1,3,2,275,600
0,50,16,175,75,1,2,2,110,500
0,58,19,197,83,1,3,2,500,650
1,50,21,175,70,1,3,2,110,1000
0,49,18,174,68,1,3,2,100,500
0,59,21,190,83,1,2,2,425,500
0,57,25,193,86,1,2,2,190,2000
0,58,17,187,75,1,3,2,475,500
0,56,18,185,75,1,3,2,375,2000
1,49,19,169,61,1,4,2,110,500
1,55,34,180,78,1,3,2,40,500
0,57,20,191,79,1,2,2,400,8000
0,56,22,195,80,1,2,2,300,1000
0,51,19,178,77,1,3,2,130,1000
0,76,35,196,91,2,3,1,825,23000
0,59,21,187,80,1,2,2,525,2000
0,52,17,175,69,1,3,2,180,500
0,51,17,170,66,1,2,2,130,500
0,49,18,175,70,1,3,2,110,850
1,46,21,171,55,1,2,2,120,500
0,57,21,187,82,1,2,2,375,900
1,48,20,180,70,1,3,2,100,1000
0,52,20,185,81,1,3,2,190,2000
1,50,20,175,70,1,3,2,110,500
0,60,28,178,79,1,2,2,230,500
0,53,19,182,75,1,3,2,210,2000
0,54,21,185,75,1,2,2,100,1000
0,58,19,172,65,1,3,2,400,500
1,51,24,185,80,1,3,2,120,500
0,54,18,183,76,1,3,2,325,500
1,51,21,170,67,1,3,3,120,950
0,57,26,192,86,1,3,2,200,2000
2,55,17,183,76,1,3,2,300,500
1,51,18,180,71,1,3,3,140,600
0,52,19,179,73,1,3,2,190,600
0,55,18,183,78,1,2,2,275,500
0,53,23,171,67,1,2,2,140,2000
0,53,18,185,78,1,2,2,240,500
0,52,20,175,73,1,3,2,190,500
2,58,18,186,80,1,3,2,450,500
0,49,18,176,71,1,2,2,100,500
1,52,20,176,71,1,3,2,180,850
0,53,17,180,75,1,2,2,375,500
1,47,21,189,79,1,2,2,100,1000
0,49,18,170,70,1,3,2,100,600
1,48,20,188,70,1,3,2,110,1000
1,49,22,171,65,1,3,2,70,2000
0,52,18,180,71,1,3,2,200,1000
0,58,22,188,77,1,2,2,160,850
0,58,20,182,78,1,3,2,425,3000
0,60,21,183,77,1,3,2,275,850
0,52,17,180,65,1,3,2,220,500
0,51,19,190,70,1,3,2,140,800
0,61,31,183,73,1,3,2,190,650
0,79,35,189,88,1,3,1,1900,10000
0,56,19,182,75,1,3,2,300,2000
0,51,26,188,83,1,2,2,70,500
0,55,17,184,72,1,2,2,375,500
0,53,18,186,75,1,2,2,240,500
0,57,20,188,77,1,2,2,325,2000
0,53,17,188,80,1,3,2,240,500
0,57,19,193,80,1,3,2,375,950
0,55,21,189,72,1,2,2,275,4000
0,78,30,186,81,1,2,1,10500,11000
0,53,20,189,84,1,3,2,210,2000
0,55,17,192,82,1,2,2,325,500
0,51,17,185,76,1,2,2,80,500
0,56,19,178,75,1,2,2,325,2000
0,56,19,185,75,1,2,2,325,500
0,52,20,185,77,1,3,2,180,3000
0,75,38,187,88,1,4,1,625,8000
0,53,18,183,75,1,3,2,110,2000
0,50,17,178,70,1,3,2,120,500
0,53,19,175,70,1,2,2,240,500
0,52,23,187,80,1,3,2,170,1000
0,61,29,192,75,1,2,2,210,500
2,51,18,180,79,1,4,2,140,500
0,57,18,191,79,1,3,2,350,500
0,52,19,180,73,1,3,2,180,500
0,56,19,187,83,1,3,2,350,950
1,46,20,179,70,1,3,2,70,1000
2,54,22,164,65,1,3,2,230,650
0,57,17,185,78,1,3,2,375,500
0,54,16,191,88,1,2,2,250,500
0,51,17,180,75,1,2,2,150,500
1,47,17,175,60,1,3,2,90,500
0,53,19,179,70,1,2,2,220,500
1,47,19,180,72,1,3,2,100,2000
0,55,22,179,73,1,2,2,275,500
0,67,30,183,84,1,3,1,675,12000
0,77,31,182,78,1,2,1,5500,21000
0,54,19,193,87,1,2,2,250,1000
0,78,35,192,86,3,3,1,1600,10000
0,57,19,188,76,1,3,2,375,500
0,53,23,174,72,1,3,2,80,500
0,53,18,192,84,1,2,2,220,500
2,53,21,180,84,1,3,2,210,650
0,62,23,202,88,1,3,2,575,500
0,54,18,184,81,1,3,2,275,1000
0,55,20,175,70,1,3,2,275,500
0,49,18,182,70,1,3,2,110,500
0,55,20,181,71,1,3,2,250,500
0,74,28,180,88,1,2,1,3600,6000
1,48,21,181,75,1,3,2,100,650
0,81,30,199,76,1,3,1,17000,75000
0,58,20,185,80,1,3,2,425,1000
1,50,20,175,68,1,3,2,120,1000
1,50,18,183,72,1,4,2,110,500
0,56,23,191,82,1,2,2,275,1000
0,55,18,185,78,1,2,2,275,600
0,59,24,193,75,1,2,2,200,3000
0,74,32,186,79,1,3,1,2100,11000
1,50,21,176,69,1,3,2,120,1000
0,54,17,175,70,1,4,2,275,650
0,46,22,178,72,1,3,2,100,500
0,77,41,185,73,3,2,1,0.0,0
0,52,19,187,79,1,3,2,170,850
1,51,20,168,65,1,4,2,140,500
0,52,18,177,75,1,3,2,190,500
0,54,22,180,73,1,3,2,230,850
0,51,17,183,74,1,2,2,120,500
0,54,17,178,70,1,4,2,140,500
0,52,26,196,89,1,2,2,100,500
0,56,23,179,75,1,3,2,275,3000
0,51,21,171,60,1,3,2,130,1000
0,52,18,180,77,1,3,2,80,550
0,52,22,181,75,1,3,2,150,3000
0,53,19,170,64,1,3,2,240,500
0,71,22,190,81,1,2,1,3600,6000
0,54,19,192,68,1,2,2,220,1000
0,51,19,174,68,1,3,2,150,2000
0,51,21,186,80,1,3,2,130,5000
1,56,24,180,73,1,3,2,200,500
0,50,19,177,74,1,3,2,110,500
0,51,22,179,77,1,2,2,130,1000
0,52,19,180,70,1,2,2,170,850
0,53,20,182,70,1,2,2,210,1000
1,51,21,180,72,1,3,3,130,1000
0,55,19,182,77,1,3,2,275,850
0,54,19,192,83,1,3,2,250,1000
0,54,22,178,72,1,3,2,230,1000
0,52,17,178,68,1,3,2,190,500
1,56,20,190,87,1,3,2,300,3000
0,55,19,186,76,1,3,2,275,550
0,54,21,180,67,1,3,2,240,1000
1,50,18,183,75,1,3,2,110,550
0,54,20,183,75,1,3,2,250,700
0,59,20,195,80,1,3,2,500,2000
0,53,20,180,65,1,3,2,90,550
0,57,19,187,79,1,4,2,325,950
0,54,17,183,73,1,2,2,275,500
0,53,20,173,72,1,3,2,210,500
0,52,21,177,69,1,2,2,170,500
1,49,23,171,66,1,3,2,70,500
0,56,17,183,76,1,3,2,300,500
0,50,18,176,69,1,3,2,110,500
0,54,20,188,76,1,2,2,220,500
1,52,18,175,66,1,3,3,200,750
0,55,17,188,75,1,3,2,275,500
1,51,20,171,68,1,1,2,130,2000
0,59,19,187,71,1,3,2,550,1000
0,55,22,180,72,1,3,2,275,2000
0,53,19,182,74,1,3,2,210,500
0,54,19,193,82,1,2,2,240,650
0,51,19,165,55,1,2,2,130,1000
0,53,18,172,75,1,5,2,240,900
0,65,21,176,72,2,3,1,0.0,0
1,53,19,178,65,1,3,3,240,800
2,61,34,184,79,1,3,2,110,2000
0,55,19,183,80,1,2,2,275,500
0,56,20,180,75,1,3,2,120,500
0,51,18,181,72,1,3,2,140,500
0,63,18,188,82,1,2,2,1100,500
0,54,22,195,83,1,3,2,170,500
0,51,18,177,73,1,3,2,150,500
0,51,18,179,69,1,3,2,140,1000
0,69,22,189,83,1,3,1,2700,15000
0,55,22,193,73,1,2,2,275,2000
0,60,21,180,82,1,2,2,525,500
0,58,19,186,78,1,3,2,450,500
0,58,23,188,85,1,3,2,425,1000
1,52,18,178,63,1,3,2,180,500
0,58,24,188,82,1,4,2,425,1000
1,48,19,183,74,1,3,2,100,1000
0,52,18,185,75,1,3,2,190,850
2,56,19,184,73,1,3,2,300,550
0,57,21,188,79,1,2,2,350,900
0,80,29,191,93,2,2,1,17500,19000
0,56,17,189,75,1,3,2,325,500
1,53,23,175,67,1,3,2,210,1000
0,56,19,190,80,1,3,2,325,700
0,56,24,188,82,1,2,2,170,2000
0,57,20,182,71,1,2,2,375,4000
1,53,20,173,70,1,2,2,200,500
0,61,24,188,82,1,2,2,0.0,0
0,51,17,175,70,1,3,2,150,500
0,57,18,192,80,1,3,2,170,3000
0,53,18,183,75,1,3,2,220,500
0,58,19,188,80,1,3,2,450,1000
0,50,17,186,72,1,2,2,100,500
1,51,21,177,66,1,3,2,60,750
0,50,18,178,69,1,3,2,100,800
0,56,18,189,68,1,2,2,300,550
0,76,34,183,86,1,2,1,0.0,0
0,49,18,183,65,1,2,2,90,500
0,52,18,176,65,1,3,2,190,800
0,53,19,182,74,1,3,2,200,900
0,67,25,192,74,1,2,1,1300,10000
1,52,22,176,69,1,3,2,170,1000
1,60,26,186,84,1,2,2,275,2000
0,53,21,179,78,1,3,2,210,1000
0,73,25,182,81,1,4,1,3600,13000
2,54,17,182,72,1,2,2,250,500
0,51,17,178,70,1,3,4,180,500
0,51,19,175,65,1,2,2,120,500
0,70,34,188,83,1,3,1,275,20000
1,51,20,179,75,1,3,2,80,2000
0,82,29,192,85,1,3,1,21000,32000
0,53,18,180,73,1,3,2,240,1000
0,53,18,190,84,1,2,2,220,500
0,79,37,185,82,3,2,1,1900,25000
0,50,18,165,55,1,3,2,120,850
0,53,17,178,70,1,3,2,300,500
0,53,18,187,82,1,3,2,200,500
1,52,24,180,74,1,3,2,110,500
0,56,21,186,76,1,2,2,325,6000
0,53,21,185,67,1,3,2,210,500
0,53,22,176,77,1,2,2,210,500
1,50,18,180,70,1,1,2,110,600
0,49,18,175,70,1,2,2,60,1000
0,52,19,179,74,1,2,2,180,500
1,50,19,180,75,1,3,2,100,750
1,52,31,183,80,1,3,2,50,2000
0,51,22,191,88,1,2,2,90,2000
1,52,20,185,79,1,4,2,190,800
1,47,25,176,66,1,3,2,60,500
0,51,17,185,70,1,3,2,180,500
0,79,30,194,80,1,3,1,11500,41000
0,56,18,185,75,1,2,2,130,500
0,50,21,179,68,1,3,2,100,2000
0,52,18,185,80,1,3,2,200,600
0,52,21,175,70,1,2,2,170,500
0,50,20,170,68,1,3,2,110,2000
1,52,20,183,75,1,3,4,190,500
0,56,20,193,84,1,4,2,325,900
1,51,20,175,75,1,2,2,80,2000
1,51,21,178,72,1,3,2,130,2000
0,55,19,183,75,1,3,2,275,650
0,51,19,181,75,1,3,2,130,1000
0,50,19,178,72,1,3,2,130,650
0,50,19,192,80,1,3,2,110,950
0,54,18,180,70,1,3,2,250,500
0,51,19,173,70,1,2,2,80,500
0,49,19,171,62,1,3,2,100,500
0,50,18,172,66,1,3,2,120,850
0,50,18,180,73,1,4,2,130,750
0,51,17,176,65,1,2,2,150,500
0,53,21,183,80,1,3,2,190,1000
0,55,17,194,82,1,3,2,375,500
0,52,19,166,60,1,3,2,190,2000
0,51,16,184,72,1,3,3,150,500
1,52,26,178,70,1,3,2,80,2000
0,72,25,184,75,1,3,1,2600,7000
0,53,17,182,80,1,3,2,200,500
0,61,23,198,99,1,3,2,675,2000
0,51,18,191,86,1,2,2,110,500
0,52,19,178,74,1,3,2,200,600
0,51,20,179,80,1,3,2,140,2000
0,73,33,196,92,1,2,1,1000,27000
0,75,28,189,93,1,3,1,5000,15000
0,51,17,180,66,1,2,2,150,500
0,53,20,182,75,1,3,2,190,500
1,54,20,183,74,1,3,2,220,550
0,55,20,183,80,1,3,2,100,500
1,50,19,171,70,1,3,2,100,600
0,53,18,183,69,1,2,2,200,500
0,55,18,177,66,1,3,2,300,500
2,55,17,180,72,1,3,2,300,500
0,52,17,183,75,1,3,2,170,500
0,51,18,180,70,1,2,2,120,2000
0,53,17,177,70,1,3,2,240,500
1,53,22,168,60,1,3,2,200,500
0,50,16,175,70,1,3,2,140,500
0,50,23,169,65,1,3,2,90,500
1,64,19,193,80,1,3,1,1200,500
0,49,17,177,67,1,3,2,110,500
1,50,20,175,72,1,3,2,100,500
0,50,17,183,75,1,3,3,60,500
0,52,20,189,80,1,2,2,180,2000
1,51,21,175,73,1,3,2,130,1000
0,53,21,171,63,1,3,2,210,4000
0,52,18,183,73,1,3,2,170,500
0,53,19,188,79,1,3,2,230,1000
0,55,19,186,73,1,3,2,275,1000
0,57,20,186,75,1,2,2,375,2000
0,51,16,180,70,1,2,2,160,500
0,62,21,187,85,1,3,2,825,1000
0,58,23,193,81,1,2,2,375,1000
0,51,18,176,71,1,3,2,160,900
0,52,19,185,76,1,2,2,180,800
1,50,19,175,70,1,3,3,110,900
0,55,18,190,75,1,2,2,275,500
0,55,21,190,78,1,2,2,275,1000
0,51,18,167,61,1,3,2,150,2000
0,54,20,183,80,1,2,2,230,1000
0,53,18,181,64,1,2,2,220,500
0,52,19,175,68,1,3,2,210,1000
0,57,18,190,93,1,3,2,400,1000
0,50,24,180,65,1,3,2,40,2000
0,56,19,189,80,1,3,2,350,1000
0,50,19,170,70,1,3,2,40,500
0,70,20,176,66,1,3,1,0.0,0
0,52,17,182,74,1,3,2,190,500
0,50,23,178,75,1,2,2,100,1000
0,51,18,174,70,1,3,2,150,1000
0,51,17,175,67,1,2,2,180,500
1,49,19,180,75,1,3,2,100,750
0,54,20,183,85,1,2,2,220,500
0,55,19,182,68,1,3,2,275,600
0,53,19,178,65,1,3,2,220,1000
0,51,19,180,72,1,3,2,130,850
0,55,18,185,73,1,3,2,275,500
0,58,19,192,82,1,2,2,400,2000
0,61,19,190,80,1,3,2,800,500
0,51,18,180,70,1,2,2,150,1000
2,56,54,177,72,1,4,3,0.0,700
0,53,17,188,87,1,3,2,200,500
1,52,21,177,74,1,3,2,180,950
0,51,19,178,70,1,2,2,150,1000
0,57,19,180,70,1,3,2,325,1000
0,83,32,187,82,2,1,1,18000,40000
0,56,25,193,87,1,2,2,190,550
1,53,23,182,75,1,3,2,80,1000
1,53,23,174,70,1,3,2,180,500
0,74,30,183,83,1,3,1,3200,9000
0,64,23,188,77,1,3,2,1200,2000
2,51,21,169,64,1,3,2,130,650
0,51,18,186,73,1,4,2,130,500
1,55,19,191,78,1,3,2,250,500
0,58,20,193,75,1,4,2,450,2000
0,57,19,186,80,1,3,2,375,750
0,75,31,190,88,1,2,1,3000,50000
0,84,37,193,92,3,3,1,4700,46000
0,80,36,185,78,1,3,1,0.0,0
1,54,23,181,76,1,4,2,200,500
0,71,26,185,68,1,2,1,1900,3000
0,50,19,175,73,1,2,3,110,750
0,53,19,185,78,1,3,2,210,550
0,53,18,193,74,1,3,2,200,500
0,54,17,180,70,1,2,2,250,500
0,80,26,182,74,1,3,1,16500,35000
1,49,19,174,60,1,3,2,100,750
0,51,19,175,70,1,3,2,150,850
0,60,22,194,88,1,3,2,300,2000
0,57,28,187,82,1,3,2,140,800
1,50,21,181,70,1,3,2,110,650
0,70,26,188,78,3,3,1,0.0,0
0,53,20,180,80,1,2,2,190,550
1,53,20,187,80,1,3,2,90,550
0,52,18,184,80,1,2,2,180,550
0,54,18,194,79,1,3,2,250,600
0,53,18,175,70,1,3,2,120,500
0,50,20,173,66,1,3,2,110,500
0,56,20,191,84,1,2,2,300,1000
1,50,23,175,71,1,2,2,70,2000
0,54,19,186,77,1,2,2,250,1000
0,49,18,182,70,1,2,2,120,500
0,53,23,185,75,1,3,2,140,500
0,50,21,178,67,1,3,2,110,500
0,53,18,185,75,1,3,2,220,2000
1,52,20,175,80,1,3,2,180,500
0,53,19,179,65,1,3,2,240,1000
1,51,19,174,72,1,3,2,130,900
0,51,18,184,78,1,2,2,150,1000
0,70,28,175,75,2,4,1,0.0,0
0,54,19,183,73,1,2,2,240,500
1,50,23,177,73,1,3,2,70,1000
0,50,16,172,79,1,2,2,110,500
0,53,18,193,89,1,2,2,240,550
0,50,16,175,78,1,2,2,110,500
0,84,31,192,78,1,2,1,22500,34000
0,61,28,186,77,2,3,1,0.0,0
0,57,20,186,84,1,2,2,325,900
0,51,22,181,78,1,2,2,90,500
0,50,19,173,67,1,3,2,120,900
0,52,18,185,70,1,3,2,170,1000
0,50,18,173,66,1,3,2,130,2000
0,57,20,184,75,1,3,2,375,1000
0,63,23,191,80,1,3,2,1000,700
0,53,19,187,80,1,2,2,230,900
1,49,18,182,74,1,3,2,100,500
0,56,20,190,86,1,2,2,325,750
0,50,18,173,70,1,2,2,100,500
0,58,21,188,79,1,2,2,425,700
0,53,21,191,82,1,3,2,210,1000
0,51,20,175,70,1,3,3,130,500
0,50,18,184,75,1,2,2,120,750
0,56,18,191,73,1,2,2,300,500
1,50,24,175,68,1,3,2,60,1000
1,49,19,176,78,1,3,2,100,1000
0,70,34,190,90,2,3,1,1100,15000
0,50,20,180,70,1,3,2,70,500
0,56,19,181,74,1,2,2,325,650
0,51,18,185,73,1,3,2,150,750
2,55,22,186,81,1,2,2,200,2000
1,48,20,175,70,1,3,2,100,500
1,55,20,187,77,1,3,2,120,750
1,50,18,175,68,1,2,2,100,500
0,70,33,189,77,1,3,1,525,18000
0,50,17,180,70,1,3,2,140,500
0,74,24,180,85,1,3,1,5000,13000
0,51,16,177,71,1,3,2,150,500
0,53,22,178,77,1,4,2,190,1000
1,49,18,183,72,1,3,2,100,500
0,58,20,187,78,1,3,2,425,2000
0,80,23,196,90,2,3,1,25500,21000
0,57,20,182,87,1,3,2,400,1000
0,73,33,188,81,1,3,1,1000,6000
0,50,17,175,63,1,3,2,150,500
0,51,19,170,70,1,2,2,120,1000
1,49,20,189,81,1,3,2,110,1000
0,53,20,185,71,1,4,2,250,750
1,49,19,173,66,1,3,2,70,1000
0,81,28,190,81,1,3,1,22000,15000
0,59,25,197,92,1,3,2,275,1000
0,61,20,176,73,1,2,1,0.0,0
1,51,19,180,75,1,3,2,130,1000
0,53,19,197,81,1,2,2,220,1000
0,79,44,192,92,4,2,1,1900,3000
0,59,28,182,79,1,3,2,230,2000
0,53,20,182,77,1,3,2,80,850
1,49,16,182,65,1,3,3,120,500
0,50,18,170,68,1,2,2,100,600
0,52,19,185,77,1,3,2,160,650
0,75,30,192,87,2,2,1,3700,30000
1,50,16,172,67,1,3,2,110,500
0,49,18,179,73,1,3,2,100,500
0,51,18,185,75,1,3,2,140,750
0,54,19,192,83,1,3,2,240,500
0,53,18,188,66,1,3,2,220,500
1,49,21,171,69,1,3,2,110,700
0,49,18,175,62,1,2,2,120,500
1,50,21,183,74,1,3,2,45,550
1,51,24,188,81,1,2,2,80,1000
0,62,23,170,72,1,3,1,0.0,0
0,49,19,177,66,1,2,2,110,500
2,52,19,174,70,1,2,2,180,750
0,47,20,180,74,1,3,2,110,500
1,53,20,185,72,1,3,2,220,2000
1,52,25,179,67,1,3,2,100,1000
1,49,18,170,58,1,3,2,100,500
0,59,19,180,75,1,2,2,450,700
0,55,26,187,75,1,3,2,130,500
0,55,20,184,75,1,2,2,250,600
0,50,18,187,79,1,3,2,120,1000
1,53,24,186,85,1,2,2,190,500
0,55,17,186,76,1,2,2,300,500
0,48,19,183,73,1,3,2,120,750
0,54,17,185,76,1,3,2,230,500
0,57,18,187,83,1,3,2,350,500
0,73,36,188,85,2,3,1,350,34000
1,50,20,173,60,1,4,2,100,700
0,49,18,184,75,1,2,2,100,500
0,77,24,197,85,1,4,1,13500,37000
0,62,27,189,86,1,2,2,450,2000
1,48,19,179,70,1,3,2,120,500
1,48,19,162,52,1,3,2,110,500
1,50,20,182,74,1,3,2,120,900
0,50,19,179,68,1,3,2,100,800
0,52,18,175,70,1,3,2,200,550
0,77,38,193,90,2,3,1,1200,25000
0,51,18,173,64,1,3,2,150,550
0,53,19,188,81,1,2,2,210,2000
0,51,21,183,74,1,3,2,130,2000
0,50,19,178,64,1,3,2,110,650
0,55,19,185,85,1,2,2,275,900
0,49,19,175,70,1,3,2,100,500
0,57,26,193,90,1,2,2,200,1000
1,49,21,187,73,1,3,2,100,2000
0,58,22,190,82,1,3,2,425,2000
0,50,18,188,67,1,2,2,110,500
1,49,19,185,73,1,3,2,110,950
0,83,24,195,88,1,3,1,44000,40000
0,60,20,186,85,1,3,1,575,850
0,49,17,178,73,1,2,2,110,500
1,52,20,183,70,1,3,2,130,500
0,52,20,170,70,1,2,2,180,800
0,56,16,180,72,1,2,2,300,500
1,49,20,160,54,1,3,2,110,500
1,54,24,186,82,1,3,2,140,1000
0,73,24,193,80,1,2,1,3700,33000
0,75,26,188,97,1,2,1,5500,750
0,56,20,190,80,1,3,2,325,1000
0,51,19,183,70,1,2,2,140,1000
0,54,19,180,70,1,3,2,250,3000
0,56,19,190,82,1,2,2,325,1000
0,52,18,185,75,1,2,2,170,500
0,53,19,186,76,1,2,2,210,500
1,50,21,174,67,1,3,2,100,550
0,54,23,188,76,1,2,2,220,1000
0,55,20,194,80,1,3,2,250,1000
0,56,18,198,80,1,3,2,425,650
0,51,18,185,80,1,3,2,130,550
1,48,21,183,75,1,2,2,110,1000
1,56,24,189,86,1,3,2,300,800
0,50,18,177,69,1,2,2,100,500
0,55,22,188,87,1,3,2,180,1000
0,58,24,191,90,1,2,2,375,1000
0,52,19,185,75,1,3,2,190,500
0,55,19,184,75,1,3,2,275,1000
0,54,17,191,70,1,2,2,130,500
0,56,18,186,78,1,3,2,300,500
0,51,21,186,73,1,2,2,130,500
0,73,23,195,85,1,3,1,3900,12000
0,52,17,193,76,1,2,2,250,500
0,55,18,185,80,1,2,2,150,500
0,79,29,190,84,1,3,1,13500,15000
0,56,22,187,80,1,3,2,275,3000
1,49,17,168,66,1,2,2,110,500
1,58,19,194,86,1,3,2,400,1000
1,48,19,175,73,1,3,2,110,500
1,59,17,192,84,1,4,2,575,500
1,49,21,184,77,1,3,2,100,1000
0,61,25,191,90,1,2,2,450,2000
0,52,21,183,75,1,4,2,180,500
0,50,19,176,70,1,3,2,60,3000
1,49,22,173,65,1,3,2,100,1000
0,54,17,188,79,1,3,2,250,500
0,56,22,189,81,1,2,2,300,1000
1,49,23,175,70,1,3,2,90,500
0,57,19,189,85,1,2,2,325,650
0,50,17,178,70,1,3,2,100,500
0,56,18,194,90,1,3,2,375,900
1,49,20,167,63,1,3,2,100,2000
1,51,29,183,75,1,2,2,50,1000
0,50,19,182,74,1,2,2,60,500
0,53,20,184,77,1,3,2,190,500
0,76,28,188,86,1,2,1,6000,35000
1,49,19,180,70,1,3,2,100,2000
1,49,19,165,62,1,3,3,110,500
0,53,20,167,59,1,3,2,200,500
1,47,21,168,68,1,3,2,110,500
0,50,18,180,70,1,2,2,100,500
0,51,17,188,80,1,3,2,120,500
0,52,21,185,75,1,4,2,180,500
0,49,18,190,72,1,2,2,80,500
0,79,29,188,77,2,3,1,13500,78000
0,51,18,183,77,1,3,2,140,500
1,50,27,181,72,1,3,2,50,1000
1,48,19,185,72,1,3,2,100,1000
1,49,25,179,67,1,2,2,50,500
0,68,34,195,90,1,3,1,210,9000
0,75,32,193,79,1,2,1,2800,34000
0,51,19,183,70,1,3,2,140,500
1,49,19,176,71,1,3,2,120,600
0,50,17,165,65,1,3,2,120,500
1,50,19,175,63,1,3,2,60,500
1,49,18,178,72,1,3,2,120,500
1,46,22,172,71,1,2,2,110,500
1,53,19,187,81,1,4,2,230,500
0,54,18,191,82,1,3,2,250,850
0,55,20,193,83,1,3,2,275,2000
0,53,18,183,73,1,3,2,220,600
1,73,31,191,83,1,1,1,1600,12000
0,79,30,187,85,3,2,1,11500,43000
1,49,18,177,73,1,3,2,100,500
1,45,20,180,73,1,3,2,100,550
0,57,23,191,86,1,3,2,240,750
1,52,20,188,79,1,3,2,120,1000
0,54,18,188,72,1,2,2,230,500
0,56,19,192,82,1,3,2,325,3000
1,49,20,171,69,1,3,2,70,550
1,48,32,175,73,1,2,2,35,2000
1,49,18,183,73,1,2,2,120,1000
0,68,24,185,72,1,3,1,1500,5000
0,60,28,178,74,1,3,2,180,800
0,53,16,185,70,1,2,2,180,500
0,49,16,185,67,1,3,2,60,500
1,50,21,180,74,1,1,2,70,2000
1,50,18,185,80,1,4,3,120,550
1,50,21,182,72,1,3,2,100,2000
0,50,18,170,65,1,3,2,90,500
0,57,18,191,82,1,2,2,350,500
1,52,17,178,70,1,3,2,170,500
0,68,27,187,84,1,3,1,1300,5000
0,53,19,186,84,1,4,2,210,500
0,53,21,185,79,1,2,2,230,1000
1,50,20,183,77,1,2,2,90,1000
0,54,22,182,78,1,2,2,230,900
0,51,16,178,66,1,2,2,140,500
0,58,21,192,80,1,2,2,425,650
0,71,26,182,80,1,2,1,2000,10000
0,53,20,184,83,1,3,2,190,2000
0,47,17,178,75,1,3,3,60,500
0,50,20,180,70,1,3,2,70,500
1,52,23,180,67,1,2,2,110,1000
1,52,22,178,69,1,2,2,170,500
0,60,21,188,82,1,3,1,475,650
0,52,18,187,77,1,3,2,210,500
0,75,38,191,95,2,1,1,675,26000
0,52,19,184,67,1,3,2,210,3000
0,60,21,187,81,1,3,2,475,550
0,55,19,187,72,1,3,2,250,600
0,78,27,194,94,2,2,1,14000,36000
1,51,18,182,78,1,3,2,150,600
0,50,19,175,64,1,2,2,100,500
0,51,18,170,70,1,3,2,80,500
0,55,22,203,93,1,3,2,180,1000
0,53,19,190,83,1,2,2,230,500
1,51,19,184,69,1,5,3,150,700
0,51,18,178,70,1,3,2,80,850
0,48,22,162,60,1,3,2,110,2000
0,52,19,186,78,1,3,2,180,650
1,48,20,181,70,1,3,2,100,1000
0,79,24,188,76,2,2,1,22500,9000
0,64,24,191,70,1,3,1,675,3000
0,65,29,188,78,1,3,1,550,3000
0,76,36,198,90,2,3,1,825,25000
1,51,19,182,72,1,3,2,60,750
0,52,19,189,78,1,2,2,180,500
1,49,23,180,70,1,3,2,70,1000
1,46,18,180,73,1,3,2,110,700
0,51,17,185,68,1,3,2,170,500
0,54,18,182,73,1,3,2,230,800
0,50,17,175,68,1,2,2,90,500
0,52,19,182,65,1,3,2,190,1000
1,49,21,174,70,1,2,2,45,950
0,73,33,190,98,1,2,1,1000,6000
0,55,18,182,71,1,3,2,275,500
0,70,24,196,87,1,3,1,1900,4000
0,70,30,185,86,1,2,1,1100,7000
0,53,20,183,77,1,2,2,190,850
1,52,19,186,84,1,3,2,190,1000
0,53,19,189,78,1,2,2,210,500
0,54,22,179,64,1,3,2,230,600
1,49,21,170,73,1,3,2,70,1000
0,53,19,185,70,1,2,2,190,1000
0,55,18,186,80,1,2,2,275,500
1,52,18,193,84,1,3,2,170,500
0,50,18,185,74,1,2,2,100,500
0,54,20,185,82,1,3,2,220,1000
0,56,20,191,91,1,4,2,350,900
1,50,23,187,79,1,3,2,90,800
0,56,23,187,80,1,2,2,300,500
0,50,18,178,72,1,2,2,120,800
0,49,18,177,74,1,2,2,110,700
0,51,19,184,76,1,2,2,130,1000
0,52,18,182,74,1,3,2,160,550
1,48,20,179,76,1,3,3,100,1000
0,79,31,191,80,1,3,1,9500,16000
1,51,20,188,78,1,2,2,130,1000
1,51,21,183,79,1,3,2,120,1000
0,54,19,184,80,1,3,1,200,500
0,53,20,188,76,1,2,2,210,1000
0,73,29,188,70,1,3,1,2300,27000
0,53,22,183,80,1,2,2,200,2000
0,62,28,193,71,1,2,2,350,2000
0,75,29,193,85,2,3,1,4700,36000
1,47,22,183,75,1,3,2,70,3000
0,51,18,183,72,1,3,2,140,500
1,49,16,177,57,1,1,2,100,500
0,75,33,187,89,1,3,1,1800,15000
1,50,23,187,80,1,2,2,100,950
0,53,23,192,82,1,2,2,130,500
0,55,27,193,86,1,2,2,130,500
1,48,22,173,72,1,3,2,100,500
0,47,16,178,71,1,3,2,50,500
0,72,26,196,77,1,3,1,2500,22000
1,52,31,193,88,1,2,2,70,2000
1,48,22,168,65,1,2,2,100,500
1,49,19,182,75,1,3,2,100,500
0,72,35,190,80,2,2,1,250,28000
2,53,17,181,75,1,3,2,200,500
0,58,21,190,83,1,2,2,425,500
0,52,19,178,72,1,2,2,160,600
0,51,17,179,65,1,1,2,170,500
1,52,21,185,75,1,3,2,170,1000
1,48,19,175,71,1,3,2,110,800
0,78,34,191,86,1,3,1,2400,19000
0,55,21,197,88,1,2,2,275,550
0,55,24,185,82,1,2,2,240,1000
0,51,25,183,75,1,2,2,70,1000
1,47,20,174,73,1,3,2,100,500
1,47,21,181,77,1,3,2,40,900
0,50,18,172,72,1,3,2,150,500
0,53,18,176,74,1,3,2,250,500
0,78,34,194,91,2,3,1,2400,17000
0,53,20,178,75,1,2,2,210,1000
0,53,19,190,78,1,2,2,210,700
0,63,29,180,72,1,3,1,0.0,0
0,86,30,197,86,2,2,1,51000,130000
0,57,18,195,86,1,2,2,325,1000
0,53,20,193,76,1,3,2,210,1000
1,50,20,172,72,1,3,2,100,500
0,53,20,185,75,1,3,2,190,3000
0,53,17,185,75,1,3,2,220,500
0,80,29,195,87,1,4,1,16000,28000
1,51,19,175,70,1,2,2,130,750
0,51,21,188,82,1,2,2,120,500
0,50,17,190,74,1,3,2,130,500
0,51,18,173,72,1,3,2,60,750
0,51,18,178,83,1,3,2,80,650
1,48,17,177,69,1,3,2,100,500
0,53,19,183,77,1,3,2,230,500
0,52,19,175,70,1,2,2,110,550
0,59,24,195,93,1,2,2,300,750
0,72,27,191,81,1,3,1,1800,22000
1,46,16,175,64,1,1,2,100,650
1,47,19,173,63,1,3,2,100,1000
1,47,18,175,64,1,3,2,110,1000
0,52,19,178,70,1,3,2,180,1000
0,71,31,189,88,1,2,1,1000,16000
0,76,34,201,93,2,5,1,1300,52000
1,51,19,191,81,1,3,2,130,650
0,72,28,189,87,2,3,1,1700,46000
0,76,28,192,84,1,2,1,6000,33000
0,50,21,169,65,1,2,2,110,500
1,48,18,175,69,1,2,2,110,650
0,56,19,191,85,1,3,2,325,500
0,81,28,191,93,1,3,1,20500,47000
1,51,22,184,77,1,3,2,130,1000
0,53,22,184,77,1,2,2,200,750
0,53,17,187,80,1,2,2,200,500
0,54,20,182,75,1,2,2,240,3000
0,71,40,191,88,3,3,1,240,2000
1,47,20,172,65,1,2,2,70,2000
0,50,20,170,69,1,3,2,110,500
1,51,21,183,72,1,3,2,120,2000
0,51,18,178,70,1,3,2,60,850
0,50,18,181,74,1,3,3,120,500
0,53,19,192,87,1,2,2,210,850
0,78,35,192,85,3,2,1,0.0,0
1,49,17,182,70,1,3,3,110,500
0,51,19,182,72,1,3,2,130,1000
0,74,28,186,79,1,3,1,3900,21000
0,78,28,188,84,1,2,1,11000,18000
0,51,17,180,74,1,3,2,150,500
0,56,19,189,86,1,2,2,300,700
1,49,21,184,73,1,3,2,80,1000
0,52,20,180,72,1,3,2,160,3000
1,50,21,180,78,1,3,2,100,1000
0,54,18,184,77,1,2,2,230,500
0,77,22,196,74,1,3,1,18500,25000
0,80,28,184,78,1,3,1,16500,6000
0,76,38,190,90,2,3,1,825,500
0,54,17,194,91,1,3,2,250,500
0,54,17,190,77,1,2,2,325,500
0,74,27,191,88,1,2,1,3900,8000
0,59,20,191,79,1,2,2,210,750
0,67,26,185,80,1,2,1,1000,500
0,50,20,181,74,1,2,2,90,500
0,53,19,190,85,1,2,2,190,550
0,75,24,188,74,1,2,1,6000,27000
1,49,22,175,74,1,2,2,100,500
0,52,17,191,81,1,2,2,240,500
0,52,19,192,77,1,3,2,180,1000
0,54,21,185,81,1,2,2,160,500
0,54,17,193,84,1,3,2,250,500
1,52,19,190,85,1,3,2,170,2000
0,60,30,179,78,1,2,1,180,500
0,49,18,176,75,1,3,2,90,500
0,53,20,182,71,1,2,2,210,5000
1,50,24,169,68,1,2,2,60,500
0,52,18,185,76,1,2,2,160,500
0,51,17,186,65,1,2,2,80,500
1,47,18,178,72,1,3,2,100,1000
0,52,20,190,81,1,2,2,160,500
0,50,19,188,80,1,2,2,90,750
0,52,18,188,79,1,2,2,160,650
0,55,21,185,78,1,4,2,275,1000
0,53,18,188,78,1,3,2,90,500
0,57,18,192,75,1,2,2,400,1000
0,73,35,186,86,2,3,1,0.0,0
0,49,19,178,74,1,3,2,110,1000
0,53,20,182,73,1,2,2,230,800
0,51,22,176,76,1,3,2,130,500
0,54,20,190,86,1,3,2,220,2000
1,51,21,185,80,1,3,2,110,600
0,72,28,188,90,1,1,1,2000,7000
0,54,19,179,75,1,2,2,240,500
0,55,19,188,83,1,2,2,275,600
1,54,21,183,75,1,2,2,230,500
0,54,23,185,82,1,2,2,150,1000
0,52,17,185,77,1,3,2,240,500
0,50,18,178,76,1,2,2,110,500
0,48,17,182,77,1,2,2,45,500
0,60,26,195,93,1,2,1,275,500
1,48,20,174,65,1,3,2,100,500
0,51,18,178,66,1,3,2,110,650
1,51,23,180,73,1,3,2,120,800
0,53,21,196,85,1,2,2,140,1000
0,78,25,193,88,1,5,1,17500,39000
1,50,20,184,73,1,3,2,100,1000
1,47,20,181,71,1,3,2,70,1000
0,51,18,176,62,1,2,2,140,700
1,48,19,175,56,1,3,2,100,500
0,49,21,170,65,1,3,2,110,2000
0,78,29,190,85,1,3,1,11500,850
0,71,27,185,89,1,2,1,1700,6000
0,53,21,190,85,1,2,2,220,800
0,55,23,185,82,1,2,2,250,1000
0,53,20,185,82,1,2,2,190,800
0,80,28,191,91,1,3,1,18000,24000
0,65,34,182,80,1,3,1,120,2000
0,53,20,194,75,1,2,2,230,1000
0,63,32,183,77,1,2,1,240,500
0,56,23,194,86,1,2,2,300,2000
0,57,23,193,91,1,2,2,240,1000
0,55,22,188,75,1,2,2,275,850
0,52,18,189,81,1,3,2,170,500
2,54,17,190,81,1,3,2,230,500
0,78,25,190,83,2,3,1,14500,36000
0,75,32,196,86,1,2,1,2800,47000
0,51,18,183,72,1,2,2,140,500
1,53,21,186,82,1,3,2,200,1000
0,76,28,196,90,2,3,1,6500,49000
0,54,18,195,82,1,3,2,230,500
0,55,20,197,89,1,2,2,250,1000
0,51,18,185,72,1,2,2,140,550
0,52,17,184,76,1,3,2,90,500
0,68,29,193,84,1,2,1,1000,3000
1,55,21,191,81,1,1,2,240,500
0,57,19,184,79,1,2,2,375,650
0,52,18,188,80,1,3,2,190,550
1,69,30,191,91,1,2,1,925,4000
1,51,22,190,84,1,3,2,120,900
0,76,27,194,96,1,3,1,7000,20000
1,48,21,174,60,1,3,2,110,1000
0,55,26,182,81,1,3,2,150,2000
0,79,40,196,89,3,3,1,1900,11000
0,54,18,183,82,1,2,2,325,500
0,77,31,188,79,2,2,1,5500,7000
1,51,21,195,87,1,3,2,120,750
0,75,29,192,90,2,1,1,4700,20000
2,54,16,192,84,1,3,2,250,500
1,48,22,184,62,1,3,2,110,500
0,50,16,183,84,1,2,2,100,500
0,77,27,189,89,1,3,1,5500,60000
0,53,22,191,83,1,3,2,200,500
0,76,26,191,82,1,3,1,8000,20000
0,53,20,188,84,1,2,2,170,850
1,51,21,188,84,1,3,2,80,850
0,68,28,186,81,1,2,1,1000,9000
0,50,16,182,70,1,3,2,140,500
2,52,18,188,80,1,3,2,100,500
1,51,20,189,70,1,3,2,130,1000
0,51,18,183,78,1,3,2,130,500
1,48,21,183,72,1,2,2,70,950
0,55,27,186,78,1,2,1,30,1000
1,48,17,189,81,1,3,2,130,500
0,51,18,188,86,1,3,2,130,500
0,60,23,185,85,1,2,1,325,500
1,51,32,186,80,1,3,2,40,1000
0,50,17,185,72,1,2,2,90,500
0,80,33,183,80,2,3,1,7000,36000
0,50,18,170,60,1,3,2,130,500
0,50,18,185,66,1,2,2,120,500
0,72,28,196,88,1,2,1,2000,11000
0,51,20,193,80,1,3,2,120,1000
0,74,26,188,83,1,2,1,4200,10000
0,78,27,193,78,1,2,1,14000,37000
0,53,20,182,77,1,3,2,190,2000
0,52,18,188,75,1,2,2,170,2000
1,48,16,180,76,1,3,2,120,500
0,71,34,194,86,1,3,1,325,8000
0,53,19,194,80,1,3,2,210,800
0,52,17,183,75,1,2,2,140,500
0,72,34,187,87,2,3,1,1300,20000
0,70,28,184,83,1,3,1,1400,4000
0,75,25,194,81,1,3,1,6500,34000
0,50,20,190,82,1,2,2,110,500
0,54,18,189,81,1,3,2,230,500
0,76,37,190,92,1,3,1,825,5000
1,48,17,187,80,1,3,2,110,500
0,61,30,188,75,3,3,1,0.0,0
0,48,18,173,62,1,2,2,100,500
0,59,27,193,76,1,2,2,240,500
0,52,19,193,78,1,3,2,180,700
0,53,19,185,77,1,3,2,190,500
0,64,38,193,85,2,2,1,60,500
1,48,20,174,69,1,3,2,100,950
0,80,35,189,82,2,3,1,2300,20000
0,54,22,180,80,1,2,1,140,500
0,52,22,191,86,1,2,2,170,1000
1,49,17,185,83,1,3,2,120,500
1,51,19,183,77,1,3,2,60,500
1,52,24,192,75,1,3,2,100,2000
1,47,20,175,70,1,3,2,90,1000
0,51,18,176,61,1,2,2,140,550
1,69,30,191,95,1,2,1,0.0,0
0,48,19,169,70,1,2,2,110,500
0,83,32,192,83,3,3,1,18000,55000
0,52,19,185,80,1,2,2,80,4000
0,67,29,186,84,1,4,1,775,6000
0,62,22,181,79,1,3,1,775,1000
0,51,16,195,89,1,2,2,150,500
0,52,19,185,82,1,3,2,180,850
0,71,21,185,81,1,2,1,3600,5000
0,68,29,193,92,1,3,1,1000,4000
0,51,20,182,75,1,3,2,130,3000
0,74,26,196,81,1,1,1,4200,6000
1,48,18,173,68,1,2,3,110,550
0,52,18,180,79,1,2,2,210,500
0,52,20,181,76,1,2,2,180,3000
0,73,37,187,76,3,1,1,0.0,0
0,51,19,193,81,1,2,2,130,500
1,48,20,176,71,1,2,2,100,500
0,63,38,183,70,1,3,1,50,2000
1,50,20,183,67,1,3,2,70,1000
0,51,17,184,80,1,3,2,120,500
1,51,21,185,82,1,3,2,120,1000
0,68,24,187,85,1,2,1,1500,5000
0,61,29,180,68,1,3,1,0.0,0
0,79,30,186,80,1,3,1,11500,25000
0,71,24,186,81,1,2,1,2300,7000
0,53,20,187,80,1,3,2,210,600
0,49,18,190,80,1,3,2,110,1000
0,51,18,175,83,1,3,2,180,500
1,50,19,182,77,1,3,2,90,700
0,68,29,188,87,1,5,1,1000,1000
0,73,41,189,80,1,3,1,350,10000
0,64,21,194,84,1,3,1,1100,750
0,69,25,184,69,1,2,1,1600,5000
1,49,18,188,80,1,3,2,100,500
0,52,20,183,75,1,3,2,180,3000
0,73,35,188,78,1,3,1,350,22000
0,67,33,193,88,1,3,1,325,3000
0,51,19,182,72,1,3,2,80,800
0,52,21,183,85,1,2,2,170,850
0,70,40,186,83,2,3,1,180,12000
0,48,18,182,73,1,3,2,110,1000
0,50,18,183,77,1,3,2,100,500
0,78,25,192,83,1,2,1,14500,16000
2,67,32,187,83,1,2,1,500,1000
0,75,29,191,88,1,3,1,3800,49000
0,48,19,180,73,1,2,2,110,500
0,74,29,186,80,1,4,1,2900,950
0,49,17,185,79,1,4,2,150,500
0,70,26,191,85,1,2,1,1800,8000
1,51,18,188,83,1,3,2,130,500
0,72,36,195,90,2,2,1,250,9000
0,50,16,182,68,1,3,2,100,500
0,77,28,191,79,1,2,1,9500,56000
1,48,23,182,75,1,3,2,60,1000
1,49,20,182,80,1,4,2,100,700
1,47,22,186,80,1,3,2,70,1000
1,52,22,190,88,1,3,2,150,800
1,49,22,186,70,1,3,2,70,1000
0,73,27,188,82,1,2,1,3200,18000
1,51,21,185,77,1,3,2,120,650
0,51,18,185,76,1,2,2,140,1000
0,52,21,181,79,1,3,2,180,3000
0,54,18,185,77,1,3,2,230,1000
0,49,19,181,74,1,2,2,110,500
0,50,18,183,78,1,3,2,90,500
1,50,22,181,79,1,2,2,100,500
0,64,40,181,76,1,2,1,60,500
0,57,18,190,80,1,3,1,300,500
0,50,17,188,75,1,2,2,120,500
0,75,30,187,74,1,3,1,3700,650
1,50,22,183,71,1,3,2,100,1000
0,69,31,192,90,1,4,1,0.0,0
0,73,23,191,82,1,2,1,5000,22000
0,73,34,183,80,1,2,1,525,16000
0,52,18,192,82,1,2,2,240,500
0,79,23,190,82,1,2,1,22500,32000
0,46,22,181,80,1,3,2,60,500
0,68,25,194,94,1,3,1,1400,2000
0,73,26,190,99,1,2,1,3100,12000
0,54,29,190,86,1,2,2,90,500
0,52,19,199,85,1,3,2,180,500
0,51,20,184,75,1,2,2,120,700
0,49,19,185,75,1,2,2,110,900
0,69,37,188,84,1,3,1,325,4000
0,62,24,185,77,1,3,1,775,1000
0,50,19,173,70,1,3,2,100,500
1,50,18,186,75,1,2,2,110,500
0,51,17,189,70,1,3,2,70,500
0,47,19,178,62,1,3,2,120,500
0,80,39,186,85,2,3,1,1000,10000
0,51,18,178,74,1,3,2,70,500
0,52,18,193,80,1,3,2,100,2000
0,65,20,190,74,1,3,1,1500,10000
0,50,17,188,70,1,2,2,110,500
1,70,37,187,95,1,2,1,180,1000
0,70,25,166,62,2,3,1,0.0,0
0,55,19,191,83,1,3,2,275,1000
1,48,20,180,75,1,3,2,100,950
1,50,20,186,75,1,2,3,100,1000
0,70,32,193,78,1,3,1,800,5000
0,52,18,180,75,1,2,2,140,500
0,51,18,185,79,1,2,2,150,500
0,70,25,188,87,1,3,1,2000,5000
0,77,25,184,74,1,3,1,11500,16000
0,69,28,203,94,1,3,1,1300,3000
0,75,35,188,81,2,2,1,625,17000
1,47,19,161,63,1,2,2,120,500
0,51,18,188,85,1,3,2,70,500
2,72,39,185,82,2,3,1,250,8000
1,50,22,191,89,1,2,2,60,500
1,61,28,194,88,1,2,1,230,2000
0,76,24,190,88,1,4,1,8500,15000
1,51,23,184,76,1,2,2,120,500
0,51,19,188,77,1,2,2,130,600
1,49,21,176,68,1,3,2,100,500
0,72,26,188,80,1,2,1,2100,8000
2,63,31,182,76,1,3,1,250,850
0,49,19,181,75,1,3,2,90,2000
0,54,19,188,82,1,2,2,275,600
0,54,18,189,77,1,3,2,230,650
0,70,27,186,76,1,2,1,1500,27000
0,72,23,197,81,1,2,1,4500,18000
0,71,24,188,83,1,3,1,3600,10000
0,74,35,198,90,2,3,1,475,23000
0,56,24,196,85,1,2,2,170,2000
0,75,32,195,90,1,2,1,2800,26000
0,72,24,185,78,1,2,1,4000,5000
0,73,29,188,81,1,4,1,2100,10000
1,49,20,183,77,1,3,2,90,1000
0,50,21,188,71,1,2,2,100,500
1,50,17,180,72,1,3,2,110,500
0,54,22,176,76,1,2,2,230,600
1,49,21,181,77,1,2,2,70,1000
0,49,21,188,81,1,2,2,100,500
0,48,20,176,70,1,2,2,100,500
0,70,25,183,73,1,3,1,1600,6000
0,65,41,194,95,2,2,1,0.0,2000
1,49,21,182,70,1,2,2,90,1000
0,64,27,188,80,1,3,1,575,500
1,49,20,190,72,1,3,2,100,1000
0,52,18,191,87,1,2,2,170,500
0,75,34,187,82,2,3,1,950,14000
0,50,17,188,75,1,3,2,100,500
1,50,20,184,73,1,3,2,100,2000
1,47,19,180,68,1,3,2,90,1000
0,53,31,185,79,1,2,1,40,500
1,49,19,193,83,1,3,2,110,750
1,48,23,176,70,1,2,2,70,1000
0,50,17,194,78,1,3,2,110,500
1,50,19,187,81,1,3,2,90,800
1,52,26,190,82,1,3,2,90,850
0,69,31,188,80,1,2,1,750,3000
0,49,19,184,72,1,3,2,90,500
1,54,23,193,90,1,3,2,90,850
0,74,27,193,81,1,3,1,3600,900
0,74,30,179,81,1,2,1,2800,700
0,74,39,197,92,2,4,1,475,6000
0,81,36,196,90,4,2,1,2400,60000
0,67,26,194,96,1,2,1,1200,4000
1,47,18,182,75,1,3,2,110,900
0,79,35,187,93,3,3,1,3000,30000
0,49,18,188,72,1,2,2,140,500
0,64,25,177,72,1,2,1,525,500
0,48,20,184,78,1,3,2,110,500
0,69,23,187,77,1,3,1,2700,7000
1,70,27,185,78,1,3,1,1500,4000
0,77,31,186,78,2,3,1,5500,35000
0,66,24,178,70,1,3,1,1000,500
0,75,27,186,85,1,2,1,5500,31000
0,70,35,190,81,2,3,1,180,9000
1,52,22,188,82,1,3,2,170,950
0,53,17,195,89,1,2,2,200,500
0,74,25,188,83,1,2,1,4900,21000
0,65,24,185,77,1,2,1,1200,2000
1,73,30,189,75,1,3,1,2000,8000
0,57,22,194,95,1,3,1,100,2000
0,70,37,189,76,1,2,1,180,11000
0,67,22,186,79,1,2,1,2000,17000
0,67,34,181,78,1,3,1,0.0,0
0,58,24,185,76,1,3,1,0.0,0
1,51,21,192,77,1,3,2,120,2000
0,67,25,180,80,1,2,1,1100,950
0,67,27,188,87,1,3,1,875,3000
0,55,27,188,82,1,3,2,140,500
0,50,17,182,75,1,3,2,50,500
0,65,22,185,79,1,2,1,1400,5000
0,72,29,191,85,1,3,1,1900,12000
0,66,23,193,86,1,2,1,1100,3000
0,56,23,185,74,1,2,1,80,3000
0,54,20,198,94,1,2,2,240,2000
1,49,18,185,78,1,3,2,100,500
1,48,16,184,75,1,3,2,110,500
0,66,28,193,95,1,3,1,725,7000
0,50,18,189,74,1,2,2,90,500
0,65,25,190,80,1,2,1,775,2000
0,65,31,193,89,1,2,1,375,500
0,63,41,183,75,1,1,1,50,500
0,73,23,188,74,1,3,1,5000,40000
0,76,25,190,78,2,2,1,9000,16000
0,72,42,183,84,1,2,1,250,5000
0,61,19,176,73,1,4,1,0.0,0
0,65,31,188,79,1,3,1,375,11000
1,51,24,190,88,1,3,2,120,800
0,72,37,192,88,2,4,1,250,10000
1,49,21,177,70,1,2,2,70,1000
1,44,22,174,71,1,3,2,40,900
0,68,36,191,84,1,3,1,130,3000
0,76,32,193,78,1,2,1,3700,34000
1,50,23,187,79,1,2,2,60,1000
0,60,21,185,80,1,3,1,475,500
0,77,34,190,81,2,2,1,1800,21000
0,78,24,198,73,1,2,1,16000,39000
0,47,33,178,81,1,1,2,25,1000
0,71,31,193,88,1,2,1,1000,6000
0,51,18,188,80,1,2,2,110,500
0,64,26,180,75,1,2,1,625,500
0,64,35,188,86,1,2,1,60,6000
1,46,19,188,83,1,3,2,110,750
0,71,32,182,80,1,3,1,925,3000
0,64,24,181,67,1,3,1,750,3000
1,48,21,185,75,1,3,2,100,1000
0,70,29,189,75,1,3,1,1300,2000
0,71,26,192,85,1,2,1,0.0,0
0,67,27,190,73,1,3,1,1100,7000
0,54,21,195,88,1,2,2,200,1000
0,53,18,196,94,1,3,2,275,1000
0,70,26,184,85,1,3,1,1800,4000
0,70,20,189,78,1,2,1,3400,13000
0,61,24,184,88,1,2,1,550,500
0,68,23,186,77,1,3,1,0.0,0
0,70,28,186,77,1,2,1,1100,11000
0,65,34,184,80,1,2,1,120,500
0,49,19,188,79,1,3,2,100,500
1,49,17,188,76,1,3,2,90,500
0,72,29,197,89,1,3,1,1800,3000
0,70,31,191,100,1,3,1,1100,20000
0,62,25,198,85,1,2,1,400,2000
1,63,22,185,76,1,3,1,925,1000
0,75,33,192,87,2,2,1,1800,34000
1,48,18,184,80,1,3,2,100,500
0,74,25,188,78,1,2,1,4300,32000
0,69,27,188,89,1,3,1,1300,12000
0,66,32,194,90,2,2,1,0.0,0
0,69,31,191,81,1,1,1,750,3000
0,75,30,190,84,2,3,1,4200,21000
0,71,33,195,89,1,2,1,600,13000
0,64,28,194,77,1,2,1,425,3000
0,71,28,189,86,2,3,1,0.0,0
1,50,20,191,79,1,3,2,90,1000
1,47,21,177,70,1,2,2,70,1000
0,75,35,195,85,1,3,1,625,7000
0,62,24,191,77,1,3,1,775,2000
0,63,27,183,77,1,2,1,475,500
1,50,22,188,82,1,2,2,70,1000
0,50,17,194,80,1,2,2,110,500
0,61,25,195,81,1,2,1,325,2000
0,62,32,194,84,1,2,1,200,1000
1,47,18,183,74,1,1,2,90,500
0,68,37,185,78,1,2,1,130,3000
0,71,24,186,75,1,3,1,3200,5000
0,76,31,197,92,1,2,1,4000,10000
0,65,38,181,79,1,1,1,50,500
0,65,40,188,94,1,3,1,80,500
0,67,18,193,80,1,2,1,2100,500
0,75,29,188,81,1,2,1,3800,22000
0,66,19,187,75,1,4,1,0.0,0
0,73,28,192,92,1,2,1,2600,11000
1,69,31,189,84,1,4,1,750,3000
0,70,27,195,87,1,3,1,1700,21000
0,67,30,192,83,1,3,1,775,18000
0,61,36,193,87,1,2,1,35,2000
1,48,21,184,73,1,3,2,70,900
0,47,20,180,75,1,3,2,110,500
0,60,24,196,90,1,2,1,300,500
0,66,26,185,73,1,3,1,800,17000
0,79,22,188,84,1,2,1,30500,11000
0,65,25,189,79,1,3,1,775,3000
0,63,20,188,86,1,2,1,1000,6000
0,63,24,186,75,1,3,1,550,2000
0,64,37,187,89,1,3,1,60,500
0,67,31,188,83,1,2,1,550,950
1,52,17,188,75,1,3,2,100,500
0,66,25,184,73,1,1,1,1000,500
0,62,25,188,70,1,3,1,425,2000
0,75,23,192,87,1,3,1,11000,63000
0,66,37,193,88,1,3,1,90,4000
0,72,27,193,90,1,3,1,2300,18000
0,66,29,191,80,1,2,1,700,8000
0,68,28,184,82,1,2,1,1000,1000
1,48,20,186,70,1,3,2,100,1000
0,66,29,187,80,1,3,1,700,3000
0,66,37,187,85,1,2,1,90,500
0,70,30,194,82,1,3,1,1200,33000
0,51,17,191,76,1,2,2,110,500
0,73,29,186,85,1,2,1,2500,12000
0,71,27,195,71,1,2,1,0.0,0
0,66,33,192,88,1,2,1,275,6000
0,70,35,182,78,1,2,1,180,500
0,62,26,186,83,1,2,1,400,500
1,49,19,190,85,1,3,2,90,500
0,66,29,192,84,1,2,1,650,3000
0,47,17,178,65,1,3,2,100,500
0,62,29,192,85,1,2,1,275,950
0,68,22,201,85,1,3,1,2300,7000
0,58,30,189,88,1,2,1,140,2000
0,69,29,182,82,1,2,1,1200,500
0,65,27,195,85,1,2,1,650,5000
0,75,32,201,96,1,2,1,2800,800
0,63,37,179,80,1,2,1,50,500
0,63,25,191,85,1,2,1,550,1000
0,70,23,190,82,1,2,1,3100,10000
0,63,29,185,73,1,2,1,325,500
0,65,36,190,86,2,3,1,80,11000
0,74,24,187,81,1,3,1,5000,24000
0,64,36,185,82,1,2,1,60,650
0,76,39,190,82,2,2,1,900,20000
0,70,24,190,80,1,2,1,2000,9000
0,67,27,201,81,1,2,1,925,9000
0,72,23,184,78,1,3,1,4500,44000
0,67,24,187,82,1,3,1,1300,4000
0,70,24,193,79,1,2,1,2700,19000
0,68,35,182,82,1,2,1,130,500
0,62,20,188,83,1,2,1,850,2000
0,67,26,190,82,1,1,1,950,11000
0,73,22,198,94,1,3,1,6000,21000
0,61,30,185,70,1,2,1,250,500
0,71,32,179,73,1,3,1,925,650
0,70,25,196,92,1,3,1,1900,10000
0,64,20,183,78,1,2,1,1100,500
1,47,19,183,74,1,3,2,90,1000
0,61,22,180,74,1,2,1,425,500
0,49,20,180,75,1,3,2,70,500
0,70,29,197,98,1,2,1,1100,12000
0,56,24,198,102,1,2,1,180,850
0,63,28,196,98,1,2,1,400,750
0,70,23,192,88,1,2,1,2700,500
0,54,19,187,73,1,2,1,200,750
0,61,21,183,71,1,2,1,650,1000
0,57,20,182,75,1,3,1,350,1000
0,56,23,173,65,2,4,1,0.0,0
0,69,31,190,82,1,2,1,0.0,0
0,64,33,185,84,1,2,1,190,3000
0,70,32,187,78,1,3,1,800,8000
0,75,35,190,92,1,3,1,0.0,0
0,65,23,187,83,1,3,1,1400,4000
0,60,21,187,79,1,2,1,475,2000
0,67,27,185,80,1,4,1,1000,500
0,60,32,191,90,1,1,1,120,650
0,58,20,188,83,1,3,1,425,1000
0,66,28,189,87,1,2,1,600,7000
0,65,28,195,81,1,3,1,575,8000
0,75,22,192,87,1,2,1,0.0,0
0,63,32,194,83,1,2,1,240,700
0,62,28,185,80,1,2,1,350,2000
0,65,30,191,80,1,2,1,475,1000
0,72,20,198,86,1,2,1,4400,500
0,58,20,193,90,1,2,1,425,850
0,70,35,193,97,2,3,1,180,9000
0,71,24,189,76,1,2,1,2400,9000
1,65,40,193,87,1,2,1,80,750
0,57,18,182,71,1,3,1,375,750
0,65,22,185,78,1,2,1,1400,4000
0,53,18,198,80,1,4,1,190,500
0,65,21,190,82,1,2,1,1400,2000
0,67,28,180,84,1,2,1,950,2000
0,63,21,184,78,1,3,1,525,2000
0,65,29,185,75,1,2,1,600,500
0,66,29,188,86,1,2,1,700,500
0,61,29,183,78,1,2,1,220,500
0,66,22,195,81,1,3,1,1500,2000
0,62,30,206,102,1,3,1,275,2000
0,65,21,185,82,1,3,1,1500,5000
0,58,20,193,80,1,2,1,425,650
0,68,26,195,72,1,2,1,1200,5000
0,70,22,190,73,1,1,1,3400,2000
0,65,31,193,84,1,3,1,375,2000
0,76,34,184,78,1,2,1,1300,850
0,63,30,192,78,1,3,1,350,750
0,44,24,178,78,1,3,2,60,500
0,66,24,187,85,1,2,1,1000,3000
0,62,30,198,85,1,2,1,275,1000
0,60,33,191,78,1,3,1,80,500
0,77,21,199,88,1,3,1,14000,16000
0,66,22,187,88,1,2,1,1700,500
1,71,32,193,80,2,3,1,925,4000
0,75,25,176,82,1,3,1,7000,3000
1,64,25,195,90,1,1,1,675,2000
0,55,18,191,82,1,3,1,250,500
0,64,35,188,80,1,2,1,60,1000
0,64,25,184,88,1,2,1,600,500
0,66,25,188,82,1,2,1,925,2000
0,61,19,178,72,1,2,1,600,500
0,57,20,185,75,1,3,1,350,600
0,65,18,186,75,1,3,1,1400,950
0,65,24,183,73,1,3,1,1400,5000
0,70,26,193,89,1,2,1,1700,8000
1,55,23,185,76,1,3,1,240,1000
0,61,22,186,75,1,3,1,425,1000
2,63,19,183,79,1,3,1,1000,500
0,74,26,195,93,1,3,1,4500,29000
0,68,32,185,79,1,3,1,0.0,0
0,66,34,190,80,1,2,1,150,1000
0,57,18,190,81,1,3,1,325,500
0,65,37,182,74,1,3,1,160,2000
0,67,37,191,86,1,3,1,110,900
0,62,22,183,73,1,3,1,775,1000
0,70,33,188,90,1,2,1,525,500
0,66,20,183,77,1,3,1,1600,3000
0,62,21,187,88,1,3,1,850,4000
0,68,24,202,87,1,1,1,1500,1000
0,65,22,193,88,1,2,1,1400,2000
0,67,27,194,94,1,3,1,875,5000
0,68,26,190,85,1,3,1,1300,5000
0,68,27,181,80,1,3,1,1200,500
0,70,20,192,80,1,3,1,3400,5000
0,60,19,194,83,1,2,1,575,500
0,65,21,189,76,1,2,1,1500,5000
0,66,21,195,77,1,3,1,1800,3000
0,49,19,186,70,1,3,2,110,500
0,68,28,191,87,1,3,1,1100,3000
0,58,26,180,75,1,3,1,190,1000
0,57,20,180,68,1,3,1,350,2000
0,78,25,188,76,1,1,1,15500,10000
0,69,21,190,73,1,3,1,2700,10000
0,66,31,182,81,1,2,1,450,9000
0,66,26,188,70,1,2,1,925,2000
0,66,31,185,73,1,3,1,450,500
0,61,25,185,82,1,1,1,240,2000
0,61,25,196,80,1,3,1,350,8000
0,75,36,190,90,2,1,1,900,20000
0,52,17,186,76,1,2,1,170,500
0,70,28,196,85,1,1,1,1400,9000
0,66,24,186,79,1,2,1,1500,500
0,68,22,185,75,1,3,1,2300,4000
0,56,30,197,95,1,2,1,80,3000
2,68,28,185,85,1,2,1,850,2000
0,70,24,192,81,1,1,1,3100,5000
0,63,21,194,86,1,5,1,925,2000
0,62,37,193,90,1,3,1,30,1000
0,74,22,191,83,1,3,1,8000,23000
0,65,20,198,87,1,3,1,1500,4000
0,55,19,185,75,1,2,1,300,500
0,70,21,189,76,1,2,1,3400,3000
0,63,25,187,81,1,2,1,525,500
0,70,22,193,83,1,3,1,3100,6000
0,62,20,193,80,1,2,1,850,500
0,73,23,190,78,1,3,1,3700,500
0,60,24,180,82,1,3,1,425,500
0,70,25,190,86,1,3,1,1900,500
0,63,23,183,79,1,3,1,925,1000
0,68,31,193,93,2,2,1,650,18000
0,62,22,180,76,1,2,1,775,500
0,57,31,187,77,1,2,1,90,950
0,65,26,192,89,1,2,1,675,3000
0,69,24,191,81,1,2,1,2400,5000
0,62,20,183,76,1,2,1,850,850
0,60,23,188,73,1,2,1,240,700
0,70,24,187,83,1,2,1,1800,500
1,54,21,190,77,1,3,1,230,500
0,58,31,192,88,1,3,1,110,1000
0,66,19,193,75,1,3,1,1800,2000
0,55,19,184,74,1,3,1,300,2000
0,65,31,191,80,1,2,1,375,2000
0,56,18,185,75,1,2,1,300,500
0,67,21,185,85,1,2,1,2200,16000
0,60,21,183,76,1,1,1,475,550
0,62,27,190,85,1,2,1,375,2000
2,63,40,185,78,1,2,1,50,500
0,66,18,193,89,1,2,1,1700,2000
0,65,23,188,75,1,3,1,1400,9000
0,63,21,181,76,1,2,1,925,1000
0,63,19,182,77,1,3,1,1000,1000
0,58,25,194,91,1,2,1,240,2000
0,58,20,182,78,1,2,1,375,2000
0,61,42,187,82,1,2,1,35,500
0,62,28,193,72,1,3,1,325,2000
0,65,21,187,80,1,3,1,1500,5000
0,72,19,189,73,1,2,1,4400,9000
0,64,18,181,73,1,2,1,1200,500
0,61,28,181,72,1,2,1,300,500
0,58,17,189,80,1,3,1,450,500
0,66,20,190,87,1,2,1,1800,6000
0,61,25,190,81,1,2,1,375,3000
0,69,28,196,87,1,2,1,1100,3000
0,66,25,191,85,1,3,1,1000,7000
0,75,30,188,85,1,3,1,3700,950
0,70,25,192,83,1,2,1,1900,5000
0,61,22,194,87,1,2,1,650,2000
0,60,20,183,77,1,3,1,475,850
0,70,24,194,89,1,2,1,1700,2000
0,62,19,186,81,1,3,1,900,6000
0,71,35,193,90,1,2,1,210,500
0,73,22,199,90,1,2,1,5500,19000
0,59,16,190,87,1,3,1,500,500
0,69,23,183,78,1,3,1,2400,6000
0,63,21,185,77,1,3,1,925,4000
0,61,32,189,80,1,2,1,160,1000
0,56,22,181,71,1,3,1,275,1000
0,57,31,186,83,1,2,1,90,2000
0,63,19,188,80,1,3,1,1000,3000
0,68,34,187,80,1,2,1,210,8000
2,58,20,184,79,1,2,1,375,500
0,54,31,191,89,2,3,1,0.0,0
0,67,22,202,85,1,5,1,2000,12000
0,67,22,194,88,1,2,1,2000,2000
0,66,24,183,86,1,2,1,1600,10000
0,61,25,185,74,1,3,1,325,1000
0,56,19,176,72,2,3,1,0.0,0
0,55,19,180,80,1,3,1,240,750
0,63,22,187,79,1,2,1,925,1000
0,63,18,189,81,1,3,1,975,500
0,65,25,183,83,1,2,1,825,500
0,62,27,186,71,1,3,1,300,500
0,65,24,178,72,1,3,1,0.0,0
0,61,20,190,78,1,3,1,625,700
0,66,24,192,83,1,3,1,1100,1000
0,66,22,187,74,1,2,1,1700,500
0,56,20,185,75,1,1,1,100,2000
0,69,24,191,82,1,3,1,1800,3000
0,64,20,190,81,1,3,1,1100,6000
0,61,23,190,70,1,3,1,550,1000
0,66,23,185,80,1,3,1,1000,3000
0,61,23,184,82,1,3,1,400,500
0,64,22,181,78,1,3,1,1100,1000
0,75,28,196,84,1,3,1,5000,800
0,60,22,165,60,1,3,1,425,500
0,68,21,187,80,1,3,1,2600,5000
0,67,20,191,73,1,3,1,2100,900
0,55,21,170,68,2,3,1,0.0,0
2,61,26,184,80,1,2,1,325,700
0,60,19,182,73,1,2,1,500,500
0,71,23,189,82,1,3,1,3600,4000
0,68,24,195,76,1,2,1,1500,16000
0,70,35,184,85,1,2,1,0.0,0
0,68,19,179,76,1,2,1,0.0,0
0,69,23,192,85,1,3,1,1600,13000
0,64,24,181,75,1,2,1,700,2000
0,68,22,189,75,1,2,1,2300,500
0,61,16,180,74,1,3,1,425,500
0,64,27,191,81,1,1,1,575,1000
0,68,27,186,78,1,3,1,1200,5000
0,65,23,189,84,1,2,1,925,1000
0,59,23,187,82,1,2,1,375,1000
0,62,18,181,83,1,1,1,800,500
0,70,24,184,79,1,2,1,2700,5000
0,65,32,184,78,1,2,1,350,500
0,62,23,185,80,1,2,1,475,1000
0,63,21,193,82,1,2,1,1000,500
0,64,37,193,88,1,2,1,0.0,0
0,62,29,191,96,1,3,1,325,1000
2,58,37,186,81,1,2,1,25,900
0,69,35,181,79,1,3,1,150,3000
0,65,29,178,75,1,2,1,500,500
0,68,21,183,73,1,2,1,2600,500
0,64,21,191,80,1,2,1,1100,2000
0,59,20,188,81,1,3,1,475,1000
0,66,24,184,81,1,2,1,1100,500
0,57,24,202,87,1,2,1,200,1000
0,65,24,190,80,1,3,1,875,500
0,69,22,189,72,1,2,1,2700,5000
0,56,30,185,85,1,2,1,110,1000
2,57,22,185,80,1,3,1,200,550
0,61,20,185,78,1,3,1,625,3000
0,68,32,187,85,1,2,1,600,500
0,61,36,186,76,1,4,1,35,500
0,73,21,192,78,1,3,1,6000,4000
0,64,31,189,85,1,2,1,0.0,0
0,62,23,192,86,1,3,1,500,1000
0,62,31,193,85,1,2,1,210,1000
0,65,31,194,93,1,3,1,0.0,0
0,67,20,192,78,1,3,1,2400,5000
0,61,29,180,82,1,3,1,200,700
2,58,22,184,78,1,3,1,350,1000
0,62,24,181,73,1,3,1,675,1000
0,58,26,189,80,1,2,1,220,1000
0,72,22,187,78,1,3,1,4100,12000
2,62,18,189,91,1,3,1,800,500
0,66,20,188,85,1,2,1,1800,4000
0,63,26,182,80,1,2,1,475,500
0,59,24,182,84,1,2,1,250,500
1,70,24,194,88,1,2,1,3100,4000
0,66,20,190,81,1,3,1,1800,500
0,62,24,182,74,1,3,1,775,950
0,62,20,190,80,1,3,1,850,900
0,72,27,191,89,1,3,1,2100,600
0,58,23,191,83,1,2,1,0.0,0
0,65,25,185,78,1,2,1,825,2000
0,69,33,181,81,1,2,1,450,500
0,62,26,190,87,1,2,1,400,850
0,68,25,183,79,1,2,1,1400,2000
0,58,19,186,87,1,3,1,425,800
0,64,32,178,75,1,3,1,300,500
0,65,22,182,78,1,1,1,1200,500
0,54,22,180,86,1,2,1,230,800
0,60,19,185,78,1,2,1,500,500
0,58,20,179,71,1,2,1,350,500
0,65,23,183,80,1,2,1,1400,2000
0,65,21,193,79,1,2,1,1500,2000
0,68,25,186,88,1,2,1,1300,4000
0,60,22,185,80,1,3,1,425,500
0,65,22,187,80,1,2,1,1200,500
0,68,27,190,84,1,2,1,1200,3000
0,64,22,183,78,1,2,1,775,8000
0,71,37,183,79,1,2,1,210,4000
0,65,25,188,83,1,2,1,675,500
0,64,24,193,87,1,2,1,675,4000
0,62,18,188,78,1,2,1,800,500
0,61,20,190,84,1,2,1,700,900
0,69,21,194,89,1,3,1,2700,5000
0,61,20,184,79,1,2,1,700,3000
0,71,31,195,90,1,3,1,1000,18000
0,66,27,190,90,1,3,1,850,500
0,76,36,187,85,3,3,1,0.0,0
0,65,25,190,79,1,1,1,875,1000
0,69,22,193,88,1,3,1,1800,8000
0,61,20,185,79,1,2,1,700,3000
0,59,23,182,84,1,1,1,425,1000
0,64,20,189,77,1,2,1,1200,950
0,55,22,178,70,1,3,1,250,2000
0,61,18,189,81,1,2,1,675,900
0,66,34,190,94,1,4,1,150,5000
0,56,19,194,83,1,2,1,300,850
0,65,22,185,78,1,3,1,1400,2000
0,59,18,191,81,1,3,1,400,500
0,60,29,195,82,1,2,1,170,1000
0,61,21,186,80,1,3,1,650,500
0,75,21,195,88,1,1,1,7500,21000
0,58,25,192,81,1,1,1,240,1000
0,60,20,180,78,1,3,1,475,500
0,66,37,191,89,1,3,1,90,6000
0,60,20,180,78,1,3,1,525,500
0,69,24,188,90,1,2,1,1500,6000
0,54,17,180,74,1,3,1,300,500
0,64,22,196,60,1,3,1,1100,6000
0,62,21,192,83,1,4,1,775,750
0,68,26,189,84,1,3,1,1300,4000
0,66,32,180,76,1,2,1,425,500
0,61,23,190,83,1,2,1,550,3000
0,67,29,184,83,1,2,1,850,500
0,60,19,181,65,1,3,1,500,2000
0,64,19,190,83,1,2,1,1200,1000
0,62,36,189,89,1,2,1,45,500
0,63,22,188,75,1,2,1,825,850
0,64,22,185,75,1,2,1,0.0,0
0,60,20,185,72,1,1,1,475,900
0,61,21,191,80,1,3,1,700,500
0,60,20,184,78,1,2,1,475,500
0,60,20,189,80,1,3,1,475,1000
0,60,20,192,75,1,3,1,525,850
0,64,22,184,79,1,3,1,1100,3000
0,59,24,180,74,1,2,1,300,850
0,57,20,188,82,1,3,1,350,700
0,61,19,187,83,1,2,1,750,500
0,61,36,186,80,1,2,1,35,500
0,58,28,187,82,1,1,1,170,800
0,65,20,190,96,1,3,1,1400,3000
0,62,20,192,76,1,2,1,850,700
0,59,21,188,78,1,3,1,450,1000
0,72,21,194,88,1,3,1,4600,4000
0,61,26,189,80,1,3,1,350,3000
0,63,21,190,77,1,2,1,1000,2000
0,57,24,188,75,1,3,1,170,2000
0,60,21,190,88,1,2,1,475,850
0,62,20,185,79,1,2,1,675,500
0,69,25,189,89,1,3,1,1700,2000
0,58,28,188,84,1,2,1,160,550
0,53,17,191,72,1,2,1,230,500
0,64,28,175,75,1,3,1,500,500
0,60,21,180,73,1,3,1,425,500
0,65,22,194,90,1,3,1,1400,2000
0,64,23,192,86,1,3,1,1100,2000
0,72,25,192,83,1,2,1,2700,24000
2,60,24,180,70,1,3,1,300,1000
0,61,24,193,81,1,2,1,625,1000
0,66,27,194,93,1,3,1,850,2000
0,63,24,192,87,1,2,1,500,950
0,62,22,189,87,1,2,1,775,2000
0,60,22,183,75,1,3,1,475,2000
0,67,23,190,77,1,2,1,2000,2000
0,61,20,192,89,1,2,1,625,700
2,69,30,196,90,1,4,1,1000,6000
0,63,33,188,82,1,3,1,160,500
0,60,22,185,82,1,2,1,475,850
0,57,16,185,80,1,5,1,475,500
0,56,21,181,75,1,2,1,300,550
0,59,21,177,74,1,3,1,450,500
0,67,22,190,82,1,3,1,2200,3000
0,61,31,193,83,1,2,1,170,5000
0,61,24,190,83,1,3,1,350,500
0,68,27,181,71,1,3,1,1300,750
0,59,23,182,77,1,2,1,425,500
0,57,25,178,70,1,3,1,200,2000
0,61,21,185,75,1,5,1,650,1000
0,67,33,187,86,1,3,1,325,500
0,65,27,188,83,1,3,1,600,4000
0,53,22,186,81,1,3,1,160,1000
0,60,20,186,75,1,2,1,475,750
0,59,32,179,78,2,3,1,0.0,0
0,65,24,184,75,1,2,1,750,500
0,60,21,190,85,1,3,1,475,500
0,56,19,183,80,1,3,1,300,650
0,63,23,192,92,1,3,1,825,1000
0,60,20,185,75,1,3,1,300,650
0,59,20,184,75,1,3,1,180,1000
0,67,24,190,86,1,3,1,1300,2000
0,67,21,188,78,1,1,1,2000,5000
0,64,22,184,84,1,5,1,725,1000
0,63,22,188,78,1,2,1,0.0,0
0,62,23,185,81,1,3,1,775,500
0,62,22,188,80,1,3,1,775,1000
1,53,22,185,84,1,3,1,70,750
0,69,30,189,92,1,3,1,925,500
2,64,29,182,77,1,3,1,400,2000
0,61,22,185,75,1,3,1,650,3000
2,62,32,186,80,1,2,1,200,750
0,65,25,189,82,1,2,1,825,650
0,54,20,187,80,1,3,1,200,1000
0,66,25,185,85,1,2,1,925,500
0,58,20,196,80,1,2,1,425,500
1,57,21,183,70,1,1,1,325,500
2,62,24,184,83,1,3,1,450,600
0,60,20,194,90,1,2,1,475,950
0,59,21,190,85,1,3,1,450,2000
0,56,18,181,79,1,2,1,300,500
0,58,20,189,77,1,3,1,375,1000
0,64,21,190,82,1,3,1,1100,800
0,63,20,196,85,1,2,1,1100,7000
0,67,21,193,79,1,2,1,2200,500
2,56,23,186,79,1,2,1,180,600
0,56,21,180,75,1,2,1,275,650
0,60,26,185,75,1,3,1,0.0,0
0,57,22,183,80,1,3,1,200,500
0,61,35,181,72,1,3,1,35,500
0,61,21,191,80,1,3,1,700,1000
0,60,29,180,77,1,1,1,200,2000
0,60,19,180,75,1,3,1,500,4000
0,65,21,193,87,1,3,1,1500,2000
0,72,39,188,83,1,1,1,250,16000
0,60,25,183,79,1,2,1,300,500
0,60,21,185,73,1,3,1,475,1000
0,64,19,192,90,1,2,1,1200,7000
0,59,21,183,75,1,2,1,450,650
0,61,18,190,93,1,2,1,675,500
0,64,19,193,92,1,3,1,1200,2000
0,61,21,185,79,1,2,1,650,700
0,66,25,191,87,1,3,1,925,3000
0,68,21,185,80,1,2,1,1000,2000
0,61,22,183,84,1,2,1,575,500
0,53,18,187,76,1,3,1,210,500
0,60,20,178,75,1,3,1,425,500
0,69,23,187,82,1,3,1,2700,5000
0,64,25,195,85,1,2,1,725,4000
0,67,32,180,87,1,3,1,500,2000
0,58,18,183,75,1,2,1,400,500
0,66,23,188,78,1,2,1,1600,500
0,53,19,195,88,1,3,1,210,550
0,52,18,180,69,1,2,1,40,500
0,62,27,179,83,1,3,1,350,500
0,65,30,182,85,1,1,1,475,500
0,58,21,184,77,1,3,1,450,500
0,59,21,178,75,1,3,1,300,500
0,59,21,184,80,1,2,1,400,500
0,69,23,188,84,1,2,1,1700,7000
0,67,25,184,81,1,3,1,1300,1000
0,62,26,189,84,1,3,1,400,500
0,55,22,188,75,1,2,1,250,1000
0,59,20,187,83,1,3,1,475,500
0,68,27,194,85,1,3,1,1000,500
0,65,27,186,84,1,3,1,700,2000
2,56,18,180,79,1,2,1,250,500
0,59,21,180,77,1,2,1,400,500
0,60,20,190,83,1,2,1,525,2000
0,53,17,186,78,1,2,1,210,500
0,53,19,185,78,1,2,1,170,650
0,62,28,186,84,1,3,1,275,500
0,56,22,194,79,1,2,1,275,650
0,59,19,180,75,1,3,1,190,500
0,55,27,190,82,1,3,1,110,1000
0,67,21,188,80,1,2,1,2000,1000
0,56,23,191,86,1,3,1,240,500
0,62,19,184,77,1,2,1,750,500
0,60,23,188,79,1,3,1,425,1000
0,55,20,188,70,1,4,1,240,500
0,59,18,182,73,1,2,1,180,500
0,58,24,188,92,1,3,1,250,550
0,60,22,187,84,1,4,1,425,550
0,64,24,185,78,1,2,1,750,1000
1,63,23,188,76,1,3,1,825,2000
0,60,20,184,79,1,2,1,475,500
0,64,19,193,77,1,3,1,1300,2000
0,53,21,187,75,1,2,1,180,500
0,56,19,185,76,1,2,1,275,850
0,52,16,194,78,1,3,1,230,500
0,62,19,190,84,1,2,1,750,500
0,64,21,190,78,1,2,1,1300,1000
0,60,19,189,82,1,3,1,575,500
0,64,30,177,77,1,2,1,400,500
0,66,23,186,74,1,3,1,1500,3000
0,69,27,192,88,1,2,1,1300,500
0,53,18,183,75,1,2,1,210,500
0,63,20,184,83,1,3,1,1000,3000
0,63,21,188,78,1,3,1,925,1000
0,62,18,188,85,1,2,1,800,700
0,63,25,184,73,1,3,1,525,500
0,55,18,184,83,1,3,1,250,500
0,57,21,196,79,1,3,1,325,650
0,61,19,198,88,1,3,1,600,600
0,64,22,188,85,1,3,1,1100,1000
0,61,23,196,85,1,2,1,550,2000
0,54,19,181,75,1,3,1,250,600
0,60,17,193,88,1,2,1,475,500
0,57,18,194,81,1,2,1,325,500
0,65,27,188,79,1,2,1,650,500
0,60,17,193,83,1,3,1,550,500
2,56,22,187,81,1,3,1,250,1000
0,60,26,188,83,1,2,1,200,500
0,61,33,182,88,1,2,1,110,1000
0,62,24,188,79,1,2,1,775,3000
0,54,19,188,66,1,3,1,220,2000
0,51,19,178,78,1,3,1,110,500
0,63,23,182,68,1,3,1,825,4000
0,67,22,175,75,1,3,1,1800,500
1,65,21,193,81,1,3,1,925,850
0,56,23,186,80,1,2,1,240,3000
0,61,23,185,79,1,2,1,550,500
0,60,22,191,75,1,2,1,475,550
0,61,21,185,85,1,2,1,650,500
0,62,19,198,86,1,2,1,750,850
0,67,20,191,84,1,3,1,1900,6000
0,62,24,181,78,1,2,1,775,2000
0,71,23,192,80,1,3,1,3600,5000
0,58,18,178,73,1,2,1,400,500
0,61,34,191,104,1,2,1,60,500
0,53,17,193,83,1,3,1,275,500
0,55,21,188,77,1,3,1,250,4000
0,61,25,188,78,1,2,1,300,900
0,58,20,180,80,1,2,1,375,500
0,62,37,180,77,1,2,1,45,500
0,65,24,198,86,1,3,1,1400,500
0,58,20,179,70,1,2,1,375,500
0,67,38,178,71,1,2,1,110,500
0,60,22,191,80,1,3,1,475,550
0,58,21,185,69,1,2,1,450,800
0,53,19,189,66,1,3,1,210,2000
0,57,20,180,70,1,2,1,300,500
0,55,19,199,87,1,2,1,250,500
0,65,27,190,82,1,1,1,650,500
0,58,18,184,70,1,2,1,450,500
0,62,20,190,85,1,3,1,925,700
0,62,21,188,86,1,1,1,850,750
0,61,20,188,73,1,2,1,700,900
0,68,26,198,88,1,3,1,1300,3000
0,67,25,194,90,1,2,1,1300,2000
0,62,22,175,70,1,3,1,775,1000
0,53,19,186,80,1,2,1,170,550
1,57,20,188,79,1,3,1,300,500
0,57,17,190,87,1,3,1,350,500
0,62,30,187,80,1,3,1,275,500
0,63,21,188,79,1,3,1,925,1000
0,61,22,188,82,1,1,1,650,500
0,62,26,185,82,1,3,1,425,2000
0,59,19,185,79,1,2,1,425,500
0,67,24,198,90,1,3,1,1200,2000
0,60,22,182,77,1,3,1,300,500
0,66,22,193,88,1,2,1,1500,4000
0,55,22,190,82,1,2,1,250,500
0,60,19,185,72,1,2,1,575,500
0,62,23,181,82,1,2,1,675,500
0,56,20,195,81,1,3,1,300,850
0,63,21,202,85,1,1,1,925,900
2,62,38,188,80,1,2,1,45,500
0,58,20,195,84,1,2,1,375,500
0,53,17,187,77,1,3,1,190,500
0,63,29,190,78,1,3,1,400,2000
0,57,22,195,92,1,3,1,275,1000
0,54,17,190,78,1,1,1,210,500
0,59,21,190,88,1,3,1,450,700
0,55,18,191,65,1,3,1,250,500
0,64,34,186,74,1,1,1,100,750
0,60,21,180,72,1,1,1,475,500
0,57,19,183,79,1,3,1,350,1000
0,53,18,181,68,1,3,1,210,500
0,55,20,188,86,1,3,1,240,1000
0,72,25,197,82,1,3,1,2900,13000
1,58,18,192,84,1,2,1,400,500
0,58,21,179,76,1,2,1,350,500
0,52,20,188,81,1,3,1,150,2000
0,66,27,197,92,1,2,1,900,2000
0,70,26,186,85,1,3,1,1700,4000
0,50,17,190,75,1,2,1,110,500
0,57,21,183,84,1,3,1,325,1000
0,63,20,194,80,1,2,1,1000,1000
0,58,22,188,83,1,3,1,400,4000
0,59,22,184,72,1,3,1,450,500
0,53,21,190,80,1,2,1,200,500
0,52,19,185,78,1,2,1,150,500
0,61,23,188,98,1,3,1,425,500
2,56,18,180,74,1,2,1,300,500
0,63,20,189,83,1,3,1,1000,2000
0,51,20,181,75,1,2,1,110,850
0,64,19,194,88,1,2,1,1100,500
0,58,21,174,79,1,2,1,275,500
0,58,21,188,82,1,2,1,275,1000
0,62,19,178,74,1,3,1,900,600
2,60,24,188,78,1,3,1,275,550
0,66,22,190,70,1,1,1,1500,4000
0,58,23,195,89,1,3,1,400,550
0,53,18,191,89,1,3,1,210,500
0,66,19,186,74,1,3,1,1600,3000
0,63,21,194,94,1,3,1,925,2000
0,60,20,174,70,1,2,1,525,500
0,57,18,194,90,1,3,1,375,500
0,60,21,184,71,1,3,1,475,1000
0,58,17,186,82,1,3,1,575,500
0,59,21,189,77,1,2,1,450,1000
0,61,23,181,78,1,3,1,400,500
0,62,22,187,83,1,2,1,775,2000
0,56,28,184,80,1,1,1,130,600
0,61,30,182,82,1,3,1,220,500
0,71,29,191,80,1,2,1,1400,500
0,60,18,184,72,1,3,1,550,900
2,56,19,187,74,1,2,1,300,500
2,61,22,200,90,1,2,1,575,750
0,54,24,187,79,1,2,1,130,1000
0,60,19,187,76,1,3,1,500,2000
0,65,24,181,70,1,2,1,1200,500
0,58,32,186,79,1,3,1,100,2000
2,57,19,187,86,1,3,1,300,500
0,64,25,191,80,1,3,1,600,7000
0,63,26,188,80,1,3,1,525,2000
0,55,20,195,82,1,2,1,275,500
0,59,21,188,81,1,2,1,450,750
0,65,26,190,82,1,2,1,775,2000
2,54,23,184,75,1,3,1,210,500
0,60,21,190,74,1,2,1,475,500
0,59,17,188,81,1,3,1,450,500
0,58,27,190,83,1,3,1,210,500
0,60,18,186,77,1,3,1,550,500
0,58,21,186,78,1,3,1,400,850
0,64,23,188,75,1,2,1,1100,10000
0,60,21,185,79,1,3,1,475,2000
0,55,27,193,86,1,2,1,130,950
0,58,17,185,80,1,1,1,0.0,0
0,60,21,180,70,1,2,1,475,500
0,58,18,189,86,1,2,1,450,500
0,55,18,188,78,1,2,1,250,500
0,60,20,185,72,1,2,1,525,700
0,58,18,180,78,1,3,1,400,500
0,61,19,183,79,1,2,1,675,500
0,64,37,178,72,1,1,1,60,500
0,67,23,186,77,1,2,1,1700,500
0,52,18,183,71,1,2,1,140,500
0,58,27,180,78,1,3,1,200,500
0,60,20,189,80,1,3,1,525,550
0,61,25,181,75,1,3,1,0.0,0
0,61,20,192,88,1,3,1,700,2000
0,64,24,196,98,1,1,1,750,500
0,63,26,187,88,1,3,1,525,500
0,58,21,188,79,1,3,1,400,3000
0,59,20,183,79,1,3,1,475,1000
0,53,19,196,70,1,2,1,80,650
0,63,31,180,74,1,2,1,250,500
0,60,21,187,87,1,3,1,475,500
0,60,22,185,73,1,2,1,425,1000
0,65,24,195,92,1,2,1,925,1000
0,58,19,188,79,1,3,1,425,500
0,60,21,185,82,1,3,1,425,500
0,54,18,185,75,1,2,1,240,500
0,53,17,191,86,1,2,1,210,500
0,58,20,189,86,1,3,1,425,900
0,59,24,190,85,1,2,1,240,1000
0,59,19,182,74,1,3,1,525,2000
0,51,17,174,70,1,3,1,60,500
0,59,17,183,75,1,3,1,400,500
0,63,23,188,79,1,3,1,925,1000
2,54,17,193,90,1,3,1,240,500
0,51,18,183,75,1,2,1,130,500
0,53,23,178,68,1,3,1,180,1000
0,61,21,188,77,1,2,1,650,500
2,61,19,185,79,1,2,1,600,600
0,63,23,182,76,1,3,1,925,4000
0,61,22,190,80,1,2,1,425,500
0,57,20,184,67,1,3,1,350,500
0,64,22,179,79,1,3,1,1000,1000
0,52,19,189,78,1,1,1,170,500
0,58,29,187,80,1,3,1,170,550
0,54,18,187,84,1,3,1,240,500
0,54,18,193,84,1,2,1,275,500
0,59,20,196,85,1,1,1,425,500
0,54,18,190,86,1,2,1,220,500
0,56,17,189,84,1,2,1,400,500
0,62,23,185,76,1,3,1,400,2000
0,60,31,183,79,1,2,1,130,2000
0,53,20,195,84,1,2,1,180,1000
0,59,21,187,72,1,2,1,450,1000
0,61,21,180,75,1,3,1,700,800
0,56,18,180,71,1,2,1,325,500
0,64,22,191,77,1,1,1,1100,1000
0,59,28,183,82,1,3,1,0.0,0
0,64,21,190,80,1,2,1,1100,4000
0,66,35,189,78,1,2,1,90,500
0,58,25,185,79,1,1,1,220,2000
0,62,17,190,77,1,2,1,875,500
0,64,21,185,81,1,3,1,1300,950
0,58,21,181,70,1,5,1,400,1000
0,56,20,186,85,1,1,1,325,500
0,58,18,184,77,1,1,1,400,500
0,58,20,184,75,1,3,1,375,1000
0,57,19,187,85,1,3,1,190,500
0,59,22,188,88,1,2,1,300,800
0,57,19,184,79,1,3,1,160,900
1,59,22,187,75,1,3,1,450,600
0,60,20,185,74,1,3,1,475,850
0,66,32,191,85,1,2,1,425,500
0,58,20,189,82,1,2,1,375,650
0,59,19,180,75,1,3,1,220,500
0,57,21,187,81,1,2,1,325,500
0,63,22,193,78,1,3,1,925,2000
0,58,19,185,78,1,2,1,425,500
0,57,22,194,88,1,5,1,325,2000
0,62,21,190,88,1,3,1,775,2000
0,55,17,185,71,1,2,1,350,500
2,59,26,183,78,1,2,1,230,650
0,53,17,184,76,1,3,1,230,500
0,53,18,188,81,1,2,1,210,500
0,54,19,180,72,1,2,1,200,500
0,53,18,190,75,1,2,1,190,500
0,63,21,195,80,1,3,1,1000,11000
0,56,18,192,82,1,2,1,325,500
0,60,22,186,76,1,2,1,475,1000
2,61,32,183,75,1,2,1,160,1000
0,62,24,190,87,1,2,1,675,500
0,64,21,193,78,1,1,1,1100,3000
0,57,21,191,82,1,2,1,325,1000
0,55,19,170,64,1,3,1,250,500
0,53,18,183,74,1,2,1,170,500
0,58,18,190,76,1,3,1,450,500
0,61,19,188,85,1,3,1,600,800
0,55,22,190,88,1,3,1,250,800
0,58,21,182,77,1,3,1,400,850
0,60,20,180,73,1,2,1,475,500
0,53,17,184,80,1,3,1,230,500
0,65,25,194,93,1,2,1,825,2000
0,57,19,190,81,1,2,1,190,500
0,59,20,187,79,1,3,1,425,2000
0,57,19,180,75,1,3,1,300,500
0,58,21,186,79,1,2,1,400,950
0,60,22,190,78,1,2,1,475,500
0,65,29,188,74,1,2,1,550,2000
0,58,18,189,74,1,4,1,450,500
0,59,18,185,79,1,2,1,450,500
1,51,16,179,72,1,3,1,100,500
0,55,19,188,77,1,3,1,300,500
0,63,23,187,80,1,3,1,575,850
0,60,23,191,81,1,3,1,425,500
0,60,20,183,87,1,2,1,525,600
0,58,29,185,83,1,3,1,160,600
0,58,22,190,80,1,3,1,400,1000
1,57,18,180,80,1,3,1,375,500
0,57,19,188,75,1,4,1,350,2000
0,52,20,184,74,1,3,1,170,2000
0,53,18,185,80,1,3,1,190,500
0,61,22,186,70,1,1,1,575,500
0,59,18,196,87,1,3,1,450,500
0,57,25,178,70,1,2,1,200,2000
0,62,21,198,80,1,3,1,850,850
0,56,24,181,73,1,3,1,170,700
0,59,20,181,78,1,3,1,475,950
0,65,25,194,85,1,2,1,825,2000
0,57,18,190,84,1,2,1,325,500
0,64,19,191,80,1,2,1,1200,800
0,63,22,197,87,1,2,1,925,1000
0,58,22,181,70,1,3,1,450,900
0,54,17,192,78,1,2,1,210,500
0,58,21,188,82,1,2,1,400,500
0,58,20,184,76,1,2,1,375,1000
0,58,17,179,70,1,2,1,350,500
0,58,18,190,77,1,3,1,450,600
0,62,22,188,78,1,3,1,700,2000
0,57,22,182,77,1,2,1,325,550
0,59,19,185,72,1,2,1,425,1000
1,56,24,181,69,1,2,1,180,500
2,63,23,193,85,1,2,1,550,2000
0,59,26,191,91,1,3,1,240,600
0,61,18,190,75,1,3,1,725,500
0,53,17,183,72,1,2,1,190,500
0,58,23,186,75,1,2,1,350,900
0,55,20,180,75,1,2,1,240,500
0,64,22,196,85,1,2,1,1100,2000
0,63,23,188,74,1,3,1,925,3000
0,56,19,202,97,1,2,1,160,2000
0,53,22,195,98,1,2,1,70,2000
0,60,21,193,95,1,2,1,475,500
0,62,21,185,84,1,3,1,850,950
0,60,23,196,84,1,2,1,250,800
0,55,27,189,80,1,2,1,130,750
0,58,38,195,90,1,2,1,25,500
0,63,25,190,86,1,2,1,500,500
0,60,23,187,75,1,3,1,475,2000
0,61,21,185,78,1,2,1,400,500
0,50,17,182,72,1,3,1,100,500
0,62,21,188,74,1,3,1,775,2000
0,63,32,180,75,1,2,1,240,500
0,54,18,188,74,1,2,1,240,500
0,57,20,180,75,1,3,1,300,700
0,59,18,195,79,1,3,1,450,500
0,62,18,190,80,1,3,1,900,500
0,56,19,178,68,1,4,1,275,500
0,60,22,178,71,1,2,1,475,500
0,57,25,181,73,1,2,1,180,2000
0,60,22,187,85,1,5,1,475,500
0,56,20,183,75,1,2,1,275,600
0,57,21,182,81,1,3,1,325,3000
0,64,19,187,75,1,2,1,1200,550
0,62,22,197,83,1,3,1,775,6000
0,57,19,187,80,1,3,1,350,500
0,55,21,198,99,1,3,1,250,500
0,59,22,183,82,1,3,1,450,500
1,53,22,193,87,1,2,1,180,700
0,56,19,186,78,1,2,1,300,500
0,55,18,186,76,1,3,1,275,500
2,56,24,185,80,1,2,1,160,1000
0,53,22,185,80,1,2,1,180,800
0,50,20,180,68,1,3,1,90,1000
0,57,21,188,70,1,3,1,350,800
0,61,18,193,76,1,2,1,725,500
0,57,23,181,76,1,2,1,100,2000
0,60,22,198,80,1,2,1,475,5000
0,59,21,181,75,1,3,1,475,950
0,65,21,192,80,1,2,1,1500,1000
0,60,32,187,85,1,3,1,130,600
0,58,20,186,75,1,2,1,0.0,0
0,59,25,196,93,1,3,1,275,1000
1,53,21,187,75,1,3,1,180,650
0,59,21,187,81,1,2,1,300,1000
0,58,21,190,83,1,3,1,450,2000
0,65,24,193,86,1,2,1,875,2000
0,56,20,177,70,1,3,1,300,850
0,55,25,191,83,1,3,1,150,1000
0,61,25,187,78,1,2,1,375,600
0,60,21,195,83,1,3,1,525,950
0,54,19,184,84,1,3,1,200,500
0,54,21,187,78,1,2,1,210,500
0,55,19,186,75,1,3,1,250,500
0,52,22,182,83,1,2,1,160,750
0,56,21,185,81,1,3,1,275,1000
0,64,24,190,87,1,2,1,675,1000
0,55,20,186,74,1,3,1,240,1000
0,53,17,189,81,1,2,1,230,500
0,57,20,188,76,1,2,1,300,2000
0,53,22,185,77,1,3,1,180,850
1,54,17,193,88,1,2,1,240,500
0,63,20,190,76,1,3,1,1000,11000
0,61,17,195,80,1,3,1,650,500
0,61,20,192,76,1,2,1,700,900
0,60,21,188,79,1,3,1,475,1000
0,58,22,190,81,1,3,1,400,500
0,60,26,191,72,1,3,1,275,2000
1,50,21,196,88,1,3,1,100,1000
0,61,21,194,83,1,2,1,650,1000
1,54,24,191,89,1,2,1,210,800
0,55,20,192,85,1,1,1,240,500
0,52,20,185,73,1,3,1,180,600
0,55,23,185,76,1,2,1,240,1000
0,59,19,184,78,1,3,1,275,750
0,60,20,178,70,1,2,1,475,500
0,50,25,185,78,1,3,1,60,2000
0,61,22,192,85,1,3,1,0.0,0
0,60,22,192,88,1,3,1,475,1000
0,55,18,180,83,1,1,1,250,500
0,53,18,185,75,1,2,1,100,500
0,55,21,185,84,1,2,1,250,1000
0,60,30,196,86,1,2,1,160,2000
0,59,24,189,85,1,3,1,300,2000
0,63,21,199,78,1,2,1,450,2000
0,60,23,196,87,1,2,1,475,1000
0,62,26,192,84,1,2,1,450,1000
0,58,19,190,76,1,2,1,425,1000
0,52,19,183,76,1,2,1,150,500
0,60,27,190,82,1,2,1,240,500
2,55,20,189,80,1,3,1,240,500
0,54,20,188,84,1,3,1,230,1000
0,57,18,191,86,1,1,1,400,1000
0,62,21,188,82,1,2,1,775,750
0,59,22,195,85,1,2,1,450,2000
1,57,25,198,85,1,2,1,190,500
0,58,21,200,93,1,2,1,400,550
0,57,23,188,88,1,2,1,275,850
0,55,18,188,76,1,2,1,250,500
0,61,21,199,95,1,2,1,650,2000
1,60,28,188,71,1,2,1,210,1000
0,58,18,197,84,1,3,1,450,500
0,66,20,187,72,1,3,1,1600,7000
0,62,19,186,78,1,2,1,650,750
0,61,23,198,91,1,2,1,625,1000
1,54,22,193,78,1,3,1,140,1000
0,52,18,186,74,1,2,1,180,500
2,54,22,184,86,1,2,1,130,850
1,53,19,191,87,1,3,1,170,500
0,56,24,184,80,1,3,1,160,1000
1,50,22,182,77,1,2,1,60,950
2,58,22,190,86,1,2,1,400,550
0,55,19,191,84,1,3,1,250,550
0,55,20,185,75,1,3,1,275,550
1,49,20,192,90,1,3,1,80,800
2,54,17,189,84,1,2,1,240,500
0,57,20,185,75,1,1,1,350,550
0,58,21,195,87,1,2,1,400,500
0,61,19,188,78,1,2,1,600,500
0,59,20,193,82,1,3,1,375,500
0,62,23,200,88,1,2,1,775,500
0,52,19,190,73,1,3,1,180,500
0,56,18,185,77,1,3,1,325,550
0,56,19,196,84,1,2,1,325,500
0,57,17,190,81,1,2,1,350,500
0,57,18,190,71,1,3,1,375,500
0,54,20,188,84,1,1,1,230,600
0,53,18,188,82,1,2,1,210,500
0,63,18,190,77,1,2,1,975,500
0,57,17,188,72,1,3,1,325,500
0,52,19,185,82,1,1,1,170,500
0,55,19,193,85,1,2,1,240,550
0,59,19,183,79,1,3,1,575,1000
0,58,19,190,75,1,3,1,425,550
0,59,29,183,82,1,3,1,150,1000
0,51,18,193,76,1,2,1,130,500
0,60,27,190,78,1,2,1,250,2000
0,53,21,185,82,1,2,1,120,500
0,58,29,191,84,1,2,1,140,1000
0,55,18,185,80,1,3,1,250,500
0,56,20,190,85,1,2,1,275,550
0,59,30,184,80,1,2,1,150,2000
0,56,19,187,76,1,3,1,300,4000
0,62,35,191,94,1,2,1,45,500
0,53,18,178,68,1,2,1,190,500
0,57,27,178,80,1,2,1,80,600
0,52,18,180,75,1,2,1,160,500
0,57,19,191,82,1,3,1,375,2000
0,56,20,182,71,1,3,1,275,750
0,57,17,187,78,1,4,1,325,500
1,57,24,185,77,1,2,1,325,800
0,61,21,190,83,1,1,1,650,500
0,61,24,193,78,1,2,1,375,950
0,54,17,180,76,1,3,1,210,500
0,57,20,187,76,1,1,1,350,1000
1,54,21,185,75,1,3,1,230,1000
0,51,19,179,66,1,3,1,110,650
0,54,19,185,82,1,3,1,220,500
0,53,18,183,70,1,3,1,210,1000
0,57,19,192,80,1,3,1,190,500
0,60,20,202,80,1,2,1,475,500
0,50,17,191,76,1,2,1,100,500
1,51,18,181,71,1,2,1,120,500
0,56,19,187,83,1,3,1,325,1000
0,53,23,180,77,1,1,1,120,800
0,60,20,188,92,1,3,1,525,550
0,57,20,185,78,1,3,1,300,650
0,61,20,191,76,1,3,1,700,4000
0,56,18,194,83,1,2,1,350,500
0,56,19,200,84,1,2,1,325,4000
0,56,19,196,89,1,3,1,300,500
0,53,23,185,80,1,4,1,110,500
0,59,21,178,79,1,2,1,450,2000
0,53,16,189,70,1,2,1,190,500
0,60,20,191,82,1,3,1,475,1000
0,57,22,183,80,1,3,1,325,1000
0,63,18,193,94,1,2,1,975,700
0,54,22,188,76,1,2,1,210,2000
0,52,19,184,78,1,2,1,180,800
0,56,17,200,92,1,2,1,325,500
0,59,19,193,84,1,2,1,525,2000
0,59,21,186,79,1,2,1,450,500
0,59,22,183,74,1,2,1,475,1000
0,55,18,194,77,1,2,1,250,500
1,54,21,192,85,1,2,1,230,500
0,63,23,185,80,1,3,1,0.0,0
0,55,18,185,73,1,3,1,275,500
0,58,20,190,80,1,2,1,375,3000
0,55,20,191,79,1,1,1,275,750
0,57,19,187,82,1,1,1,375,500
0,50,22,182,80,1,2,1,90,3000
0,55,17,184,74,1,3,1,275,500
0,52,19,188,80,1,2,1,170,600
0,58,30,190,87,1,2,1,150,850
0,54,20,175,72,1,1,1,180,500
0,59,21,194,85,1,2,1,400,1000
0,57,30,186,81,1,3,1,110,2000
0,55,19,187,79,1,2,1,250,500
0,62,24,193,78,1,2,1,475,500
0,54,20,183,70,1,3,1,200,550
0,57,21,186,90,1,3,1,275,500
1,61,26,191,81,1,2,1,300,2000
0,63,19,191,73,1,3,1,1000,700
0,56,19,194,92,1,3,1,160,2000
0,54,20,193,79,1,3,1,250,1000
0,52,18,191,84,1,1,1,180,500
0,62,21,190,80,1,2,1,775,2000
0,53,20,182,76,1,2,1,180,2000
0,51,19,186,74,1,3,1,110,500
0,60,19,180,70,1,2,1,575,500
0,55,22,201,103,1,3,1,250,1000
0,57,19,186,81,1,2,1,350,500
0,51,20,188,82,1,3,1,110,500
0,55,22,194,85,1,2,1,250,500
0,51,16,185,78,1,2,1,120,500
0,57,17,184,77,1,2,1,400,500
0,57,22,184,74,1,3,1,325,700
0,53,21,184,80,1,2,1,200,2000
0,57,21,186,75,1,2,1,325,500
0,53,21,197,91,1,2,1,180,500
0,59,24,194,86,1,2,1,275,2000
1,54,24,182,78,1,1,1,210,500
1,51,21,175,68,1,1,1,80,700
0,58,18,195,80,1,2,1,400,500
1,55,20,187,78,1,3,1,275,850
0,60,21,193,94,1,2,1,325,3000
0,58,19,190,77,1,3,1,425,700
0,52,18,180,78,1,1,1,180,500
2,57,19,190,72,1,2,1,350,500
0,55,29,183,73,1,2,1,90,500
0,57,21,199,95,1,2,1,325,850
0,53,20,186,67,1,2,1,180,3000
1,54,29,185,80,1,2,1,70,500
0,56,23,196,97,1,2,1,240,850
0,57,17,186,75,1,2,1,350,500
0,59,23,189,91,1,2,1,375,500
0,53,16,195,85,1,3,1,230,500
1,51,21,183,78,1,2,1,70,650
0,56,19,190,80,1,3,1,325,900
0,55,21,189,75,1,3,1,275,1000
0,58,21,179,71,1,2,1,400,1000
0,56,28,184,74,1,3,1,120,3000
0,61,19,189,82,1,3,1,675,500
0,53,17,184,75,1,2,1,210,500
0,58,19,179,78,1,2,1,425,500
0,56,18,198,93,1,3,1,325,500
0,55,18,195,75,1,2,1,275,500
0,52,19,194,84,1,3,1,170,500
0,53,18,196,91,1,2,1,210,500
0,53,20,182,75,1,2,1,180,500
0,61,27,192,86,1,3,1,300,500
0,52,21,188,77,1,3,1,170,2000
0,54,18,182,70,1,2,1,240,500
0,50,20,181,72,1,2,1,110,2000
0,55,17,182,75,1,3,1,300,500
0,55,24,195,89,1,2,1,130,500
0,58,20,194,80,1,2,1,375,500
0,50,21,185,70,1,2,1,90,500
0,54,18,189,84,1,3,1,240,500
0,62,23,194,88,1,2,1,500,1000
0,60,22,190,77,1,3,1,475,2000
0,55,17,182,68,1,2,1,250,500
0,52,17,185,67,1,3,1,170,500
0,60,19,195,85,1,2,1,450,500
0,51,22,191,86,1,1,1,110,800
0,56,22,182,75,1,2,1,110,500
0,53,30,182,82,1,1,1,60,500
0,54,21,185,64,1,2,1,210,500
0,62,26,186,82,1,2,1,375,500
0,54,21,177,72,1,1,1,210,500
0,54,20,185,87,1,1,1,200,650
0,52,16,180,64,1,2,1,160,500
0,55,21,184,75,1,3,1,275,500
0,53,23,183,70,1,3,1,180,2000
0,58,21,184,78,1,3,1,400,2000
0,55,18,180,75,1,2,1,250,500
0,53,19,182,70,1,2,1,170,650
0,59,24,188,88,1,1,1,425,850
0,52,22,179,69,1,3,1,100,2000
0,56,18,189,77,1,2,1,250,500
0,59,18,186,90,1,2,1,450,500
1,52,21,183,75,1,3,1,140,600
2,58,21,183,76,1,2,1,400,800
0,54,19,189,75,1,3,1,220,1000
0,55,18,185,75,1,2,1,250,500
0,57,20,189,81,1,3,1,300,750
0,51,18,194,76,1,3,1,130,500
0,53,21,186,80,1,2,1,180,850
0,61,23,183,79,1,1,1,625,500
0,60,21,191,84,1,2,1,525,2000
0,49,19,181,74,1,3,1,90,1000
0,54,24,190,83,1,2,1,180,600
0,52,17,180,75,1,4,1,170,500
0,50,18,194,84,1,2,1,100,500
0,57,21,192,82,1,3,1,275,550
1,50,21,185,75,1,3,1,100,500
0,61,18,191,89,1,2,1,725,500
0,55,19,185,76,1,3,1,250,500
0,55,22,187,75,1,2,1,250,600
0,57,22,190,80,1,2,1,325,500
0,57,22,195,91,1,1,1,210,550
1,51,23,185,75,1,3,1,110,1000
0,51,18,189,69,1,2,1,110,500
0,54,17,174,72,1,2,1,240,500
1,54,22,191,79,1,3,1,210,1000
0,60,21,180,71,1,2,1,475,500
1,53,19,187,82,1,3,1,90,500
0,52,22,191,81,1,2,1,160,500
0,55,18,187,90,1,3,1,275,500
0,49,16,189,70,1,1,1,100,500
0,57,20,195,80,1,3,1,140,850
0,53,18,189,80,1,3,1,210,1000
0,53,18,180,75,1,3,1,170,500
1,50,21,184,75,1,3,1,100,500
1,52,21,186,75,1,3,1,140,800
0,59,19,190,82,1,2,1,525,2000
0,53,18,192,81,1,2,1,210,500
0,55,18,186,76,1,2,1,275,500
0,57,27,188,78,1,2,1,170,600
0,57,22,188,70,1,3,1,210,500
0,56,20,190,93,1,2,1,275,1000
0,56,22,182,80,1,3,1,250,500
0,53,18,190,76,1,2,1,230,500
0,56,19,189,72,1,3,1,300,550
0,59,21,186,81,1,2,1,475,2000
0,60,27,197,90,1,2,1,240,2000
0,63,19,194,95,1,2,1,900,900
0,56,22,186,80,1,3,1,250,850
0,52,20,188,73,1,2,1,170,500
0,52,19,184,76,1,3,1,180,500
0,57,43,187,85,1,3,1,20,500
0,52,18,185,78,1,2,1,160,500
1,49,21,197,92,1,3,1,80,1000
0,54,18,182,74,1,2,1,240,500
0,62,20,190,81,1,2,1,925,950
0,53,19,181,73,1,2,1,210,650
0,58,21,194,79,1,2,1,450,5000
0,56,17,190,80,1,2,1,275,500
0,55,17,192,70,1,2,1,250,500
0,56,19,194,80,1,3,1,325,500
0,52,20,181,70,1,2,1,150,800
0,61,22,187,76,1,3,1,400,950
0,61,22,187,73,1,2,1,650,500
0,55,19,193,76,1,2,1,240,500
0,55,18,178,75,1,3,1,250,500
0,57,19,186,77,1,2,1,350,550
0,55,19,191,64,1,1,1,300,500
0,51,21,184,72,1,3,1,130,2000
0,63,21,192,83,1,2,1,925,3000
0,53,20,192,80,1,1,1,200,1000
0,53,18,188,77,1,3,1,100,500
1,52,28,183,80,1,2,1,70,500
0,55,22,195,86,1,3,1,250,1000
0,51,22,188,70,1,3,1,110,2000
0,58,20,191,70,1,3,1,425,650
0,55,19,195,87,1,4,1,250,500
0,60,22,194,80,1,3,1,425,3000
0,55,22,191,83,1,2,1,250,1000
1,59,27,193,86,1,3,1,210,2000
0,49,20,185,85,1,2,1,90,750
0,64,17,190,88,1,3,1,1200,500
0,57,18,187,77,1,3,1,325,500
1,50,23,188,72,1,3,1,90,900
1,54,22,183,80,1,3,1,210,500
1,54,23,184,80,1,3,1,210,550
0,56,23,193,85,1,3,1,240,500
0,52,20,198,97,1,2,1,170,2000
0,51,16,179,75,1,2,1,70,500
0,53,19,179,75,1,2,1,190,500
1,51,17,185,72,1,2,1,120,500
0,59,29,190,88,1,1,1,150,650
0,55,19,185,75,1,3,1,110,500
0,58,18,190,76,1,3,1,500,500
1,53,21,191,86,1,2,1,180,500
0,60,20,193,80,1,2,1,525,4000
0,52,19,189,85,1,2,1,150,600
0,57,20,188,77,1,2,1,300,700
0,54,19,185,72,1,2,1,250,1000
0,59,21,190,84,1,2,1,450,1000
0,54,19,185,75,1,1,1,220,500
0,53,19,190,93,1,3,1,210,600
0,54,19,185,77,1,3,1,220,500
0,51,17,180,74,1,2,1,170,500
0,55,19,190,85,1,3,1,240,500
0,53,16,188,78,1,3,1,275,500
1,50,20,190,78,1,2,1,90,750
0,53,21,183,75,1,3,1,200,1000
0,56,20,187,80,1,2,1,300,2000
0,49,21,186,76,1,3,1,90,500
0,54,16,185,75,1,3,1,240,500
0,53,22,185,68,1,3,1,200,1000
0,54,19,185,71,1,2,1,250,700
1,50,22,181,80,1,2,1,90,500
0,54,17,197,83,1,3,1,240,500
0,54,24,188,79,1,1,1,120,800
0,53,20,173,73,1,3,1,180,600
1,57,34,194,86,1,3,1,30,2000
1,48,20,183,70,1,3,1,100,500
0,62,24,196,92,1,3,1,500,750
0,54,19,188,75,1,2,1,200,500
0,57,21,184,76,1,2,1,325,2000
0,54,21,187,83,1,2,1,90,500
0,52,17,189,77,1,2,1,230,500
0,51,20,184,89,1,1,1,70,500
1,53,22,192,85,1,3,1,180,650
0,57,19,186,70,1,3,1,350,650
0,54,20,196,82,1,2,1,230,650
0,57,19,184,80,1,2,1,350,750
0,52,19,187,74,1,2,1,170,500
0,52,17,185,83,1,2,1,120,500
0,52,17,172,69,1,2,1,80,500
0,58,22,187,80,1,2,1,400,1000
0,53,19,183,70,1,3,1,170,800
0,58,24,194,79,1,3,1,250,550
0,53,18,190,82,1,2,1,210,500
0,52,16,185,82,1,2,1,140,500
0,50,28,180,74,1,3,1,35,1000
0,54,21,194,85,1,2,1,210,600
0,59,20,186,84,1,2,1,425,2000
0,54,18,187,76,1,3,1,240,500
0,52,18,186,85,1,2,1,180,500
1,52,26,178,70,1,2,1,90,500
0,54,21,198,87,1,4,1,210,650
0,51,18,180,70,1,2,1,110,500
1,50,21,188,78,1,1,1,90,700
0,51,19,187,78,1,3,1,70,500
1,54,28,177,75,1,2,1,90,500
1,49,18,185,68,1,3,1,90,500
0,59,20,193,79,1,2,1,475,2000
1,52,17,187,77,1,3,1,170,500
0,57,19,202,85,1,3,1,375,500
0,50,18,194,86,1,3,1,100,500
0,56,18,190,80,1,3,1,325,500
0,52,16,182,70,1,2,1,190,500
0,53,18,188,78,1,3,1,210,500
0,55,18,186,74,1,4,1,250,500
0,58,20,188,88,1,2,1,375,2000
0,52,20,185,78,1,2,1,170,850
0,55,19,190,68,1,2,1,250,500
0,56,23,187,75,1,2,1,180,2000
0,51,22,176,77,1,3,1,130,500
0,55,20,192,80,1,3,1,275,500
0,51,26,183,75,1,3,1,70,1000
1,52,17,185,70,1,1,1,170,500
0,55,18,182,75,1,2,1,250,500
0,55,23,190,79,1,3,1,240,1000
0,53,18,190,68,1,2,1,230,500
0,53,19,185,83,1,1,1,170,900
1,52,21,193,85,1,3,1,160,900
0,60,21,192,84,1,3,1,525,850
0,54,19,175,75,1,1,1,250,500
0,56,20,191,82,1,3,1,300,1000
0,55,19,187,82,1,2,1,300,1000
0,56,21,185,75,1,3,1,300,500
0,54,20,188,79,1,2,1,230,2000
0,55,20,197,82,1,2,1,275,1000
0,58,20,176,70,1,2,1,375,500
0,54,18,199,84,1,5,1,220,500
0,52,21,193,88,1,2,1,160,850
0,55,20,196,76,1,2,1,300,5000
0,57,22,198,81,1,2,1,325,5000
0,52,18,189,82,1,2,1,140,500
1,60,31,192,80,1,3,1,130,1000
0,53,19,185,78,1,3,1,190,500
0,56,20,201,88,1,2,1,300,650
0,55,18,186,80,1,3,1,275,500
0,52,19,193,81,1,1,1,90,500
0,56,17,196,76,1,2,1,325,500
1,51,18,182,74,1,2,1,130,500
0,55,20,192,82,1,2,1,275,2000
0,50,27,187,77,1,2,1,40,1000
0,52,19,179,75,1,3,1,180,500
0,54,17,186,88,1,3,1,240,500
0,52,20,182,76,1,2,1,180,950
0,56,17,189,82,1,3,1,325,500
0,57,20,188,78,1,2,1,350,500
0,59,19,192,78,1,2,1,425,750
0,52,25,180,75,1,3,1,80,2000
0,56,19,188,84,1,3,1,300,500
0,55,19,189,75,1,3,1,250,500
1,53,19,193,82,1,3,1,210,500
0,53,20,182,75,1,3,1,200,1000
0,55,22,192,86,1,3,1,275,2000
0,56,19,193,84,1,2,1,300,500
0,51,16,182,76,1,3,1,70,500
0,55,20,192,79,1,2,1,275,900
1,55,22,188,78,1,2,1,250,1000
0,52,18,189,78,1,2,1,70,500
0,50,17,184,72,1,2,1,50,500
1,49,20,185,75,1,3,1,90,500
0,54,19,191,90,1,2,1,275,3000
0,56,18,190,83,1,3,1,325,500
0,53,17,187,75,1,2,1,210,500
1,53,22,195,80,1,1,1,180,500
0,51,20,182,76,1,2,1,110,2000
1,50,19,183,75,1,2,1,110,500
0,52,18,183,77,1,3,1,160,500
1,52,20,178,80,1,2,1,170,500
0,53,18,182,74,1,2,1,100,500
1,48,21,182,70,1,2,1,60,800
0,50,17,179,82,1,2,1,90,500
0,57,19,192,80,1,3,1,350,600
0,50,27,192,78,1,2,1,50,1000
0,55,18,188,82,1,2,1,275,550
0,53,17,184,75,1,2,1,190,500
0,57,23,198,80,1,3,1,275,800
1,53,25,197,87,1,1,1,110,1000
0,49,18,183,79,1,2,1,100,500
1,58,26,184,85,1,2,1,190,550
1,52,22,193,80,1,3,1,140,1000
0,56,23,190,86,1,2,1,240,500
0,57,29,188,82,1,2,1,140,650
0,58,20,192,77,1,2,1,375,1000
0,51,18,183,71,1,2,1,110,500
0,55,21,190,83,1,3,1,250,1000
0,52,18,182,70,1,3,1,180,500
0,51,20,185,75,1,2,1,140,1000
0,51,34,185,83,1,2,1,10,2000
0,50,17,194,85,1,3,1,100,500
0,50,18,186,75,1,2,1,100,500
1,49,17,182,72,1,3,1,90,500
0,51,18,188,75,1,2,1,130,500
0,61,21,190,95,1,2,1,650,500
0,52,16,193,67,1,2,1,230,500
0,60,22,187,82,1,2,1,425,800
0,54,20,195,90,1,2,1,250,1000
0,58,20,178,70,1,2,1,375,650
0,53,20,188,75,1,3,1,160,500
2,54,17,182,81,1,2,1,240,500
0,52,20,189,81,1,2,1,170,600
0,50,17,185,71,1,2,1,90,500
1,48,19,192,88,1,3,1,100,500
0,56,18,190,77,1,2,1,300,500
0,55,18,190,80,1,3,1,230,500
0,51,18,180,78,1,3,1,60,500
0,54,18,175,75,1,1,1,220,500
0,51,21,196,92,1,3,1,110,1000
1,49,20,184,80,1,3,1,80,750
0,60,18,194,71,1,3,1,700,500
0,54,20,193,73,1,4,1,230,650
0,54,22,183,75,1,2,1,210,800
0,51,18,194,85,1,3,1,120,500
0,52,21,185,73,1,3,1,160,600
1,48,19,183,84,1,3,1,100,500
0,52,18,185,75,1,2,1,90,500
0,50,20,185,70,1,2,1,90,900
0,49,21,177,71,1,3,1,90,1000
0,50,20,184,68,1,3,1,100,1000
0,51,17,191,70,1,3,1,60,500
0,58,25,198,82,1,2,1,240,2000
1,56,18,190,78,1,2,1,300,500
0,52,17,185,75,1,2,1,140,500
0,53,19,198,88,1,2,1,170,550
0,51,17,190,76,1,3,1,120,500
1,50,20,180,70,1,2,1,90,500
1,51,21,189,77,1,3,1,70,800
0,56,20,190,75,1,2,1,275,800
1,46,20,182,80,1,2,1,90,500
1,48,20,187,80,1,2,1,100,500
0,57,20,188,80,1,3,1,300,1000
1,51,23,188,75,1,3,1,110,500
0,50,17,190,84,1,2,1,90,500
0,51,18,191,81,1,2,1,120,500
0,54,19,189,75,1,2,1,220,500
1,50,16,198,88,1,3,1,90,500
1,52,22,193,75,1,2,1,170,1000
1,53,25,194,90,1,2,1,100,500
0,49,18,185,65,1,3,1,100,500
0,54,20,188,81,1,3,1,200,1000
0,50,18,186,81,1,2,1,80,500
0,51,18,183,80,1,2,1,110,500
0,53,19,185,81,1,3,1,90,600
0,50,19,185,73,1,2,1,100,500
0,52,18,188,83,1,2,1,180,500
0,52,18,188,78,1,1,1,180,500
0,50,24,182,76,1,3,1,60,500
0,50,17,180,73,1,3,1,100,500
1,52,31,178,73,1,2,1,40,500
1,52,23,187,80,1,3,1,50,550
0,49,20,179,75,1,3,1,100,2000
1,56,19,189,87,1,2,1,300,500
0,51,18,180,74,1,3,1,90,500
0,54,20,203,89,1,2,1,250,2000
0,54,21,190,77,1,2,1,230,700
1,53,25,185,83,1,1,1,100,1000
0,55,21,186,75,1,2,1,250,1000
0,53,19,185,70,1,2,1,210,500
0,55,21,193,93,1,2,1,275,2000
0,52,18,187,72,1,3,1,180,500
0,58,20,192,80,1,2,1,425,1000
0,51,18,187,76,1,3,1,120,500
0,51,20,179,70,1,3,1,40,500
0,55,21,194,85,1,3,1,275,1000
0,50,19,186,78,1,2,1,110,500
0,53,17,183,68,1,2,1,190,500
0,58,20,197,84,1,1,1,425,500
1,50,18,189,81,1,3,1,80,500
0,51,18,186,80,1,3,1,120,500
0,51,19,184,75,1,3,1,120,500
0,56,21,193,79,1,2,1,275,650
1,51,21,186,80,1,2,1,80,1000
1,50,24,194,83,1,3,1,60,900
0,50,18,195,95,1,2,1,130,500
0,50,19,186,74,1,3,1,45,1000
0,54,19,187,78,1,3,1,250,1000
0,55,19,186,76,1,3,1,250,500
1,48,20,183,72,1,3,1,60,1000
1,50,23,187,70,1,3,1,80,500
0,54,23,190,87,1,2,1,210,5000
0,50,16,182,70,1,3,1,50,500
0,53,28,190,98,1,3,1,70,1000
0,51,17,188,83,1,2,1,120,500
0,48,17,180,76,1,2,1,80,500
0,50,20,181,73,1,2,1,100,1000
0,56,22,190,84,1,3,1,190,850
0,56,19,198,84,1,3,1,300,550
0,56,22,179,70,1,2,1,275,1000
0,47,16,185,74,1,1,1,130,500
1,49,19,188,80,1,2,1,110,500
0,54,18,185,75,1,3,1,220,500
1,50,20,189,85,1,2,1,80,950
0,57,18,186,73,1,3,1,375,500
1,50,18,188,76,1,1,1,80,500
1,50,21,188,83,1,3,1,60,700
0,49,19,188,75,1,1,1,100,550
1,49,19,183,74,1,2,1,80,900
0,53,17,194,85,1,3,1,210,500
0,53,18,186,75,1,1,1,210,500
0,52,20,191,80,1,2,1,170,1000
0,53,19,185,72,1,2,1,170,500
1,48,21,184,78,1,2,1,90,500
0,51,18,191,77,1,2,1,170,500
0,52,16,193,82,1,3,1,80,500
0,51,18,188,70,1,3,1,120,500
0,50,16,176,72,1,2,1,130,500
0,53,20,188,70,1,2,1,220,600
0,54,18,190,78,1,3,1,220,500
0,51,17,190,80,1,3,1,140,500
1,49,18,190,89,1,2,1,90,500
0,55,18,197,82,1,3,1,250,500
1,49,22,182,78,1,2,1,90,500
0,55,24,192,86,1,1,1,150,500
1,54,20,187,80,1,3,1,200,500
1,48,18,186,78,1,3,1,90,500
0,55,17,187,74,1,2,1,90,500
0,53,20,191,90,1,2,1,180,600
0,50,18,193,86,1,3,1,100,500
0,59,19,192,83,1,3,1,525,750
0,52,24,173,67,1,2,1,90,500
0,52,18,187,81,1,2,1,160,600
1,47,22,181,74,1,3,1,90,500
0,50,17,191,75,1,3,1,90,500
0,51,18,180,74,1,3,1,130,500
0,52,16,186,75,1,2,1,190,500
0,51,30,192,88,1,3,1,40,1000
0,50,17,190,72,1,2,1,130,500
0,52,28,188,82,1,2,1,60,1000
0,50,20,187,76,1,2,1,100,600
0,50,18,188,88,1,3,1,100,500
1,48,22,193,82,1,2,1,90,550
1,50,17,183,75,1,2,1,80,500
0,54,18,185,75,1,2,1,220,500
0,48,19,187,78,1,2,1,60,500
0,50,22,193,82,1,1,1,80,4000
0,56,19,185,79,1,2,1,275,900
0,52,18,194,72,1,3,1,180,500
0,57,18,189,72,1,2,1,325,500
1,50,18,184,74,1,1,1,100,500
1,54,19,196,75,1,3,1,250,900
0,55,19,195,83,1,2,1,250,750
1,51,21,199,85,1,3,1,130,1000
1,49,20,185,78,1,3,1,100,500
0,52,17,193,83,1,2,1,230,500
0,51,16,182,69,1,2,1,120,500
0,51,21,191,80,1,2,1,100,950
0,55,18,185,73,1,3,1,250,500
0,51,21,185,85,1,2,1,130,800
0,53,20,195,80,1,3,1,220,2000
0,56,20,192,80,1,1,1,275,800
0,51,19,192,86,1,3,1,120,550
0,48,16,187,76,1,2,1,130,500
0,51,19,193,88,1,3,1,130,700
1,50,20,185,70,1,1,1,90,500
0,50,31,181,71,1,2,1,25,2000
0,52,26,187,90,1,3,1,90,500
0,50,22,191,82,1,3,1,50,1000
1,49,27,182,74,1,1,1,45,500
0,51,30,192,87,1,3,1,40,750
0,50,17,192,81,1,2,1,110,500
1,49,20,190,81,1,3,1,100,1000
0,54,28,190,83,1,2,1,80,5000
0,43,33,184,79,1,3,1,0.0,0
1,50,17,193,80,1,3,1,100,500
0,52,24,192,80,1,2,1,90,500
0,50,20,187,73,1,2,1,90,500
0,54,18,194,76,1,3,1,240,500
1,48,25,192,83,1,3,1,60,850
1,50,25,192,84,1,3,1,50,1000
0,53,19,193,82,1,3,1,190,1000
1,50,27,183,79,1,2,1,45,500
0,52,21,190,86,1,3,1,160,500
0,50,17,187,77,1,2,1,90,500
1,48,16,189,82,1,1,1,90,500
0,50,19,195,84,1,3,1,110,2000
1,50,20,187,80,1,3,1,80,700
1,52,26,195,82,1,1,1,90,1000
0,51,18,190,85,1,1,1,60,500
0,53,20,191,80,1,4,1,180,1000
0,49,16,180,70,1,2,1,90,500
0,50,15,190,77,1,2,1,130,500
1,47,17,192,80,1,3,1,90,500
1,51,16,187,75,1,2,1,120,500
0,55,20,194,86,1,2,1,240,550
1,46,22,182,73,1,3,1,90,500
1,50,18,192,72,1,2,1,90,500
0,50,22,190,78,1,1,1,90,800
0,50,16,187,82,1,1,1,100,500
1,50,23,194,80,1,3,1,80,550
1,49,17,180,70,1,2,1,80,500
0,52,20,190,75,1,2,1,150,900
0,50,30,189,88,1,2,1,30,1000
0,51,19,194,82,1,2,1,120,500
1,50,19,192,70,1,3,1,100,500
0,52,19,188,81,1,3,1,150,500
1,51,32,186,78,1,2,1,30,2000
0,52,18,190,70,1,2,1,180,500
0,51,20,195,80,1,2,1,110,850
0,54,17,186,78,1,3,1,210,500
1,48,19,190,78,1,3,1,100,500
1,48,17,195,84,1,2,1,100,500
0,51,25,190,82,1,2,1,70,2000
0,50,18,187,79,1,2,1,90,500
0,50,20,186,78,1,2,1,90,500
